{
  "portraitScale": 1.6,
  "portraitTranslation": [-0.6, 0.6, 0.0],
  "profileScale": 0.7,
  "profileTranslation": [0.0, 0.6, 0.0],
  "head": "head",
    "poses": {
      "standing": {
        "poseName": "standing",
        "transformTicks": 10,
        "poseTypes": ["STAND", "NONE", "FLOAT", "SWIM", "PORTRAIT", "PROFILE", "FLOAT"],
        "animations": [
          "look",
          "bedrock(dvaarak, ground_idle)"
        ]
      },
      "walking": {
        "poseName": "walking",
        "transformTicks": 10,
        "poseTypes": ["WALK"],
        "animations": [
          "look",
          "bedrock(dvaarak, ground_walk)"
        ]
      }
    }
}