{
  "implemented": true,
  "name": "cacturnex",
  "nationalPokedexNumber": 332,
  "primaryType": "grass",
  "secondaryType": "ghost",
  "abilities": [
    "ironbarbs",
    "h:cursedbody"
  ],
  "baseStats": {
    "hp": 125,
    "attack": 115,
    "defence": 70,
    "special_attack": 60,
    "special_defence": 65,
    "speed": 40
  },
  "behaviour": {
    "resting": {
        "canSleep": true,
        "willSleepOnBed": false,        "depth": "normal",
        "light": "0-6"
    },
    "moving": {
        "fly": {
            "canFly": false
        },
        "canLook": true,
        "walk": {
            "canWalk": true,
            "avoidsLand": false
        },
        "swim": {
            "swimSpeed": 0.1,
            "canSwimInWater": true,
            "canBreatheUnderwater": false
        },
        "wanderChance": 1.0
    }
  },
  "catchRate": 60,
  "maleRatio": 0.5,
  "shoulderMountable": false,
  "baseExperienceYield": 166,
  "experienceGroup": "slow",
  "eggCycles": 39,
  "eggGroups": [
    "undiscovered"
  ],
  "moves": [
    "1:trickroom",
    "1:spikyshield",
    "1:absorb",
    "1:spore",
    "1:acupressure",
    "1:destinybond",
    "1:revenge",
    "1:leer",
    "1:poisonsting",
    "4:absorb",
    "7:acupressure",
    "10:astonish",
    "13:curse",
    "16:needlearm",
    "19:pursuit",
    "22:ingrain",
    "26:shadowpunch",
    "30:spikes",
    "34:shadowsneak",
    "38:pinmissile",
    "44:energyball",
    "49:grudge",
    "54:meanlook",
    "59:destinybond",
    "tm:toxic",
    "tm:hiddenpower",
    "tm:hyperbeam",
    "tm:protect",
    "tm:solarbeam",
    "tm:return",
    "tm:shadowball",
    "tm:brickbreak",
    "tm:doubleteam",
    "tm:facade",
    "tm:rest",
    "tm:attract",
    "tm:round",
    "tm:focusblast",
    "tm:energyball",
    "tm:fling",
    "tm:brutalswing",
    "tm:embargo",
    "tm:shadowclaw",
    "tm:payback",
    "tm:smartstrike",
    "tm:gigaimpact",
    "tm:swordsdance",
    "tm:poisonjab",
    "tm:grassknot",
    "tm:swagger",
    "tm:substitute",
    "tm:darkpulse",
    "tutor:block",
    "tutor:drainpunch",
    "tutor:foulplay",
    "tutor:gigadrain",
    "tutor:knockoff",
    "tutor:lowkick",
    "tutor:secretpower",
    "tutor:seedbomb",
    "tutor:snore",
    "tutor:spite",
    "tutor:superpower",
    "tutor:synthesis",
    "tutor:thunderpunch",
    "tutor:worryseed"  ],
  "labels": [
    "xenoverse",
    "gen3"
  ],
  "pokedex": [
    "cobblemon.species.cacturnex.desc"
  ],
  "baseScale": 1.0,
  "hitbox": {
    "width": 1.9,
    "height": 1.9,
    "fixed": false
  },
  "baseFriendship": 70,
  "evYield": {
    "hp": 0,
    "attack": 1,
    "defence": 0,
    "special_attack": 1,
    "special_defence": 0,
    "speed": 0
  },
  "height": 19,
  "weight": 531,
  "aspects": [],
"features": [

  ],  "cannotDynamax": false
}