{
  "portraitScale": 2.3,
  "portraitTranslation": [-0.35, 1.1, 0.0],
  "profileScale": 0.8,
  "profileTranslation": [0.0, 0.7, 0.0],
  "head": "head",
  "poses": {
    "standing": {
      "poseName": "standing",
      "transformTicks": 10,
      "allPoseTypes": true,
      "animations": [
			"look",
          "bedrock(wartortle_ehgo, ground_idle)"
	  ],
        "quirks": [
          {
            "name": "blink",
            "animations": ["bedrock(wartortle_ehgo, blink)"]
          }
        ]
    }
  }
}