{
  "head": "head",
  "portraitScale": 2.3,
  "portraitTranslation": [-0.3, -1.4, 0.0],
  "profileScale": 0.9,
  "profileTranslation": [0.0, 0.4, 0.0],
	"faint": "bedrock(bulbasaur_ehgo, faint)",
  "poses": {
      "standing": {
        "poseName": "standing",
        "transformTicks": 10,
        "poseTypes": ["STAND", "NONE", "PORTRAIT", "PROFILE", "FLOAT"],
        "animations": [
          "look",
          "bedrock(bulbasaur_ehgo, ground_idle)"
        ],
        "quirks": [
          {
            "name": "blink",
            "animations": ["bedrock(bulbasaur_ehgo, blink)"]
          }
        ]
      },
	  "walking": {
        "poseName": "walking",
        "transformTicks": 10,
        "poseTypes": ["WALK"],
        "animations": [
          "look",
          "bedrock(bulbasaur_ehgo, ground_walk)"
        ],
        "quirks": [
          {
            "name": "blink",
            "animations": ["bedrock(bulbasaur_ehgo, blink)"]
          }
        ]
      },
	  "sleeping": {
        "poseName": "sleeping",
        "transformTicks": 10,
        "poseTypes": ["SLEEP"],
        "animations": [
          "bedrock(bulbasaur_ehgo, sleep)"
        ]
       }
    }
}