{
	"format_version": "1.12.0",
	"minecraft:geometry": [
		{
			"description": {
				"identifier": "geometry.wartortle",
				"texture_width": 128,
				"texture_height": 128,
				"visible_bounds_width": 4,
				"visible_bounds_height": 4,
				"visible_bounds_offset": [0, 1, 0]
			},
			"bones": [
				{
					"name": "wartortle",
					"pivot": [0, 0, 0]
				},
				{
					"name": "body",
					"parent": "wartortle",
					"pivot": [0, 16, 0]
				},
				{
					"name": "torso",
					"parent": "body",
					"pivot": [0, 5, 0],
					"cubes": [
						{"origin": [-5, 10, -4], "size": [10, 12, 8], "uv": [0, 22]}
					]
				},
				{
					"name": "neck",
					"parent": "torso",
					"pivot": [0, 22, 0.75],
					"cubes": [
						{"origin": [-3, 22, -3.25], "size": [6, 3, 4], "uv": [44, 15]}
					]
				},
				{
					"name": "head",
					"parent": "torso",
					"pivot": [0, 22, -1.5]
				},
				{
					"name": "head_correction",
					"parent": "head",
					"pivot": [0, 22, -1.5]
				},
				{
					"name": "head_ai",
					"parent": "head_correction",
					"pivot": [0, 22, -1.5]
				},
				{
					"name": "head_angle",
					"parent": "head_ai",
					"pivot": [0, 22, -1.5],
					"cubes": [
						{"origin": [-4.5, 22, -5.5], "size": [9, 7, 8], "uv": [28, 37]}
					]
				},
				{
					"name": "mouth",
					"parent": "head_angle",
					"pivot": [0, 22.52, -5.41],
					"cubes": [
						{"origin": [-2.5, 22.02, -5.41], "size": [5, 1, 0], "uv": [28, 22]}
					]
				},
				{
					"name": "eyes",
					"parent": "head_angle",
					"pivot": [0, 26, -5.5]
				},
				{
					"name": "eye_right",
					"parent": "eyes",
					"pivot": [-2.75, 26, -5.51],
					"rotation": [0, 0, 5],
					"cubes": [
						{"origin": [-4.25, 24, -5.51], "size": [3, 4, 0], "uv": [0, 26]}
					]
				},
				{
					"name": "eyelid_right",
					"parent": "eye_right",
					"pivot": [-2.75, 26, -4.91],
					"cubes": [
						{"origin": [-4.25, 24, -5.41], "size": [3, 4, 1], "inflate": 0.01, "uv": [0, 5]}
					]
				},
				{
					"name": "eye_left",
					"parent": "eyes",
					"pivot": [2.75, 26, -5.51],
					"rotation": [0, 0, -5],
					"cubes": [
						{"origin": [1.25, 24, -5.51], "size": [3, 4, 0], "uv": [0, 22]}
					]
				},
				{
					"name": "eyelid_left",
					"parent": "eye_left",
					"pivot": [2.75, 26, -4.91],
					"cubes": [
						{"origin": [1.25, 24, -5.41], "size": [3, 4, 1], "inflate": 0.01, "uv": [0, 0]}
					]
				},
				{
					"name": "ears",
					"parent": "head_angle",
					"pivot": [0, 29, -1]
				},
				{
					"name": "ear_right",
					"parent": "ears",
					"pivot": [-4.475, 26.675, -2.725],
					"rotation": [-12.5, -30, -5],
					"cubes": [
						{"origin": [-4.56374, 25.70128, -3.69943], "size": [0, 9, 5], "uv": [92, 96]}
					]
				},
				{
					"name": "ear_left",
					"parent": "ears",
					"pivot": [4.475, 26.675, -2.725],
					"rotation": [-12.5, 30, 5],
					"cubes": [
						{"origin": [4.56374, 25.70128, -3.69943], "size": [0, 9, 5], "uv": [72, 21]}
					]
				},
				{
					"name": "arm_right",
					"parent": "torso",
					"pivot": [-5, 21.5, -1],
					"cubes": [
						{"origin": [-12, 17.5, -3], "size": [8, 4, 4], "uv": [98, 14]}
					]
				},
				{
					"name": "arm_left",
					"parent": "torso",
					"pivot": [5, 21.5, -1],
					"rotation": [0.32683, 0.00714, -0.00711],
					"cubes": [
						{"origin": [3.99975, 17.50003, -3.01141], "size": [8, 4, 4], "uv": [84, 59]}
					]
				},
				{
					"name": "cloud",
					"parent": "torso",
					"pivot": [0, 15, 4],
					"cubes": [
						{"origin": [-3, -1.6, 4.4], "size": [6, 7, 8], "pivot": [0, 5, 0], "rotation": [72.5, 0, 0], "uv": [20, 70]},
						{"origin": [-6, -6, 0.3], "size": [10, 5, 6], "pivot": [0, 5, 0], "rotation": [87.5, 0, 0], "uv": [66, 15]},
						{"origin": [-6, -1, -3.7], "size": [12, 12, 10], "pivot": [0, 5, 0], "rotation": [87.5, 0, 0], "uv": [0, 0]},
						{"origin": [-9, 2, -2.5], "size": [9, 12, 5], "pivot": [0, 5, 0], "rotation": [87.53793, 0.43399, 9.99067], "uv": [0, 60]},
						{"origin": [0, 2, -2.5], "size": [9, 12, 5], "pivot": [0, 5, 0], "rotation": [87.53793, -0.43399, -9.99067], "uv": [56, 52]},
						{"origin": [-10, 10, -2.5], "size": [5, 8, 7], "pivot": [0, 5, 0], "rotation": [87.3729, 20.41468, 9.0924], "uv": [84, 26]},
						{"origin": [-9, 6, -3.5], "size": [7, 11, 7], "pivot": [0, 5, 0], "rotation": [87.3729, 20.41468, 9.0924], "uv": [28, 52]},
						{"origin": [5, 10, -2.5], "size": [5, 8, 7], "pivot": [0, 5, 0], "rotation": [87.3729, -20.41468, -9.0924], "uv": [0, 78]},
						{"origin": [2, 6, -3.5], "size": [7, 11, 7], "pivot": [0, 5, 0], "rotation": [87.3729, -20.41468, -9.0924], "uv": [0, 42]},
						{"origin": [-4, 7, 0.3], "size": [8, 9, 6], "pivot": [0, 5, 0], "rotation": [72.5, 0, 0], "uv": [62, 37]},
						{"origin": [3.8, 12, -0.7], "size": [7, 6, 6], "pivot": [0, 5, 0], "rotation": [70.81754, 23.7695, -7.98205], "uv": [0, 93]},
						{"origin": [-1.2, 10, 0.3], "size": [7, 7, 6], "pivot": [0, 5, 0], "rotation": [86.14949, 6.31175, -6.71771], "uv": [24, 85]},
						{"origin": [-2.4, 8.4, -2.7], "size": [7, 7, 7], "pivot": [0, 5, 0], "rotation": [87.91995, 7.09225, 8.36575], "uv": [76, 0]},
						{"origin": [-7, -4, 1.3], "size": [8, 7, 6], "pivot": [0, 5, 0], "rotation": [87.24194, -24.97457, 1.16524], "uv": [71, 82]},
						{"origin": [2.1, 0.4, -2.1], "size": [12, 9, 6], "pivot": [0, 5, 0], "rotation": [100.2019, -41.54733, -17.90642], "uv": [36, 22]},
						{"origin": [9.1, 3.4, -1.1], "size": [7, 7, 6], "pivot": [0, 5, 0], "rotation": [100.2019, -41.54733, -17.90642], "uv": [84, 46]},
						{"origin": [7.1, 3.4, -2.1], "size": [6, 6, 6], "pivot": [0, 5, 0], "rotation": [123.82263, -59.09479, -45.46805], "uv": [93, 89]},
						{"origin": [-14.1, 0.4, -2.1], "size": [10, 9, 6], "pivot": [0, 5, 0], "rotation": [100.2019, 41.54733, 17.90642], "uv": [44, 0]},
						{"origin": [-15.1, 3.4, -0.1], "size": [8, 7, 6], "pivot": [0, 5, 0], "rotation": [100.2019, 41.54733, 17.90642], "uv": [77, 69]},
						{"origin": [-4, -2.6, 9.4], "size": [8, 12, 5], "pivot": [0, 5, 0], "rotation": [37.5, 0, 0], "uv": [51, 69]},
						{"origin": [-7, -3.6, 10.4], "size": [8, 8, 5], "pivot": [0, 5, 0], "rotation": [37.5, 0, 0], "uv": [50, 90]}
					]
				},
				{
					"name": "leg_right",
					"parent": "body",
					"pivot": [-3.5, 12, -1],
					"cubes": [
						{"origin": [-5.5, 5, -3], "size": [4, 8, 4], "pivot": [-3.5, 12, -1], "rotation": [-75, 22.5, 0], "uv": [26, 98]}
					]
				},
				{
					"name": "leg_left",
					"parent": "body",
					"pivot": [3.5, 12, -1],
					"cubes": [
						{"origin": [1.5, 5, -3], "size": [4, 8, 4], "pivot": [3.5, 12, -1], "rotation": [-75, -22.5, 0], "uv": [76, 95]}
					]
				}
			]
		}
	]
}