{
	"format_version": "1.12.0",
	"minecraft:geometry": [
		{
			"description": {
				"identifier": "geometry.unknown",
				"texture_width": 128,
				"texture_height": 128,
				"visible_bounds_width": 3,
				"visible_bounds_height": 3.5,
				"visible_bounds_offset": [0, 1.25, 0]
			},
			"bones": [
				{
					"name": "Shuckle",
					"pivot": [0, 0, 0]
				},
				{
					"name": "body",
					"parent": "Shuckle",
					"pivot": [0, 0, 0],
					"cubes": [
						{"origin": [-5.5, 8, -6.5], "size": [11, 2, 8], "uv": [5, 27]},
						{"origin": [-8.25, 0, 2.75], "size": [3, 6, 6], "pivot": [-6, 4, 5], "rotation": [-6.42848, 26.79524, -14.03271], "uv": [44, 41]},
						{"origin": [-5.5, 0, -6.5], "size": [11, 1, 13], "uv": [35, 24]},
						{"origin": [-8.25, 0, -8.75], "size": [3, 6, 6], "pivot": [-6, 4, -5], "rotation": [6.42848, -26.79524, -14.03271], "uv": [31, 62]},
						{"origin": [5.25, 0, 2.75], "size": [3, 6, 6], "pivot": [6, 4, 5], "rotation": [-6.42848, -26.79524, 14.03271], "uv": [20, 47]},
						{"origin": [-3, 7, -8], "size": [6, 6, 3], "pivot": [0, 9.5, -7.5], "rotation": [-55, 0, 0], "uv": [56, 38]},
						{"origin": [5.25, 0, -8.75], "size": [3, 6, 6], "pivot": [6, 4, -5], "rotation": [6.42848, 26.79524, 14.03271], "uv": [0, 49]},
						{"origin": [-6.5, 1, -7.5], "size": [13, 7, 15], "uv": [0, 0]}
					]
				},
				{
					"name": "neck1",
					"parent": "body",
					"pivot": [0, 0, 14],
					"cubes": [
						{"origin": [-1.5, 7.5, -8.85], "size": [3, 6, 3], "uv": [0, 0]},
						{"origin": [1.5, 12.5, -6.85], "size": [1, 1, 0], "uv": [71, 29]},
						{"origin": [1.5, 15.5, -7.85], "size": [1, 1, 0], "uv": [73, 29]},
						{"origin": [3, 19.5, -7.85], "size": [2, 2, 0], "uv": [79, 29]},
						{"origin": [-5, 20.5, -6.85], "size": [2, 2, 0], "uv": [83, 29]},
						{"origin": [-2.5, 14.25, -7.3], "size": [1, 1, 0], "uv": [75, 29]},
						{"origin": [-2.5, 11.25, -8.3], "size": [1, 1, 0], "uv": [77, 29]}
					]
				},
				{
					"name": "neck2",
					"parent": "neck1",
					"pivot": [0, 13.5, -8.85],
					"cubes": [
						{"origin": [-1.5, 13.5, -8.85], "size": [3, 5, 3], "inflate": 0.001, "uv": [0, 22]}
					]
				},
				{
					"name": "head",
					"parent": "neck2",
					"pivot": [0, 17.58333, -8.43333],
					"cubes": [
						{"origin": [-3, 18, -12.35], "size": [6, 5, 7], "inflate": 0.001, "uv": [0, 37]},
						{"origin": [0, 23, -11.35], "size": [0, 4, 4], "inflate": 0.001, "uv": [31, 70]},
						{"origin": [-3, 17.5, -9.35], "size": [6, 1, 4], "uv": [41, 9]}
					]
				},
				{
					"name": "eye_right",
					"parent": "head",
					"pivot": [-1.25, 22, -12.825]
				},
				{
					"name": "eyeopen_right",
					"parent": "eye_right",
					"pivot": [-1.5, 20.75, -12.4],
					"cubes": [
						{"origin": [-2, 19.75, -12.4], "size": [1, 2, 0], "uv": [0, 9]}
					]
				},
				{
					"name": "eyeclosed_right",
					"parent": "eye_right",
					"pivot": [-1.5, 20.25, -12.225],
					"cubes": [
						{"origin": [-2.5, 19.75, -12.225], "size": [2, 1, 0], "uv": [9, 1]}
					]
				},
				{
					"name": "eye_left",
					"parent": "head",
					"pivot": [-0.25, 1, -1.425]
				},
				{
					"name": "eyeopen_left",
					"parent": "eye_left",
					"pivot": [1.5, 20.75, -12.4],
					"cubes": [
						{"origin": [1, 19.75, -12.4], "size": [1, 2, 0], "uv": [0, 0]}
					]
				},
				{
					"name": "eyeclosed_left",
					"parent": "eye_left",
					"pivot": [1.5, 20.25, -12.275],
					"cubes": [
						{"origin": [0.5, 19.75, -12.225], "size": [2, 1, 0], "uv": [9, 0]}
					]
				},
				{
					"name": "jaw",
					"parent": "head",
					"pivot": [0, 18.5, -9.6],
					"cubes": [
						{"origin": [-3, 17.5, -11.85], "size": [6, 1, 3], "inflate": -0.001, "uv": [53, 19]}
					]
				},
				{
					"name": "arm_left_front",
					"parent": "body",
					"pivot": [0, 0, 0],
					"rotation": [0, -60, 0],
					"cubes": [
						{"origin": [-3.38564, 1, -13.18878], "size": [3, 3, 7], "uv": [56, 9]}
					]
				},
				{
					"name": "arm_left_front2",
					"parent": "arm_left_front",
					"pivot": [8.9282, 1, -10.12083],
					"cubes": [
						{"origin": [-3.38564, 1, -18.18878], "size": [3, 3, 5], "inflate": 0.001, "uv": [64, 47]}
					]
				},
				{
					"name": "arm_right_front",
					"parent": "body",
					"pivot": [0, 0, 0],
					"rotation": [0, 60, 0],
					"cubes": [
						{"origin": [0.38564, 1, -13.18878], "size": [3, 3, 7], "uv": [56, 9], "mirror": true}
					]
				},
				{
					"name": "arm_right_front2",
					"parent": "arm_right_front",
					"pivot": [-8.9282, 1, -10.12083],
					"cubes": [
						{"origin": [0.38564, 1, -18.18878], "size": [3, 3, 5], "inflate": 0.001, "uv": [64, 47], "mirror": true}
					]
				},
				{
					"name": "arm_left_back",
					"parent": "body",
					"pivot": [-2.6, 0, 8.4],
					"rotation": [0, 60, 0],
					"cubes": [
						{"origin": [2.4, 1, 12.9], "size": [3, 3, 7], "uv": [51, 53]}
					]
				},
				{
					"name": "arm_left_back2",
					"parent": "arm_left_back",
					"pivot": [5.4, 1, 19.9],
					"cubes": [
						{"origin": [2.4, 1, 19.9], "size": [3, 3, 5], "inflate": 0.001, "uv": [0, 64]}
					]
				},
				{
					"name": "arm_right_back",
					"parent": "body",
					"pivot": [2.6, 0, 8.4],
					"rotation": [0, -60, 0],
					"cubes": [
						{"origin": [-5.4, 1, 12.9], "size": [3, 3, 7], "uv": [51, 53], "mirror": true}
					]
				},
				{
					"name": "arm_right_back2",
					"parent": "arm_right_back",
					"pivot": [-5.4, 1, 19.9],
					"cubes": [
						{"origin": [-5.4, 1, 19.9], "size": [3, 3, 5], "inflate": 0.001, "uv": [0, 64], "mirror": true}
					]
				}
			]
		}
	]
}