{
	"format_version": "1.12.0",
	"minecraft:geometry": [
		{
			"description": {
				"identifier": "geometry.sharpedo",
				"texture_width": 128,
				"texture_height": 128,
				"visible_bounds_width": 5,
				"visible_bounds_height": 5,
				"visible_bounds_offset": [0, 1.5, 0]
			},
			"bones": [
				{
					"name": "sharpedo",
					"pivot": [0, 0, 0]
				},
				{
					"name": "body",
					"parent": "sharpedo",
					"pivot": [0, 7.5, 4],
					"cubes": [
						{"origin": [0, 14.5, 0], "size": [0, 18, 8], "pivot": [0, 14.5, 0], "rotation": [0, 5, 0], "uv": [0, 24]},
						{"origin": [0, 14.5, 0], "size": [0, 18, 8], "pivot": [0, 14.5, 0], "rotation": [0, -5, 0], "uv": [0, 24], "mirror": true},
						{"origin": [0, 14.5, -0.25], "size": [0, 18, 13], "uv": [0, 42]},
						{"origin": [0, -16.5, -1], "size": [0, 16, 10], "uv": [47, 64]},
						{"origin": [-6.5, -0.5, -4], "size": [13, 15, 17], "uv": [0, 0]},
						{"origin": [-5.5, 9.5, -22], "size": [11, 5, 18], "pivot": [0.5, 14.5, -4], "rotation": [12.5, 0, 0], "uv": [0, 32]},
						{"origin": [-5.5, 5.78709, -20.09579], "size": [11, 5, 17], "inflate": 0.01, "uv": [41, 38]},
						{"origin": [2.5, 3.78709, -19.25], "size": [0, 2, 5], "inflate": 0.001, "pivot": [2.5, 4.78709, -19.25], "rotation": [0, 22.5, 0], "uv": [0, 5]},
						{"origin": [-2.5, 3.78709, -19.25], "size": [5, 2, 0], "inflate": 0.001, "uv": [0, 15]},
						{"origin": [4.51537, 2.78709, -11.40224], "size": [0, 3, 4], "inflate": 0.001, "uv": [0, 0]},
						{"origin": [-4.51537, 2.78709, -11.40224], "size": [0, 3, 4], "inflate": 0.001, "uv": [0, 0]},
						{"origin": [-2.5, 3.78709, -19.25], "size": [0, 2, 4], "inflate": 0.001, "pivot": [-2.5, 4.78709, -19.25], "rotation": [0, -22.5, 0], "uv": [8, 8]}
					]
				},
				{
					"name": "gills_left",
					"parent": "body",
					"pivot": [7.5, 8.5, 2.5],
					"cubes": [
						{"origin": [6, 5.5, -3.5], "size": [3, 6, 15], "uv": [11, 58]},
						{"origin": [4, 6, -13.5], "size": [5, 5, 0], "pivot": [9, 8.5, -3.5], "rotation": [0, 7.5, 0], "uv": [0, 78]},
						{"origin": [4, 6, -6.5], "size": [5, 5, 0], "pivot": [9, 8.5, -3.5], "rotation": [0, 7.5, 0], "uv": [0, 73]},
						{"origin": [4, 6, -3.9], "size": [5, 5, 0], "pivot": [9, 8.5, -3.5], "rotation": [0, 7.5, 0], "uv": [0, 73]},
						{"origin": [4, 6, -9.9], "size": [5, 5, 0], "pivot": [9, 8.5, -3.5], "rotation": [0, 7.5, 0], "uv": [42, 60]},
						{"origin": [4, 6, -3.5], "size": [5, 5, 0], "pivot": [9, 8.5, -3.5], "rotation": [0, 7.5, 0], "uv": [43, 10]},
						{"origin": [4, 11, -13.5], "size": [5, 0, 10], "pivot": [9, 8.5, -3.5], "rotation": [0, 7.5, 0], "uv": [22, 60]},
						{"origin": [3.56455, 6, -13.14374], "size": [5, 0, 10], "pivot": [6.06455, 6, -6.64374], "rotation": [0, -7.5, 180], "uv": [33, 0]},
						{"origin": [9, 6, -13.5], "size": [0, 5, 10], "pivot": [9, 8.5, -3.5], "rotation": [0, 7.5, 0], "uv": [68, 50]},
						{"origin": [6.85, 6, -13.175], "size": [0, 5, 10], "pivot": [6.45, 8.5, -3.175], "rotation": [0, 7.5, 0], "uv": [0, 73]}
					]
				},
				{
					"name": "gills_right",
					"parent": "body",
					"pivot": [-7.5, 8.5, 2.5],
					"cubes": [
						{"origin": [-9, 5.5, -3.5], "size": [3, 6, 15], "uv": [11, 58], "mirror": true},
						{"origin": [-9, 6, -13.5], "size": [5, 5, 0], "pivot": [-9, 8.5, -3.5], "rotation": [0, -7.5, 0], "uv": [0, 78], "mirror": true},
						{"origin": [-9, 6, -6.5], "size": [5, 5, 0], "pivot": [-9, 8.5, -3.5], "rotation": [0, -7.5, 0], "uv": [0, 73], "mirror": true},
						{"origin": [-9, 6, -3.925], "size": [5, 5, 0], "pivot": [-9, 8.5, -3.5], "rotation": [0, -7.5, 0], "uv": [0, 73], "mirror": true},
						{"origin": [-9, 6, -9.9], "size": [5, 5, 0], "pivot": [-9, 8.5, -3.5], "rotation": [0, -7.5, 0], "uv": [42, 60], "mirror": true},
						{"origin": [-9, 6, -3.5], "size": [5, 5, 0], "pivot": [-9, 8.5, -3.5], "rotation": [0, -7.5, 0], "uv": [43, 10], "mirror": true},
						{"origin": [-9, 11, -13.5], "size": [5, 0, 10], "pivot": [-9, 8.5, -3.5], "rotation": [0, -7.5, 0], "uv": [22, 60], "mirror": true},
						{"origin": [-8.56455, 6, -13.14374], "size": [5, 0, 10], "pivot": [-6.06455, 6, -6.64374], "rotation": [0, 7.5, -180], "uv": [33, 0], "mirror": true},
						{"origin": [-9, 6, -13.5], "size": [0, 5, 10], "pivot": [-9, 8.5, -3.5], "rotation": [0, -7.5, 0], "uv": [68, 50], "mirror": true},
						{"origin": [-6.95, 6, -13.175], "size": [0, 5, 10], "pivot": [-6.45, 8.5, -3.175], "rotation": [0, -7.5, 0], "uv": [0, 73], "mirror": true}
					]
				},
				{
					"name": "eye_left",
					"parent": "body",
					"pivot": [6.97508, 8.75, -9.57819],
					"cubes": [
						{"origin": [7.251, 8.25, -12.265], "size": [1, 1, 1], "pivot": [8.75, 10.75, -3.75], "rotation": [0, 7.5, 0], "uv": [6, 0]},
						{"origin": [6.751, 7.75, -12.765], "size": [2, 2, 2], "pivot": [8.75, 10.75, -3.75], "rotation": [0, 7.5, 0], "uv": [0, 0]}
					]
				},
				{
					"name": "eyelid_left",
					"parent": "eye_left",
					"pivot": [6.87508, 8.75, -9.47819],
					"cubes": [
						{"origin": [3.651, 7.75, -10.635], "size": [2, 2, 2], "inflate": 0.1, "pivot": [8.65, 10.25, -3.65], "rotation": [0, 7.5, 0], "uv": [8, 0]}
					]
				},
				{
					"name": "eye_right",
					"parent": "body",
					"pivot": [-6.97508, 8.75, -9.57819],
					"cubes": [
						{"origin": [-8.251, 8.25, -12.265], "size": [1, 1, 1], "pivot": [-8.75, 10.75, -3.75], "rotation": [0, -7.5, 0], "uv": [6, 0], "mirror": true},
						{"origin": [-8.751, 7.75, -12.765], "size": [2, 2, 2], "pivot": [-8.75, 10.75, -3.75], "rotation": [0, -7.5, 0], "uv": [0, 0], "mirror": true}
					]
				},
				{
					"name": "eyelid_right",
					"parent": "eye_right",
					"pivot": [-6.87508, 8.75, -9.47819],
					"cubes": [
						{"origin": [-5.651, 7.75, -10.635], "size": [2, 2, 2], "inflate": 0.1, "pivot": [-8.65, 10.25, -3.65], "rotation": [0, -7.5, 0], "uv": [8, 0], "mirror": true}
					]
				},
				{
					"name": "eye_left2",
					"parent": "body",
					"pivot": [7.27508, 8.75, -5.92819],
					"cubes": [
						{"origin": [7.551, 8.25, -8.615], "size": [1, 1, 1], "pivot": [9.05, 10.75, -0.1], "rotation": [0, 7.5, 0], "uv": [6, 0]},
						{"origin": [7.051, 7.75, -9.115], "size": [2, 2, 2], "pivot": [9.05, 10.75, -0.1], "rotation": [0, 7.5, 0], "uv": [0, 0]}
					]
				},
				{
					"name": "eyelid_left2",
					"parent": "eye_left2",
					"pivot": [7.17508, 8.75, -5.82819],
					"cubes": [
						{"origin": [3.951, 7.75, -6.985], "size": [2, 2, 2], "inflate": 0.1, "pivot": [8.95, 10.25, 0], "rotation": [0, 7.5, 0], "uv": [8, 0]}
					]
				},
				{
					"name": "eye_right2",
					"parent": "body",
					"pivot": [-7.27508, 8.75, -5.92819],
					"cubes": [
						{"origin": [-8.551, 8.25, -8.615], "size": [1, 1, 1], "pivot": [-9.05, 10.75, -0.1], "rotation": [0, -7.5, 0], "uv": [6, 0], "mirror": true},
						{"origin": [-9.051, 7.75, -9.115], "size": [2, 2, 2], "pivot": [-9.05, 10.75, -0.1], "rotation": [0, -7.5, 0], "uv": [0, 0], "mirror": true}
					]
				},
				{
					"name": "eyelid_right2",
					"parent": "eye_right2",
					"pivot": [-7.17508, 8.75, -5.82819],
					"cubes": [
						{"origin": [-5.951, 7.75, -6.985], "size": [2, 2, 2], "inflate": 0.1, "pivot": [-8.95, 10.25, 0], "rotation": [0, -7.5, 0], "uv": [8, 0], "mirror": true}
					]
				},
				{
					"name": "eye_left3",
					"parent": "body",
					"pivot": [7.52508, 8.75, -2.92819],
					"cubes": [
						{"origin": [7.801, 8.25, -5.615], "size": [1, 1, 1], "pivot": [9.3, 10.75, 2.9], "rotation": [0, 7.5, 0], "uv": [6, 0]},
						{"origin": [7.301, 7.75, -6.115], "size": [2, 2, 2], "pivot": [9.3, 10.75, 2.9], "rotation": [0, 7.5, 0], "uv": [0, 0]}
					]
				},
				{
					"name": "eyelid_left3",
					"parent": "eye_left3",
					"pivot": [7.42508, 8.75, -2.82819],
					"cubes": [
						{"origin": [4.201, 7.75, -3.985], "size": [2, 2, 2], "inflate": 0.1, "pivot": [9.2, 10.25, 3], "rotation": [0, 7.5, 0], "uv": [8, 0]}
					]
				},
				{
					"name": "eye_right3",
					"parent": "body",
					"pivot": [-7.52508, 8.75, -2.92819],
					"cubes": [
						{"origin": [-8.801, 8.25, -5.615], "size": [1, 1, 1], "pivot": [-9.3, 10.75, 2.9], "rotation": [0, -7.5, 0], "uv": [6, 0], "mirror": true},
						{"origin": [-9.301, 7.75, -6.115], "size": [2, 2, 2], "pivot": [-9.3, 10.75, 2.9], "rotation": [0, -7.5, 0], "uv": [0, 0], "mirror": true}
					]
				},
				{
					"name": "eyelid_right3",
					"parent": "eye_right3",
					"pivot": [-7.42508, 8.75, -2.82819],
					"cubes": [
						{"origin": [-6.201, 7.75, -3.985], "size": [2, 2, 2], "inflate": 0.1, "pivot": [-9.2, 10.25, 3], "rotation": [0, -7.5, 0], "uv": [8, 0], "mirror": true}
					]
				},
				{
					"name": "jaw",
					"parent": "body",
					"pivot": [0, 4, -4],
					"rotation": [30, 0, 0],
					"cubes": [
						{"origin": [-4.5, 0, -19], "size": [9, 2, 15], "pivot": [0, 0, -4], "rotation": [-12.5, 0, 0], "uv": [43, 0]},
						{"origin": [-4.5, 1.60884, -18.81776], "size": [9, 2, 14], "inflate": 0.01, "pivot": [-0.01, -0.29171, -6.46398], "rotation": [-7.5, 0, 0], "uv": [46, 18]},
						{"origin": [4, 3.90055, -12.35378], "size": [0, 3, 3], "pivot": [4, 4.90055, -9.35378], "rotation": [-3.45118, 9.39129, -20.28356], "uv": [10, 11]},
						{"origin": [4, 3.15055, -16.35378], "size": [0, 2, 3], "pivot": [4, 4.90055, -9.35378], "rotation": [-14.62172, 6.46312, -14.73212], "uv": [46, 44]},
						{"origin": [-4, 3.90055, -12.35378], "size": [0, 2, 3], "pivot": [-4, 4.90055, -9.35378], "rotation": [-3.45118, -9.39129, 20.28356], "uv": [10, 11]},
						{"origin": [-4, 3.15055, -16.35378], "size": [0, 2, 3], "pivot": [-4, 4.90055, -9.35378], "rotation": [-14.62172, -6.46312, 14.73212], "uv": [46, 44]},
						{"origin": [0.50674, 5.00508, -18.81554], "size": [0, 2, 3], "pivot": [0.50674, 6.00508, -17.31554], "rotation": [-90, -65, 90], "uv": [40, 44]}
					]
				},
				{
					"name": "fin_left",
					"parent": "body",
					"pivot": [9, 8.5, 2],
					"cubes": [
						{"origin": [9, 7.5, 2], "size": [3, 3, 5], "uv": [78, 2]}
					]
				},
				{
					"name": "bone",
					"parent": "fin_left",
					"pivot": [12.75, 8.25, 4.5],
					"rotation": [0, -17.5, 0],
					"cubes": [
						{"origin": [11.25, 6.75, 4], "size": [6, 5, 6], "uv": [50, 63]}
					]
				},
				{
					"name": "bone2",
					"parent": "bone",
					"pivot": [19.75, 7.5, 8.75],
					"rotation": [6.79286, 10.51794, 33.12598],
					"cubes": [
						{"origin": [16.25, 5.5, 2.25], "size": [4, 4, 6], "pivot": [18.25, 7.5, 6.75], "rotation": [0, 0, -10], "uv": [71, 68]},
						{"origin": [20.25, 7.5, 4.25], "size": [9, 0, 13], "pivot": [19.75, 7.5, 8.75], "rotation": [0, 0, -57.5], "uv": [27, 34]}
					]
				},
				{
					"name": "fin_right",
					"parent": "body",
					"pivot": [-9, 8.5, 2],
					"cubes": [
						{"origin": [-12, 7.5, 2], "size": [3, 3, 5], "uv": [78, 2], "mirror": true}
					]
				},
				{
					"name": "bone3",
					"parent": "fin_right",
					"pivot": [-12.75, 8.25, 4.5],
					"rotation": [0, 17.5, 0],
					"cubes": [
						{"origin": [-17.25, 6.75, 4], "size": [6, 5, 6], "uv": [50, 63], "mirror": true}
					]
				},
				{
					"name": "bone4",
					"parent": "bone3",
					"pivot": [-19.75, 7.5, 8.75],
					"rotation": [6.79286, -10.51794, -33.12598],
					"cubes": [
						{"origin": [-20.25, 5.5, 2.25], "size": [4, 4, 6], "pivot": [-18.25, 7.5, 6.75], "rotation": [0, 0, 10], "uv": [71, 68], "mirror": true},
						{"origin": [-29.25, 7.5, 4.25], "size": [9, 0, 13], "pivot": [-19.75, 7.5, 8.75], "rotation": [0, 0, 57.5], "uv": [27, 34], "mirror": true}
					]
				}
			]
		}
	]
}