{
	"format_version": "1.12.0",
	"minecraft:geometry": [
		{
			"description": {
				"identifier": "geometry.squirtle",
				"texture_width": 128,
				"texture_height": 128,
				"visible_bounds_width": 3,
				"visible_bounds_height": 2.5,
				"visible_bounds_offset": [0, 0.75, 0]
			},
			"bones": [
				{
					"name": "squirtle",
					"pivot": [0, 0, 0]
				},
				{
					"name": "body",
					"parent": "squirtle",
					"pivot": [0, 8, 0]
				},
				{
					"name": "tail",
					"parent": "body",
					"pivot": [0, 5, 3],
					"cubes": [
						{"origin": [-2, 5.25, 6], "size": [4, 4, 4], "uv": [44, 25]},
						{"origin": [-3, 2.25, 2], "size": [6, 7, 4], "uv": [0, 46]}
					]
				},
				{
					"name": "tail2",
					"parent": "tail",
					"pivot": [0, 8.45, 7.5],
					"cubes": [
						{"origin": [-2.6, 4.45, 8], "size": [5, 5, 6], "uv": [46, 34]}
					]
				},
				{
					"name": "bone2",
					"parent": "tail2",
					"pivot": [1.9, 7.95, 10],
					"cubes": [
						{"origin": [-0.6, 5.45, 8], "size": [5, 5, 8], "pivot": [1.9, 7.95, 10], "rotation": [52.5, 0, 0], "uv": [20, 40]}
					]
				},
				{
					"name": "tail3",
					"parent": "tail2",
					"pivot": [-0.9, 7.45, 17],
					"cubes": [
						{"origin": [-3.9, 6.45, 11], "size": [7, 5, 10], "uv": [0, 15]}
					]
				},
				{
					"name": "bone",
					"parent": "tail3",
					"pivot": [1.6, 5.95, 20],
					"cubes": [
						{"origin": [-0.9, 2.45, 16], "size": [5, 7, 8], "uv": [26, 25]}
					]
				},
				{
					"name": "bone3",
					"parent": "tail3",
					"pivot": [0, 4, 3],
					"cubes": [
						{"origin": [-4.9, 3.45, 13], "size": [7, 5, 10], "uv": [0, 0]}
					]
				},
				{
					"name": "torso",
					"parent": "body",
					"pivot": [0, 8, 0],
					"cubes": [
						{"origin": [-4, 3, -3.5], "size": [8, 10, 7], "uv": [27, 8]}
					]
				},
				{
					"name": "neck",
					"parent": "torso",
					"pivot": [0, 13, 1.5],
					"cubes": [
						{"origin": [-2.5, 13, -2.5], "size": [5, 3, 4], "uv": [24, 0]}
					]
				},
				{
					"name": "head",
					"parent": "torso",
					"pivot": [0, 13, 0]
				},
				{
					"name": "head_correction",
					"parent": "head",
					"pivot": [0, 13, 0]
				},
				{
					"name": "head_ai",
					"parent": "head_correction",
					"pivot": [0, 13, 0]
				},
				{
					"name": "head_angle",
					"parent": "head_ai",
					"pivot": [0, 13, 0],
					"cubes": [
						{"origin": [-3.5, 13, -4.5], "size": [7, 6, 7], "uv": [0, 33]}
					]
				},
				{
					"name": "eyes",
					"parent": "head_angle",
					"pivot": [0, 16.25, -4.5]
				},
				{
					"name": "eye_right",
					"parent": "eyes",
					"pivot": [-2.51, 16.25, -3.51],
					"cubes": [
						{"origin": [-3.51, 14.75, -4.51], "size": [2, 3, 2], "uv": [0, 20]}
					]
				},
				{
					"name": "eyelid_right",
					"parent": "eye_right",
					"pivot": [-2.41, 16.25, -3.41],
					"cubes": [
						{"origin": [-3.41, 14.75, -4.41], "size": [2, 3, 2], "inflate": 0.01, "uv": [0, 15]}
					]
				},
				{
					"name": "eye_left",
					"parent": "eyes",
					"pivot": [2.51, 16.25, -3.51],
					"cubes": [
						{"origin": [1.51, 14.75, -4.51], "size": [2, 3, 2], "uv": [0, 5]}
					]
				},
				{
					"name": "eyelid_left",
					"parent": "eye_left",
					"pivot": [2.41, 16.25, -3.41],
					"cubes": [
						{"origin": [1.41, 14.75, -4.41], "size": [2, 3, 2], "inflate": 0.01, "uv": [0, 0]}
					]
				},
				{
					"name": "mouth",
					"parent": "head_angle",
					"pivot": [0, 13.515, -4.41],
					"cubes": [
						{"origin": [-2.5, 13.015, -4.41], "size": [5, 1, 0], "uv": [24, 7]}
					]
				},
				{
					"name": "arm_left",
					"parent": "torso",
					"pivot": [4, 12.5, -1],
					"cubes": [
						{"origin": [3.5, 9.5, -2.5], "size": [6, 3, 3], "uv": [42, 0]}
					]
				},
				{
					"name": "arm_right",
					"parent": "torso",
					"pivot": [-4, 12.5, -1],
					"cubes": [
						{"origin": [-9.5, 9.5, -2.5], "size": [6, 3, 3], "uv": [42, 0], "mirror": true}
					]
				},
				{
					"name": "leg_left",
					"parent": "body",
					"pivot": [3, 5, -1],
					"cubes": [
						{"origin": [1.5, 0, -2.5], "size": [3, 6, 3], "uv": [46, 45]}
					]
				},
				{
					"name": "leg_right",
					"parent": "body",
					"pivot": [-3, 5, -1],
					"cubes": [
						{"origin": [-4.5, 0, -2.5], "size": [3, 6, 3], "uv": [46, 45], "mirror": true}
					]
				}
			]
		}
	]
}