{
	"format_version": "1.12.0",
	"minecraft:geometry": [
		{
			"description": {
				"identifier": "geometry.charmeleon",
				"texture_width": 128,
				"texture_height": 128,
				"visible_bounds_width": 10,
				"visible_bounds_height": 8,
				"visible_bounds_offset": [0, 2, 0]
			},
			"bones": [
				{
					"name": "charmeleon",
					"pivot": [0, 0, 1]
				},
				{
					"name": "body",
					"parent": "charmeleon",
					"pivot": [0, 0, 1],
					"rotation": [90, 0, 0]
				},
				{
					"name": "torso",
					"parent": "body",
					"pivot": [0, 22.05, 13]
				},
				{
					"name": "neck",
					"parent": "torso",
					"pivot": [0, 58.55, 4.5],
					"rotation": [-90, 0, 0]
				},
				{
					"name": "bone8",
					"parent": "body",
					"pivot": [1, 15.55, 13]
				},
				{
					"name": "leg_left",
					"parent": "bone8",
					"pivot": [4.75, 17.55, 13],
					"rotation": [-90, 0, 0],
					"cubes": [
						{"origin": [1.75, 11.55, 6], "size": [4, 7, 5], "uv": [14, 59]}
					]
				},
				{
					"name": "leg_left2",
					"parent": "leg_left",
					"pivot": [4.75, 13.6, 13.75],
					"cubes": [
						{"origin": [3.25, 7.05, 6.75], "size": [3, 5, 4], "uv": [58, 61]},
						{"origin": [2.75, 6.05, 5.75], "size": [4, 1, 5], "inflate": 0.01, "uv": [59, 54]},
						{"origin": [4.11824, 6.05, 4.07596], "size": [0, 1, 2], "pivot": [3.25, 11.55, 10.75], "rotation": [0, 10, 0], "uv": [0, 17]},
						{"origin": [4.75, 6.05, 3.75], "size": [0, 1, 2], "uv": [4, 5]},
						{"origin": [5.38176, 6.05, 4.07596], "size": [0, 1, 2], "pivot": [6.25, 11.55, 10.75], "rotation": [0, -10, 0], "uv": [0, 5]}
					]
				},
				{
					"name": "leg_right",
					"parent": "bone8",
					"pivot": [-4.75, 17.55, 13],
					"rotation": [-90, 0, 0],
					"cubes": [
						{"origin": [-5.75, 11.55, 6], "size": [4, 7, 5], "uv": [14, 59], "mirror": true}
					]
				},
				{
					"name": "leg_right2",
					"parent": "leg_right",
					"pivot": [-4.75, 13.6, 13.75],
					"cubes": [
						{"origin": [-6.25, 7.05, 6.75], "size": [3, 5, 4], "uv": [58, 61], "mirror": true},
						{"origin": [-6.75, 6.05, 5.75], "size": [4, 1, 5], "inflate": 0.01, "uv": [59, 54], "mirror": true},
						{"origin": [-4.11824, 6.05, 4.07596], "size": [0, 1, 2], "pivot": [-3.25, 11.55, 10.75], "rotation": [0, -10, 0], "uv": [0, 17], "mirror": true},
						{"origin": [-4.75, 6.05, 3.75], "size": [0, 1, 2], "uv": [4, 5], "mirror": true},
						{"origin": [-5.38176, 6.05, 4.07596], "size": [0, 1, 2], "pivot": [-6.25, 11.55, 10.75], "rotation": [0, 10, 0], "uv": [0, 5], "mirror": true}
					]
				},
				{
					"name": "bone13",
					"parent": "bone8",
					"pivot": [0, 22.05, 14],
					"cubes": [
						{"origin": [-4, 17.55, 10], "size": [8, 9, 8], "uv": [0, 0]}
					]
				},
				{
					"name": "bone7",
					"parent": "bone13",
					"pivot": [0.75, 17.55, 13.5],
					"cubes": [
						{"origin": [-3.5, 10.55, 10.5], "size": [7, 7, 7], "uv": [25, 10]}
					]
				},
				{
					"name": "bone6",
					"parent": "bone7",
					"pivot": [0, 9.05, 14],
					"cubes": [
						{"origin": [-3.5, 3.55, 10.5], "size": [7, 7, 7], "inflate": 0.001, "uv": [23, 24]}
					]
				},
				{
					"name": "bone5",
					"parent": "bone6",
					"pivot": [0, 4.05, 14],
					"cubes": [
						{"origin": [-3, -3.45, 11], "size": [6, 7, 6], "uv": [46, 0]}
					]
				},
				{
					"name": "bone4",
					"parent": "bone5",
					"pivot": [0, -2.95, 14],
					"cubes": [
						{"origin": [-2.5, -10.45, 11.5], "size": [5, 7, 5], "uv": [44, 47]}
					]
				},
				{
					"name": "bone3",
					"parent": "bone4",
					"pivot": [0, -9.95, 14],
					"cubes": [
						{"origin": [-2, -17.45, 12], "size": [4, 7, 4], "uv": [60, 13]}
					]
				},
				{
					"name": "bone",
					"parent": "bone3",
					"pivot": [0, -17, 14],
					"cubes": [
						{"origin": [-1.5, -24.45, 12.5], "size": [3, 7, 3], "uv": [65, 26]}
					]
				},
				{
					"name": "bone2",
					"parent": "bone",
					"pivot": [0, -23.95, 14],
					"cubes": [
						{"origin": [-1, -31.45, 13], "size": [2, 7, 2], "uv": [32, 63]}
					]
				},
				{
					"name": "fire",
					"parent": "bone2",
					"pivot": [0, -31.45, 14],
					"rotation": [180, 0, 0],
					"cubes": [
						{"origin": [0, -31.45, 10.5], "size": [0, 10, 7], "uv": [0, 52]},
						{"origin": [0, -31.45, 10.5], "size": [0, 10, 7], "pivot": [0, -41.55, 14], "rotation": [0, 90, 0], "uv": [0, 62]}
					]
				},
				{
					"name": "bone9",
					"parent": "bone13",
					"pivot": [0.75, 26.55, 14.5],
					"cubes": [
						{"origin": [-3.5, 26.55, 10.5], "size": [7, 7, 7], "uv": [0, 45]}
					]
				},
				{
					"name": "bone10",
					"parent": "bone9",
					"pivot": [0, 33.05, 14],
					"cubes": [
						{"origin": [-3.5, 33.55, 10.5], "size": [7, 7, 7], "inflate": 0.001, "uv": [44, 31]}
					]
				},
				{
					"name": "arm_left",
					"parent": "bone10",
					"pivot": [3, 38.55, 14.75],
					"cubes": [
						{"origin": [3, 37.55, 12.25], "size": [11, 2, 3], "uv": [24, 0]},
						{"origin": [4, 38.55, 15.25], "size": [7, 0, 5], "uv": [27, 5]}
					]
				},
				{
					"name": "hand_left",
					"parent": "arm_left",
					"pivot": [14, 38.55, 13.75],
					"cubes": [
						{"origin": [14, 37.55, 11.75], "size": [8, 2, 4], "uv": [38, 59]}
					]
				},
				{
					"name": "claw_left1",
					"parent": "hand_left",
					"pivot": [16.75, 27.3, 11.35],
					"rotation": [15, 0, 0],
					"cubes": [
						{"origin": [21.75, 37.90785, 14.72764], "size": [2, 0, 1], "uv": [0, 22]}
					]
				},
				{
					"name": "claw_left2",
					"parent": "hand_left",
					"pivot": [16.75, 27.55, 12.75],
					"cubes": [
						{"origin": [22, 38.8, 13.25], "size": [2, 0, 1], "uv": [0, 21]}
					]
				},
				{
					"name": "claw_left3",
					"parent": "hand_left",
					"pivot": [16.75, 27.3, 14.15],
					"rotation": [-15, 0, 0],
					"cubes": [
						{"origin": [21.75, 38.42548, 11.70421], "size": [2, 0, 1], "uv": [0, 20]}
					]
				},
				{
					"name": "arm_right",
					"parent": "bone10",
					"pivot": [2.33484, 37.41035, 16.34022],
					"cubes": [
						{"origin": [-7.66516, 37.41035, 12.84022], "size": [11, 2, 3], "uv": [24, 0], "mirror": true},
						{"origin": [-4.66516, 38.41035, 15.84022], "size": [7, 0, 5], "uv": [27, 5], "mirror": true}
					]
				},
				{
					"name": "hand_right",
					"parent": "arm_right",
					"pivot": [-8.66516, 38.41035, 14.34022],
					"cubes": [
						{"origin": [-15.66516, 37.41035, 12.34022], "size": [8, 2, 4], "uv": [38, 59], "mirror": true}
					]
				},
				{
					"name": "claw_right1",
					"parent": "hand_right",
					"pivot": [-10.41516, 27.16035, 11.94022],
					"rotation": [15, 0, 0],
					"cubes": [
						{"origin": [-17.41516, 37.76819, 15.31786], "size": [2, 0, 1], "uv": [0, 22], "mirror": true}
					]
				},
				{
					"name": "claw_right2",
					"parent": "hand_right",
					"pivot": [-10.41516, 27.41035, 13.34022],
					"cubes": [
						{"origin": [-17.66516, 38.66035, 13.84022], "size": [2, 0, 1], "uv": [0, 21], "mirror": true}
					]
				},
				{
					"name": "claw_right3",
					"parent": "hand_right",
					"pivot": [-10.41516, 27.16035, 14.74022],
					"rotation": [-15, 0, 0],
					"cubes": [
						{"origin": [-17.41516, 38.28583, 12.29443], "size": [2, 0, 1], "uv": [0, 20], "mirror": true}
					]
				},
				{
					"name": "bone11",
					"parent": "bone10",
					"pivot": [0, 40.05, 14],
					"cubes": [
						{"origin": [-3.5, 40.55, 10.5], "size": [7, 7, 7], "uv": [21, 38]}
					]
				},
				{
					"name": "bone12",
					"parent": "bone11",
					"pivot": [0, 48, 14],
					"rotation": [-90, 180, 0],
					"cubes": [
						{"origin": [-3.5, 44.5, 7.5], "size": [7, 7, 7], "inflate": 0.001, "uv": [0, 31]}
					]
				},
				{
					"name": "head",
					"parent": "bone12",
					"pivot": [0, 48.13953, 7.81121],
					"rotation": [0, 0, -180],
					"cubes": [
						{"origin": [-4, 44.77906, 0.5], "size": [8, 7, 7], "uv": [0, 17]},
						{"origin": [-1.5, 49.8554, 6.04404], "size": [3, 2, 10], "pivot": [0, 50.77906, 6.25], "rotation": [25, 0, 0], "uv": [44, 14]},
						{"origin": [-2.5, 45.77906, -3.5], "size": [5, 3, 4], "uv": [59, 45]},
						{"origin": [-1.75, 45.27906, -2.25], "size": [0, 1, 1], "pivot": [-1.5, 45.77906, -2.25], "rotation": [45, -20, 0], "uv": [0, 1]},
						{"origin": [1.75, 45.27906, -2.25], "size": [0, 1, 1], "pivot": [1.5, 45.77906, -2.25], "rotation": [45, 20, 0], "uv": [0, 0]}
					]
				},
				{
					"name": "jaw",
					"parent": "head",
					"pivot": [1.25, 2.77906, 27.5],
					"cubes": [
						{"origin": [-2, 44.77906, -3], "size": [4, 1, 4], "inflate": 0.01, "uv": [44, 26]}
					]
				},
				{
					"name": "eyes",
					"parent": "head",
					"pivot": [1.25, 5.77906, 29.25]
				},
				{
					"name": "eye_left",
					"parent": "eyes",
					"pivot": [5.26, 5.77906, 29.25],
					"rotation": [15, 0, 0],
					"cubes": [
						{"origin": [4.01, 53.30199, 12.79922], "size": [0, 2, 3], "uv": [0, 14]}
					]
				},
				{
					"name": "eyelid_left",
					"parent": "eye_left",
					"pivot": [4.66, 5.77906, 29.25],
					"cubes": [
						{"origin": [2.91, 53.30199, 12.79922], "size": [1, 2, 3], "inflate": 0.01, "uv": [64, 0]}
					]
				},
				{
					"name": "eye_right",
					"parent": "eyes",
					"pivot": [-2.76, 5.77906, 29.25],
					"rotation": [15, 0, 0],
					"cubes": [
						{"origin": [-4.01, 53.30199, 12.79922], "size": [0, 2, 3], "uv": [0, 2]}
					]
				},
				{
					"name": "eyelid_right",
					"parent": "eye_right",
					"pivot": [-2.16, 5.77906, 29.25],
					"cubes": [
						{"origin": [-3.91, 53.30199, 12.79922], "size": [1, 2, 3], "inflate": 0.01, "uv": [0, 0]}
					]
				}
			]
		}
	]
}