{
	"format_version": "1.12.0",
	"minecraft:geometry": [
		{
			"description": {
				"identifier": "geometry.espeon",
				"texture_width": 64,
				"texture_height": 64,
				"visible_bounds_width": 6,
				"visible_bounds_height": 3.5,
				"visible_bounds_offset": [0, 1.25, 0]
			},
			"bones": [
				{
					"name": "espeon",
					"pivot": [0, 0, 0]
				},
				{
					"name": "body",
					"parent": "espeon",
					"pivot": [0, 10.25, 0]
				},
				{
					"name": "torso",
					"parent": "body",
					"pivot": [0, 10.25, 0],
					"cubes": [
						{"origin": [-3.5, 7.25, -7], "size": [7, 6, 14], "uv": [0, 0]}
					]
				},
				{
					"name": "head",
					"parent": "torso",
					"pivot": [0, 13.25, -6],
					"cubes": [
						{"origin": [-3.5, 10.75, -12], "size": [7, 7, 7], "inflate": 0.01, "uv": [0, 20]},
						{"origin": [0.5, 15.75, -14], "size": [0, 6, 6], "inflate": 0.01, "pivot": [0.5, 16.25, -11], "rotation": [0, 25, 0], "uv": [0, 36]},
						{"origin": [-2.5, 10.75, -12.5], "size": [5, 2, 1], "uv": [34, 33]},
						{"origin": [-0.5, 11.75, -12.5], "size": [1, 1, 0], "inflate": 0.01, "uv": [0, 2]}
					]
				},
				{
					"name": "mouth",
					"parent": "head",
					"pivot": [0, 11.26, -12.41],
					"cubes": [
						{"origin": [-1, 10.76, -12.41], "size": [2, 1, 0], "uv": [0, 0]}
					]
				},
				{
					"name": "eyes",
					"parent": "head",
					"pivot": [0, 14.25218, -11]
				},
				{
					"name": "eye_left",
					"parent": "eyes",
					"pivot": [2.515, 14.25, -11.015],
					"cubes": [
						{"origin": [1.515, 13.25, -12.015], "size": [2, 2, 2], "uv": [38, 7]}
					]
				},
				{
					"name": "eyelid_left",
					"parent": "eye_left",
					"pivot": [2.415, 14.25, -10.915],
					"cubes": [
						{"origin": [1.415, 13.25, -11.915], "size": [2, 2, 2], "inflate": 0.01, "uv": [37, 36]}
					]
				},
				{
					"name": "eye_right",
					"parent": "eyes",
					"pivot": [-2.515, 14.25, -11.015],
					"cubes": [
						{"origin": [-3.515, 13.25, -12.015], "size": [2, 2, 2], "uv": [38, 7], "mirror": true}
					]
				},
				{
					"name": "eyelid_right",
					"parent": "eye_right",
					"pivot": [-2.415, 14.25, -10.915],
					"cubes": [
						{"origin": [-3.415, 13.25, -11.915], "size": [2, 2, 2], "inflate": 0.01, "uv": [37, 36], "mirror": true}
					]
				},
				{
					"name": "ear_left",
					"parent": "head",
					"pivot": [3.75, 18.25, -8],
					"rotation": [25.07451, -20.74846, -45.82502],
					"cubes": [
						{"origin": [1.5, 13.75, -8], "size": [14, 6, 0], "uv": [21, 20]}
					]
				},
				{
					"name": "ear_right",
					"parent": "head",
					"pivot": [-3.75, 18.25, -8],
					"rotation": [25.07451, 20.74846, 45.82502],
					"cubes": [
						{"origin": [-15.5, 13.75, -8], "size": [14, 6, 0], "uv": [21, 40], "mirror": true}
					]
				},
				{
					"name": "fur_left",
					"parent": "head",
					"pivot": [3.5, 14.5, -8.5],
					"rotation": [5.84967, -64.89232, 7.52626],
					"cubes": [
						{"origin": [3.25, 10.5, -8.5], "size": [6, 4, 0], "uv": [12, 34]}
					]
				},
				{
					"name": "fur_right",
					"parent": "head",
					"pivot": [-3.5, 14.5, -8.5],
					"rotation": [5.84967, 64.89232, -7.52626],
					"cubes": [
						{"origin": [-9.25, 10.5, -8.5], "size": [6, 4, 0], "uv": [12, 34], "mirror": true}
					]
				},
				{
					"name": "lefttail",
					"parent": "torso",
					"pivot": [0, 12.75, 7],
					"rotation": [0, 17.5, 0],
					"cubes": [
						{"origin": [0, 12.75, 7], "size": [0, 2, 4], "inflate": 0.01, "uv": [56, 26]}
					]
				},
				{
					"name": "tail2",
					"parent": "lefttail",
					"pivot": [0, 12.75, 11],
					"cubes": [
						{"origin": [0, 12.75, 11], "size": [0, 2, 4], "uv": [56, 28]}
					]
				},
				{
					"name": "tail3",
					"parent": "tail2",
					"pivot": [0, 12.75, 15],
					"cubes": [
						{"origin": [0, 12.75, 15], "size": [0, 2, 4], "inflate": 0.01, "uv": [56, 30]}
					]
				},
				{
					"name": "tail4",
					"parent": "tail3",
					"pivot": [0, 14.75, 19],
					"cubes": [
						{"origin": [0, 12.75, 19], "size": [0, 2, 4], "uv": [56, 32]}
					]
				},
				{
					"name": "tail5",
					"parent": "tail4",
					"pivot": [0, 14.75, 23],
					"cubes": [
						{"origin": [0, 12.75, 23], "size": [0, 2, 5], "inflate": 0.01, "uv": [54, 33]}
					]
				},
				{
					"name": "tail6",
					"parent": "tail5",
					"pivot": [0, 14.75, 28],
					"cubes": [
						{"origin": [0, 12.25, 28], "size": [0, 3, 4], "uv": [56, 36]}
					]
				},
				{
					"name": "righttail",
					"parent": "torso",
					"pivot": [0, 12.75, 7],
					"rotation": [0, -17.5, 0],
					"cubes": [
						{"origin": [0, 12.75, 7], "size": [0, 2, 4], "inflate": 0.01, "uv": [56, 26], "mirror": true}
					]
				},
				{
					"name": "tail7",
					"parent": "righttail",
					"pivot": [0, 12.75, 11],
					"cubes": [
						{"origin": [0, 12.75, 11], "size": [0, 2, 4], "uv": [56, 28], "mirror": true}
					]
				},
				{
					"name": "tail8",
					"parent": "tail7",
					"pivot": [0, 12.75, 15],
					"cubes": [
						{"origin": [0, 12.75, 15], "size": [0, 2, 4], "inflate": 0.01, "uv": [56, 30], "mirror": true}
					]
				},
				{
					"name": "tail9",
					"parent": "tail8",
					"pivot": [0, 14.75, 19],
					"cubes": [
						{"origin": [0, 12.75, 19], "size": [0, 2, 4], "uv": [56, 32], "mirror": true}
					]
				},
				{
					"name": "tail10",
					"parent": "tail9",
					"pivot": [0, 14.75, 23],
					"cubes": [
						{"origin": [0, 12.75, 23], "size": [0, 2, 5], "inflate": 0.01, "uv": [54, 33], "mirror": true}
					]
				},
				{
					"name": "tail11",
					"parent": "tail10",
					"pivot": [0, 14.75, 28],
					"cubes": [
						{"origin": [0, 12.25, 28], "size": [0, 3, 4], "uv": [56, 36], "mirror": true}
					]
				},
				{
					"name": "leg_front_left",
					"parent": "body",
					"pivot": [2.5, 9, -4.5],
					"rotation": [7.5, 0, 0],
					"cubes": [
						{"origin": [1, 4.5, -6], "size": [3, 6, 3], "inflate": 0.01, "uv": [28, 0]}
					]
				},
				{
					"name": "leg_front_left2",
					"parent": "leg_front_left",
					"pivot": [2.5, 4.5, -3],
					"rotation": [-22.5, 0, 0],
					"cubes": [
						{"origin": [1, 0.5, -6], "size": [3, 4, 3], "uv": [25, 33]}
					]
				},
				{
					"name": "leg_front_left3",
					"parent": "leg_front_left2",
					"pivot": [2.5, 1, -4.5],
					"rotation": [15, 0, 0],
					"cubes": [
						{"origin": [1, -0.75, -6.25], "size": [3, 2, 3], "inflate": 0.01, "uv": [0, 34]}
					]
				},
				{
					"name": "leg_front_right",
					"parent": "body",
					"pivot": [-2.5, 9, -4.5],
					"rotation": [7.5, 0, 0],
					"cubes": [
						{"origin": [-4, 4.5, -6], "size": [3, 6, 3], "inflate": 0.01, "uv": [28, 0], "mirror": true}
					]
				},
				{
					"name": "leg_front_right2",
					"parent": "leg_front_right",
					"pivot": [-2.5, 4.5, -3],
					"rotation": [-22.5, 0, 0],
					"cubes": [
						{"origin": [-4, 0.5, -6], "size": [3, 4, 3], "uv": [25, 33], "mirror": true}
					]
				},
				{
					"name": "leg_front_right3",
					"parent": "leg_front_right2",
					"pivot": [-2.5, 1, -4.5],
					"rotation": [15, 0, 0],
					"cubes": [
						{"origin": [-4, -0.75, -6.25], "size": [3, 2, 3], "inflate": 0.01, "uv": [0, 34], "mirror": true}
					]
				},
				{
					"name": "leg_back_left",
					"parent": "body",
					"pivot": [2.5, 9, 4.75],
					"rotation": [5, 0, 0],
					"cubes": [
						{"origin": [1, 4.5, 2.75], "size": [3, 6, 4], "inflate": 0.01, "uv": [0, 0]}
					]
				},
				{
					"name": "leg_back_left2",
					"parent": "leg_back_left",
					"pivot": [2.5, 4.5, 6.25],
					"rotation": [-12.5, 0, 0],
					"cubes": [
						{"origin": [1, 0.75, 4.25], "size": [3, 4, 3], "uv": [28, 26]}
					]
				},
				{
					"name": "leg_back_left3",
					"parent": "leg_back_left2",
					"pivot": [2.5, 1.25, 5.75],
					"rotation": [7.5, 0, 0],
					"cubes": [
						{"origin": [1, -0.25, 4], "size": [3, 2, 3], "inflate": 0.01, "uv": [28, 9]}
					]
				},
				{
					"name": "leg_back_right",
					"parent": "body",
					"pivot": [-2.5, 9, 4.75],
					"rotation": [5, 0, 0],
					"cubes": [
						{"origin": [-4, 4.5, 2.75], "size": [3, 6, 4], "inflate": 0.01, "uv": [0, 0], "mirror": true}
					]
				},
				{
					"name": "leg_back_right2",
					"parent": "leg_back_right",
					"pivot": [-2.5, 4.5, 6.25],
					"rotation": [-12.5, 0, 0],
					"cubes": [
						{"origin": [-4, 0.75, 4.25], "size": [3, 4, 3], "uv": [28, 26], "mirror": true}
					]
				},
				{
					"name": "leg_back_right3",
					"parent": "leg_back_right2",
					"pivot": [-2.5, 1.25, 5.75],
					"rotation": [7.5, 0, 0],
					"cubes": [
						{"origin": [-4, -0.25, 4], "size": [3, 2, 3], "inflate": 0.01, "uv": [28, 9], "mirror": true}
					]
				}
			]
		}
	]
}