{
	"format_version": "1.12.0",
	"minecraft:geometry": [
		{
			"description": {
				"identifier": "geometry.pyroat",
				"texture_width": 128,
				"texture_height": 128,
				"visible_bounds_width": 3,
				"visible_bounds_height": 3.5,
				"visible_bounds_offset": [0, 1.25, 0]
			},
			"bones": [
				{
					"name": "pyroat",
					"pivot": [0, 0, 0]
				},
				{
					"name": "body",
					"parent": "pyroat",
					"pivot": [0, 0, 0]
				},
				{
					"name": "torso",
					"parent": "body",
					"pivot": [0, 8.5, 3.75],
					"cubes": [
						{"origin": [-3.5, 6.75, 1], "size": [7, 7, 5], "uv": [21, 9]},
						{"origin": [-3.5, 10.75, 5], "size": [0, 3, 3], "pivot": [-3.5, 10.75, 5], "rotation": [0, -20, 0], "uv": [0, 14]},
						{"origin": [3.5, 10.75, 5], "size": [0, 3, 3], "pivot": [3.5, 10.75, 5], "rotation": [0, 20, 0], "uv": [0, 14], "mirror": true},
						{"origin": [-3.5, 14.26209, 4.90988], "size": [7, 0, 5], "pivot": [1.5, 14.26209, 6.40988], "rotation": [20, 0, 0], "uv": [-5, 34]},
						{"origin": [-3, 6.75, -6], "size": [6, 7, 7], "inflate": 0.01, "uv": [0, 0]}
					]
				},
				{
					"name": "flame",
					"parent": "torso",
					"pivot": [0, 10.95, 9],
					"rotation": [17.5, 0, 0],
					"cubes": [
						{"origin": [2.9, 5.75, 5], "size": [0, 6, 9], "pivot": [-0.5, 9.95, 8], "rotation": [5.67379, 20.25243, -73.98586], "uv": [0, 19]},
						{"origin": [-2.9, 5.75, 5], "size": [0, 6, 9], "pivot": [0.5, 9.95, 8], "rotation": [5.67379, -20.25243, 73.98586], "uv": [0, 19], "mirror": true}
					]
				},
				{
					"name": "fur",
					"parent": "torso",
					"pivot": [2, 11.75, -6.2],
					"cubes": [
						{"origin": [-2, 9.25, -7.4], "size": [4, 3, 4], "inflate": 0.01, "pivot": [0, 9.25, -6], "rotation": [17.5, 0, 0], "uv": [44, 29]},
						{"origin": [-2, 12.13194, -7.16706], "size": [4, 3, 0], "inflate": 0.01, "pivot": [0, 13.63194, -7.06706], "rotation": [25, 0, 0], "uv": [45, 19]},
						{"origin": [-1.5, 7.25, -7.4], "size": [3, 2, 1], "inflate": 0.01, "pivot": [0, 9.25, -6], "rotation": [17.5, 0, 0], "uv": [59, 13]},
						{"origin": [-2.5, 6.25, -7], "size": [5, 3, 4], "inflate": 0.01, "pivot": [0, 9.25, -6], "rotation": [17.5, 0, 0], "uv": [40, 4]},
						{"origin": [-1, 11.75, -6.2], "size": [5, 4, 4], "inflate": 0.01, "pivot": [2, 13.75, -4.2], "rotation": [21.66119, 48.20927, 34.09957], "uv": [0, 62]},
						{"origin": [0, 9.25, -8.2], "size": [4, 3, 5], "inflate": 0.01, "pivot": [2, 11.75, -6.2], "rotation": [21.66119, 48.20927, 34.09957], "uv": [26, 0]},
						{"origin": [0, 9.75, -7.2], "size": [3, 4, 5], "inflate": 0.01, "pivot": [2, 11.75, -6.2], "rotation": [21.66119, 48.20927, 34.09957], "uv": [39, 36]},
						{"origin": [-4, 11.75, -6.2], "size": [5, 4, 4], "inflate": 0.01, "pivot": [-2, 13.75, -4.2], "rotation": [21.66119, -48.20927, -34.09957], "uv": [0, 62], "mirror": true},
						{"origin": [-3, 9.75, -7.2], "size": [3, 4, 5], "inflate": 0.01, "pivot": [-2, 11.75, -6.2], "rotation": [21.66119, -48.20927, -34.09957], "uv": [39, 36], "mirror": true},
						{"origin": [-4, 9.25, -8.2], "size": [4, 3, 5], "inflate": 0.01, "pivot": [-2, 11.75, -6.2], "rotation": [21.66119, -48.20927, -34.09957], "uv": [26, 0], "mirror": true}
					]
				},
				{
					"name": "neck",
					"parent": "torso",
					"pivot": [0, 8.65, -1.5],
					"cubes": [
						{"origin": [-2, 11.55, -4.5], "size": [4, 8, 4], "pivot": [0, 8, -2], "rotation": [20, 0, 0], "uv": [28, 29]}
					]
				},
				{
					"name": "head",
					"parent": "neck",
					"pivot": [0.1, 18.75, -6],
					"cubes": [
						{"origin": [-3, 16.75, -10.5], "size": [6, 7, 7], "uv": [0, 14]},
						{"origin": [4.28823, 14.45, -5.25111], "size": [0, 7, 4], "pivot": [3.38823, 20.25, -2.05111], "rotation": [-55.84963, 22.38324, -34.27219], "uv": [12, 47]},
						{"origin": [-4.28823, 14.45, -5.25111], "size": [0, 7, 4], "pivot": [-3.38823, 20.25, -2.05111], "rotation": [-55.84963, -22.38324, 34.27219], "uv": [12, 47]},
						{"origin": [-2.5, 24.3736, -3.44191], "size": [5, 0, 3], "pivot": [0, 23.8736, -1.44191], "rotation": [17.5, 0, 0], "uv": [16, 0]},
						{"origin": [-3, 16.75, -12.5], "size": [6, 6, 2], "uv": [26, 62]},
						{"origin": [-2.1, 17.25, -14.5], "size": [4, 3, 3], "pivot": [-0.1, 18.75, -13.5], "rotation": [12.5, 0, 0], "uv": [16, 45]}
					]
				},
				{
					"name": "bone2",
					"parent": "head",
					"pivot": [1.5, 23.75, -5.25],
					"cubes": [
						{"origin": [2.1, 27.15, -4.95], "size": [1, 2, 1], "pivot": [1.5, 23.75, -5.25], "rotation": [-10.70424, 4.61182, -3.60984], "uv": [45, 22]},
						{"origin": [1.52616, 32.87189, -8.8354], "size": [1, 2, 1], "pivot": [0.95116, 27.47189, -9.1354], "rotation": [-70.70424, 4.61182, -3.60984], "uv": [42, 67]},
						{"origin": [1.4, 26.15, -7.45], "size": [2, 2, 2], "pivot": [1.5, 23.75, -5.25], "rotation": [-35.0205, 5.96276, 3.79923], "uv": [52, 57]},
						{"origin": [1, 23.95, -7.95], "size": [2, 3, 2], "pivot": [1.5, 23.75, -5.25], "rotation": [-35.0205, 5.96276, 3.79923], "uv": [53, 43]},
						{"origin": [0.5, 22.25, -8.35], "size": [2, 3, 2], "pivot": [1.5, 23.75, -5.25], "rotation": [-12.5205, 5.96276, 3.79923], "uv": [30, 57]},
						{"origin": [0.5, 22.25, -8.55], "size": [2, 3, 0], "pivot": [1.5, 23.75, -5.25], "rotation": [-7.5205, 5.96276, 3.79923], "uv": [0, 62]},
						{"origin": [-2.5, 22.25, -8.55], "size": [2, 3, 0], "pivot": [-1.5, 23.75, -5.25], "rotation": [-7.5205, -5.96276, -3.79923], "uv": [0, 62], "mirror": true},
						{"origin": [-2.5, 22.25, -8.35], "size": [2, 3, 2], "pivot": [-1.5, 23.75, -5.25], "rotation": [-12.5205, -5.96276, -3.79923], "uv": [30, 57], "mirror": true},
						{"origin": [-3, 23.95, -7.95], "size": [2, 3, 2], "pivot": [-1.5, 23.75, -5.25], "rotation": [-35.0205, -5.96276, -3.79923], "uv": [53, 43], "mirror": true},
						{"origin": [-3.4, 26.15, -7.45], "size": [2, 2, 2], "pivot": [-1.5, 23.75, -5.25], "rotation": [-35.0205, -5.96276, -3.79923], "uv": [52, 57], "mirror": true},
						{"origin": [-3.1, 27.15, -4.95], "size": [1, 2, 1], "pivot": [-1.5, 23.75, -5.25], "rotation": [-10.70424, -4.61182, 3.60984], "uv": [45, 22], "mirror": true},
						{"origin": [-2.52616, 32.87189, -8.8354], "size": [1, 2, 1], "pivot": [-0.95116, 27.47189, -9.1354], "rotation": [-70.70424, -4.61182, 3.60984], "uv": [42, 67], "mirror": true}
					]
				},
				{
					"name": "eyes",
					"parent": "head",
					"pivot": [-0.15, 18.75, -10]
				},
				{
					"name": "eye_right",
					"parent": "eyes",
					"pivot": [-4.6, 19, -7.5]
				},
				{
					"name": "eyelid_right",
					"parent": "eye_right",
					"pivot": [-2.8645, 19.75, -8.01],
					"cubes": [
						{"origin": [-2.8645, 18.75, -10.385], "size": [1, 3, 3], "inflate": 0.06, "uv": [58, 7]}
					]
				},
				{
					"name": "eye_left",
					"parent": "eyes",
					"pivot": [4.75, 19, -7.5],
					"cubes": [
						{"origin": [3.01, 18.75, -10.375], "size": [0, 3, 3], "inflate": 0.001, "uv": [0, 0]},
						{"origin": [3.02, 18.75, -10.375], "size": [0, 2, 2], "inflate": 0.001, "uv": [39, 1]},
						{"origin": [-3.02, 18.75, -10.375], "size": [0, 2, 2], "inflate": 0.001, "uv": [39, 1]},
						{"origin": [-3.01, 18.75, -10.375], "size": [0, 3, 3], "inflate": 0.001, "uv": [0, 0]}
					]
				},
				{
					"name": "eyelid_left",
					"parent": "eye_left",
					"pivot": [2.8645, 19.75, -8.01],
					"cubes": [
						{"origin": [1.8645, 18.75, -10.385], "size": [1, 3, 3], "inflate": 0.06, "uv": [58, 7]}
					]
				},
				{
					"name": "mouth_open",
					"parent": "head",
					"pivot": [-0.05, 18, -10.5]
				},
				{
					"name": "ear_left",
					"parent": "head",
					"pivot": [2.2, 19.75, -7.5],
					"rotation": [0, -2.5, 15],
					"cubes": [
						{"origin": [1.24447, 24.67061, -8.14138], "size": [3, 3, 0], "pivot": [3.29862, 24.86799, -6.69147], "rotation": [-135.24287, -56.77675, -64.9906], "uv": [59, 16]},
						{"origin": [5.369, 24.39343, -8.57397], "size": [5, 3, 0], "pivot": [3.36141, 24.5908, -7.35491], "rotation": [-112.43648, -65.3311, -90.87926], "uv": [20, 57]}
					]
				},
				{
					"name": "bone",
					"parent": "ear_left",
					"pivot": [2.81116, 21.25734, -4.10271]
				},
				{
					"name": "ear_right",
					"parent": "head",
					"pivot": [-2.1, 19.15, -7.1],
					"rotation": [0, 0, -15],
					"cubes": [
						{"origin": [-10.169, 24.39343, -8.57397], "size": [5, 3, 0], "pivot": [-3.16141, 24.5908, -7.35491], "rotation": [-112.43648, 65.3311, 90.87926], "uv": [20, 57], "mirror": true},
						{"origin": [-4.04447, 24.67061, -8.14138], "size": [3, 3, 0], "pivot": [-3.09862, 24.86799, -6.69147], "rotation": [-135.24287, 56.77675, 64.9906], "uv": [59, 16], "mirror": true}
					]
				},
				{
					"name": "leg_front_right",
					"parent": "body",
					"pivot": [2.25, 8.5, -3],
					"cubes": [
						{"origin": [0.75, 5, -5.5], "size": [3, 5, 3], "uv": [50, 19]}
					]
				},
				{
					"name": "leg_front_right2",
					"parent": "leg_front_right",
					"pivot": [2.25, 6, -3.75],
					"cubes": [
						{"origin": [1.25, 1.25, -4.75], "size": [2, 4, 2], "uv": [52, 51]},
						{"origin": [3.3, 1, -3.3], "size": [0, 2, 2], "inflate": 0.01, "pivot": [3.75, 2, -2], "rotation": [15, 0, 0], "uv": [26, 24]}
					]
				},
				{
					"name": "leg_front_right3",
					"parent": "leg_front_right2",
					"pivot": [2.25, 1.5, -2.75],
					"cubes": [
						{"origin": [0.75, 0, -5.5], "size": [3, 1, 2], "inflate": 0.01, "uv": [54, 48]},
						{"origin": [1.25, 0.05, -5], "size": [2, 2, 2], "inflate": 0.01, "uv": [58, 55]}
					]
				},
				{
					"name": "leg_front_left",
					"parent": "body",
					"pivot": [-2.25, 8.5, -3],
					"cubes": [
						{"origin": [-3.75, 5, -5.5], "size": [3, 5, 3], "uv": [0, 50]}
					]
				},
				{
					"name": "leg_front_left2",
					"parent": "leg_front_left",
					"pivot": [-2.25, 5, -3.75],
					"cubes": [
						{"origin": [-3.25, 1.25, -4.75], "size": [2, 4, 2], "uv": [38, 53]},
						{"origin": [-3.3, 1, -3.3], "size": [0, 2, 2], "inflate": 0.01, "pivot": [-3.75, 2, -2], "rotation": [15, 0, 0], "uv": [26, 24]}
					]
				},
				{
					"name": "leg_front_left3",
					"parent": "leg_front_left2",
					"pivot": [-2.25, 1.5, -2.75],
					"cubes": [
						{"origin": [-3.75, 0, -5.5], "size": [3, 1, 2], "inflate": 0.01, "uv": [56, 39]},
						{"origin": [-3.25, 0.05, -5], "size": [2, 2, 2], "inflate": 0.01, "uv": [0, 58]}
					]
				},
				{
					"name": "leg_back_right",
					"parent": "body",
					"pivot": [2.25, 8.5, 4.5],
					"cubes": [
						{"origin": [1.25, 5, 3.7], "size": [3, 5, 3], "uv": [42, 45]}
					]
				},
				{
					"name": "leg_back_right2",
					"parent": "leg_back_right",
					"pivot": [2.25, 5, 6],
					"cubes": [
						{"origin": [1.75, 1.25, 4.95], "size": [2, 4, 2], "uv": [52, 51]}
					]
				},
				{
					"name": "leg_back_right3",
					"parent": "leg_back_right2",
					"pivot": [2.25, 1.5, 5.75],
					"cubes": [
						{"origin": [1.25, 0, 4.2], "size": [3, 1, 2], "inflate": 0.01, "uv": [54, 48]},
						{"origin": [1.75, 0.05, 4.7], "size": [2, 2, 2], "inflate": 0.01, "uv": [58, 55]},
						{"origin": [3.8, 1, 6.4], "size": [0, 2, 2], "inflate": 0.01, "pivot": [3.75, 2, 7.7], "rotation": [15, 0, 0], "uv": [32, 19]}
					]
				},
				{
					"name": "leg_back_left",
					"parent": "body",
					"pivot": [-2.25, 8.5, 4.5],
					"cubes": [
						{"origin": [-4.25, 5, 3.7], "size": [3, 5, 3], "uv": [30, 42]}
					]
				},
				{
					"name": "leg_back_left2",
					"parent": "leg_back_left",
					"pivot": [-2.25, 5, 6],
					"cubes": [
						{"origin": [-3.75, 1.25, 4.95], "size": [2, 4, 2], "uv": [38, 53]},
						{"origin": [-3.8, 1, 6.4], "size": [0, 2, 2], "inflate": 0.01, "pivot": [-3.75, 2, 7.7], "rotation": [15, 0, 0], "uv": [32, 19]}
					]
				},
				{
					"name": "leg_back_left3",
					"parent": "leg_back_left2",
					"pivot": [-2.25, 1.5, 5.75],
					"cubes": [
						{"origin": [-3.75, 0.05, 4.7], "size": [2, 2, 2], "inflate": 0.01, "uv": [0, 58]},
						{"origin": [-4.25, 0, 4.2], "size": [3, 1, 2], "inflate": 0.01, "uv": [56, 39]}
					]
				}
			]
		}
	]
}