{
	"format_version": "1.12.0",
	"minecraft:geometry": [
		{
			"description": {
				"identifier": "geometry.shulong",
				"texture_width": 32,
				"texture_height": 32,
				"visible_bounds_width": 3,
				"visible_bounds_height": 2.5,
				"visible_bounds_offset": [0, 0.75, 0]
			},
			"bones": [
				{
					"name": "root",
					"pivot": [0, 0, 0]
				},
				{
					"name": "head",
					"parent": "root",
					"pivot": [0, 5.1, 3]
				},
				{
					"name": "head_2",
					"parent": "head",
					"pivot": [0, 5.1, 3]
				},
				{
					"name": "top",
					"parent": "head_2",
					"pivot": [0, 5.62885, 1.5],
					"cubes": [
						{"origin": [-2.5, 5.57885, -2.45], "size": [5, 5, 5], "inflate": -0.2, "uv": [0, 0]}
					]
				},
				{
					"name": "right_ear",
					"parent": "top",
					"pivot": [-2.25, 10.27885, 0],
					"cubes": [
						{"origin": [-4.74204, 12.61821, -0.4], "size": [1, 1, 1], "inflate": 0.2, "pivot": [-3.625, 13.02885, 0], "rotation": [0, 0, -167.5], "uv": [23, 21], "mirror": true},
						{"origin": [-3.775, 11.12885, -0.9], "size": [2, 2, 2], "pivot": [-2.375, 11.02885, 0], "rotation": [0, 0, -42.5], "uv": [15, 20], "mirror": true},
						{"origin": [-3.25, 9.62885, -0.4], "size": [1, 2, 1], "inflate": 0.2, "pivot": [-2.375, 11.02885, 0], "rotation": [0, 0, -42.5], "uv": [0, 0], "mirror": true},
						{"origin": [-3.775, 12.62885, -0.9], "size": [2, 2, 2], "inflate": -0.2, "pivot": [-2.375, 11.02885, 0], "rotation": [0, 0, -42.5], "uv": [20, 14], "mirror": true},
						{"origin": [-5.61027, 11.96255, -0.4], "size": [1, 1, 1], "inflate": 0.2, "pivot": [-4.375, 12.02885, 0], "rotation": [0, 0, -97.5], "uv": [12, 20], "mirror": true}
					]
				},
				{
					"name": "left_ear",
					"parent": "top",
					"pivot": [2.25, 10.27885, 0],
					"cubes": [
						{"origin": [3.74204, 12.61821, -0.4], "size": [1, 1, 1], "inflate": 0.2, "pivot": [3.625, 13.02885, 0], "rotation": [0, 0, 167.5], "uv": [23, 21]},
						{"origin": [4.61027, 11.96255, -0.4], "size": [1, 1, 1], "inflate": 0.2, "pivot": [4.375, 12.02885, 0], "rotation": [0, 0, 97.5], "uv": [12, 20]},
						{"origin": [1.775, 11.12885, -0.9], "size": [2, 2, 2], "pivot": [2.375, 11.02885, 0], "rotation": [0, 0, 42.5], "uv": [15, 20]},
						{"origin": [1.775, 12.62885, -0.9], "size": [2, 2, 2], "inflate": -0.2, "pivot": [2.375, 11.02885, 0], "rotation": [0, 0, 42.5], "uv": [20, 14]},
						{"origin": [2.25, 9.62885, -0.4], "size": [1, 2, 1], "inflate": 0.2, "pivot": [2.375, 11.02885, 0], "rotation": [0, 0, 42.5], "uv": [0, 0]}
					]
				},
				{
					"name": "face",
					"parent": "top",
					"pivot": [0, 0.12885, 0]
				},
				{
					"name": "whiskers",
					"parent": "face",
					"pivot": [0, 0.12885, 0],
					"cubes": [
						{"origin": [-0.65, 6.12885, -2.6], "size": [1, 1, 1], "inflate": -0.3, "pivot": [-0.5, 8.07885, -2.3], "rotation": [0, 0, 59], "uv": [26, 13]},
						{"origin": [-0.65, 5.72885, -2.6], "size": [1, 1, 1], "inflate": -0.3, "pivot": [-0.5, 8.07885, -2.3], "rotation": [0, 0, 59], "uv": [11, 26]},
						{"origin": [-0.25, 6.00385, -2.6], "size": [1, 1, 1], "inflate": -0.3, "pivot": [-0.5, 8.07885, -2.3], "rotation": [0, 0, 46.5], "uv": [26, 9]},
						{"origin": [-0.25, 5.60385, -2.6], "size": [1, 1, 1], "inflate": -0.3, "pivot": [-0.5, 8.07885, -2.3], "rotation": [0, 0, 46.5], "uv": [7, 26]},
						{"origin": [-0.75, 6.00385, -2.6], "size": [1, 1, 1], "inflate": -0.3, "pivot": [0.5, 8.07885, -2.3], "rotation": [0, 0, -46.5], "uv": [26, 0]},
						{"origin": [-0.75, 5.60385, -2.6], "size": [1, 1, 1], "inflate": -0.3, "pivot": [0.5, 8.07885, -2.3], "rotation": [0, 0, -46.5], "uv": [25, 24]},
						{"origin": [-0.35, 6.12885, -2.6], "size": [1, 1, 1], "inflate": -0.3, "pivot": [0.5, 8.07885, -2.3], "rotation": [0, 0, -59], "uv": [22, 25]},
						{"origin": [-0.35, 5.72885, -2.6], "size": [1, 1, 1], "inflate": -0.3, "pivot": [0.5, 8.07885, -2.3], "rotation": [0, 0, -59], "uv": [25, 18]}
					]
				},
				{
					"name": "eyes",
					"parent": "face",
					"pivot": [0.5, 8.07885, -2.3],
					"cubes": [
						{"origin": [-1.65, 8.12885, -2.375], "size": [1, 1, 1], "inflate": -0.1, "pivot": [-0.5, 8.07885, -2.3], "rotation": [0, 0, 5], "uv": [4, 25]},
						{"origin": [-1.65, 7.32885, -2.375], "size": [1, 1, 1], "inflate": -0.1, "pivot": [-0.5, 8.07885, -2.3], "rotation": [0, 0, 5], "uv": [25, 3]},
						{"origin": [0.65, 8.12885, -2.375], "size": [1, 1, 1], "inflate": -0.1, "pivot": [0.5, 8.07885, -2.3], "rotation": [0, 0, -5], "uv": [0, 25]},
						{"origin": [0.65, 7.32885, -2.375], "size": [1, 1, 1], "inflate": -0.1, "pivot": [0.5, 8.07885, -2.3], "rotation": [0, 0, -5], "uv": [19, 24]}
					]
				},
				{
					"name": "eyeclosed",
					"parent": "eyes",
					"pivot": [-0.6, 7.67885, -2.15],
					"cubes": [
						{"origin": [0.35, 6.25385, -2.525], "size": [1, 1, 1], "inflate": -0.3, "pivot": [0.6, 7.67885, -2.15], "rotation": [-0.0095, 0.21782, -94.99527], "uv": [0, 3], "mirror": true},
						{"origin": [0.35, 6.65385, -2.525], "size": [1, 1, 1], "inflate": -0.3, "pivot": [0.6, 7.67885, -2.15], "rotation": [-0.0095, 0.21782, -94.99527], "uv": [0, 3], "mirror": true},
						{"origin": [0.35, 7.05385, -2.525], "size": [1, 1, 1], "inflate": -0.3, "pivot": [0.6, 7.67885, -2.15], "rotation": [-0.0095, 0.21782, -94.99527], "uv": [0, 3], "mirror": true},
						{"origin": [-1.35, 7.05385, -2.525], "size": [1, 1, 1], "inflate": -0.3, "pivot": [-0.6, 7.67885, -2.15], "rotation": [-0.0095, -0.21782, 94.99527], "uv": [0, 3]},
						{"origin": [-1.35, 6.65385, -2.525], "size": [1, 1, 1], "inflate": -0.3, "pivot": [-0.6, 7.67885, -2.15], "rotation": [-0.0095, -0.21782, 94.99527], "uv": [0, 3]},
						{"origin": [-1.35, 6.25385, -2.525], "size": [1, 1, 1], "inflate": -0.3, "pivot": [-0.6, 7.67885, -2.15], "rotation": [-0.0095, -0.21782, 94.99527], "uv": [0, 3]}
					]
				},
				{
					"name": "eyelid",
					"parent": "eyes",
					"pivot": [-0.5, 8.17885, -2.125],
					"cubes": [
						{"origin": [-1.35, 5.95385, -2.525], "size": [1, 1, 1], "inflate": -0.3, "pivot": [-0.6, 7.37885, -2.15], "rotation": [-0.0095, -0.21782, 94.99527], "uv": [0, 3]},
						{"origin": [-1.35, 6.35385, -2.525], "size": [1, 1, 1], "inflate": -0.3, "pivot": [-0.6, 7.37885, -2.15], "rotation": [-0.0095, -0.21782, 94.99527], "uv": [0, 3]},
						{"origin": [-1.35, 6.75385, -2.525], "size": [1, 1, 1], "inflate": -0.3, "pivot": [-0.6, 7.37885, -2.15], "rotation": [-0.0095, -0.21782, 94.99527], "uv": [0, 3]},
						{"origin": [-2.75, 6.75385, -2.525], "size": [2, 1, 1], "inflate": -0.3, "pivot": [-0.6, 7.37885, -2.15], "rotation": [-0.0095, -0.21782, 94.99527], "uv": [7, 18]},
						{"origin": [-2.75, 6.35385, -2.525], "size": [2, 1, 1], "inflate": -0.3, "pivot": [-0.6, 7.37885, -2.15], "rotation": [-0.0095, -0.21782, 94.99527], "uv": [7, 18]},
						{"origin": [-2.75, 5.95385, -2.525], "size": [2, 1, 1], "inflate": -0.3, "pivot": [-0.6, 7.37885, -2.15], "rotation": [-0.0095, -0.21782, 94.99527], "uv": [7, 18]},
						{"origin": [0.35, 5.95385, -2.525], "size": [1, 1, 1], "inflate": -0.3, "pivot": [0.6, 7.37885, -2.15], "rotation": [-0.0095, 0.21782, -94.99527], "uv": [0, 3], "mirror": true},
						{"origin": [0.35, 6.35385, -2.525], "size": [1, 1, 1], "inflate": -0.3, "pivot": [0.6, 7.37885, -2.15], "rotation": [-0.0095, 0.21782, -94.99527], "uv": [0, 3], "mirror": true},
						{"origin": [0.35, 6.75385, -2.525], "size": [1, 1, 1], "inflate": -0.3, "pivot": [0.6, 7.37885, -2.15], "rotation": [-0.0095, 0.21782, -94.99527], "uv": [0, 3], "mirror": true},
						{"origin": [0.75, 6.75385, -2.525], "size": [2, 1, 1], "inflate": -0.3, "pivot": [0.6, 7.37885, -2.15], "rotation": [-0.0095, 0.21782, -94.99527], "uv": [7, 18], "mirror": true},
						{"origin": [0.75, 6.35385, -2.525], "size": [2, 1, 1], "inflate": -0.3, "pivot": [0.6, 7.37885, -2.15], "rotation": [-0.0095, 0.21782, -94.99527], "uv": [7, 18], "mirror": true},
						{"origin": [0.75, 5.95385, -2.525], "size": [2, 1, 1], "inflate": -0.3, "pivot": [0.6, 7.37885, -2.15], "rotation": [-0.0095, 0.21782, -94.99527], "uv": [7, 18], "mirror": true}
					]
				},
				{
					"name": "mouth",
					"parent": "face",
					"pivot": [0, 0.12885, 0],
					"cubes": [
						{"origin": [1.35, 6.85385, -2.6], "size": [1, 1, 1], "inflate": -0.3, "pivot": [0.5, 8.07885, -2.3], "rotation": [0, 0, 90], "uv": [15, 24]},
						{"origin": [1.35, 7.25385, -2.6], "size": [1, 1, 1], "inflate": -0.3, "pivot": [0.5, 8.07885, -2.3], "rotation": [0, 0, 90], "uv": [22, 23]}
					]
				},
				{
					"name": "mouth_open",
					"parent": "face",
					"pivot": [0, 0.12885, 0.25],
					"cubes": [
						{"origin": [1.25, 6.87885, -2.35], "size": [1, 1, 1], "inflate": -0.3, "pivot": [0.5, 8.07885, -2.05], "rotation": [0, 0, 90], "uv": [0, 12]},
						{"origin": [1.25, 7.27885, -2.35], "size": [1, 1, 1], "inflate": -0.3, "pivot": [0.5, 8.07885, -2.05], "rotation": [0, 0, 90], "uv": [0, 12]},
						{"origin": [1.65, 6.87885, -2.35], "size": [1, 1, 1], "inflate": -0.3, "pivot": [0.5, 8.07885, -2.05], "rotation": [0, 0, 90], "uv": [0, 10]},
						{"origin": [1.65, 7.27885, -2.35], "size": [1, 1, 1], "inflate": -0.3, "pivot": [0.5, 8.07885, -2.05], "rotation": [0, 0, 90], "uv": [0, 10]}
					]
				},
				{
					"name": "torso",
					"parent": "head",
					"pivot": [0, 1.37885, 0],
					"cubes": [
						{"origin": [-1.5, 5.55385, -1.5], "size": [3, 1, 3], "inflate": 0.2, "uv": [12, 10]},
						{"origin": [-2, 1.37885, -2], "size": [4, 4, 4], "uv": [0, 10]},
						{"origin": [1.5, 1.37885, -1.5], "size": [1, 3, 3], "uv": [7, 20]},
						{"origin": [-2.5, 1.37885, -1.5], "size": [1, 3, 3], "uv": [7, 20], "mirror": true}
					]
				},
				{
					"name": "tail",
					"parent": "torso",
					"pivot": [0, 2.62885, 1.25],
					"cubes": [
						{"origin": [-1, 1.40661, 1.62933], "size": [2, 2, 3], "uv": [15, 0]}
					]
				},
				{
					"name": "tail_mid",
					"parent": "tail",
					"pivot": [0, 3.35281, 4.42274],
					"cubes": [
						{"origin": [-0.475, 1.90643, 4.36916], "size": [1, 1, 2], "inflate": 0.2, "uv": [22, 0]}
					]
				},
				{
					"name": "tail_tip",
					"parent": "tail_mid",
					"pivot": [0, 2.83301, 6.72482],
					"cubes": [
						{"origin": [-0.5, 1.92745, 6.1603], "size": [1, 1, 2], "uv": [21, 18]}
					]
				},
				{
					"name": "bip",
					"parent": "torso",
					"pivot": [0, 5.42885, -1.5],
					"cubes": [
						{"origin": [-1.5, 1.77885, -3.25], "size": [3, 3, 1], "inflate": 0.1, "pivot": [0, -0.37115, 0], "rotation": [-12.5, 0, 0], "uv": [20, 5]}
					]
				},
				{
					"name": "left_arm",
					"parent": "torso",
					"pivot": [2, 4.37885, 0],
					"cubes": [
						{"origin": [1.5, 3.77885, -0.5], "size": [2, 1, 1], "inflate": 0.2, "uv": [0, 23]}
					]
				},
				{
					"name": "right_arm",
					"parent": "torso",
					"pivot": [-2, 4.37885, 0],
					"cubes": [
						{"origin": [-3.5, 3.77885, -0.5], "size": [2, 1, 1], "inflate": 0.2, "uv": [0, 23], "mirror": true}
					]
				},
				{
					"name": "right_thigh",
					"parent": "torso",
					"pivot": [-1.25, 2.62885, 0.25],
					"cubes": [
						{"origin": [-2.225, 0.816, -1.4962], "size": [2, 2, 3], "uv": [0, 18]}
					]
				},
				{
					"name": "right_leg",
					"parent": "right_thigh",
					"pivot": [-1.25, 0.87885, 0.25],
					"cubes": [
						{"origin": [-1.74453, -0.0778, -2.2814], "size": [1, 1, 3], "inflate": -0.1, "uv": [21, 9], "mirror": true}
					]
				},
				{
					"name": "left_thigh_",
					"parent": "torso",
					"pivot": [1.25, 2.62885, 1],
					"cubes": [
						{"origin": [0.225, 0.816, -1.49619], "size": [2, 2, 3], "uv": [13, 15]}
					]
				},
				{
					"name": "left_leg",
					"parent": "left_thigh_",
					"pivot": [1.4, 0.87885, 0.25],
					"cubes": [
						{"origin": [0.7451, -0.07783, -2.2814], "size": [1, 1, 3], "inflate": -0.1, "uv": [21, 9]}
					]
				}
			]
		}
	]
}