{
  "species": "cobblemon:eghocharizard",
  "order": 0,
  "variations": [
    {
      "aspects": [],
      "poser": "cobblemon:generation1_eghocharizard",
      "model": "cobblemon:generation1_eghocharizard.geo",
      "texture": "cobblemon:textures/pokemon/generation1/eghocharizard/eghocharizard.png",
      "layers": [
	    {
          "name": "flame",
          "texture": {
            "frames": [
              "cobblemon:textures/pokemon/generation1/eghocharizard/flame/flame1.png",
              "cobblemon:textures/pokemon/generation1/eghocharizard/flame/flame2.png",
              "cobblemon:textures/pokemon/generation1/eghocharizard/flame/flame3.png",
              "cobblemon:textures/pokemon/generation1/eghocharizard/flame/flame4.png",
              "cobblemon:textures/pokemon/generation1/eghocharizard/flame/flame5.png",
              "cobblemon:textures/pokemon/generation1/eghocharizard/flame/flame6.png"
            ],
            "fps": 10,
            "loop": true
          },
          "emissive": true
        },
		{
          "name": "glow",
          "texture": "cobblemon:textures/pokemon/generation1/eghocharizard/eghocharizard_emissive.png",
          "emissive": true,
          "translucent": true
        }
	  ]
    },
    {
      "aspects": [
        "shiny"
      ],
      "texture": "cobblemon:textures/pokemon/generation1/eghocharizard/eghocharizard_shiny.png",
	  "layers": [
		{
          "name": "flame",
          "texture": {
            "frames": [
              "cobblemon:textures/pokemon/generation1/eghocharizard/flame_shiny/flame_shiny1.png",
              "cobblemon:textures/pokemon/generation1/eghocharizard/flame_shiny/flame_shiny2.png",
              "cobblemon:textures/pokemon/generation1/eghocharizard/flame_shiny/flame_shiny3.png",
              "cobblemon:textures/pokemon/generation1/eghocharizard/flame_shiny/flame_shiny4.png",
              "cobblemon:textures/pokemon/generation1/eghocharizard/flame_shiny/flame_shiny5.png",
              "cobblemon:textures/pokemon/generation1/eghocharizard/flame_shiny/flame_shiny6.png"
            ],
            "fps": 10,
            "loop": true
          },
          "emissive": true
        },
		{
          "name": "glow",
          "texture": "cobblemon:textures/pokemon/generation1/eghocharizard/eghocharizard_emissive_shiny.png",
          "emissive": true,
          "translucent": true
        }
	  ]
    }  
	]
}