{
	"format_version": "1.12.0",
	"minecraft:geometry": [
		{
			"description": {
				"identifier": "geometry.aegislash",
				"texture_width": 128,
				"texture_height": 128,
				"visible_bounds_width": 15,
				"visible_bounds_height": 5.5,
				"visible_bounds_offset": [0, 2.25, 0]
			},
			"bones": [
				{
					"name": "aegislash",
					"pivot": [0, 3, 0]
				},
				{
					"name": "body",
					"parent": "aegislash",
					"pivot": [0, 37.5, 0],
					"cubes": [
						{"origin": [-4, 27.5, 0.5], "size": [8, 3, 2], "uv": [78, 20]},
						{"origin": [-4, 30.5, -4], "size": [8, 3, 8], "uv": [27, 33]},
						{"origin": [-2, 33.5, -3], "size": [4, 7, 6], "uv": [67, 33]},
						{"origin": [-4, 27.5, -2.5], "size": [8, 3, 2], "uv": [67, 46]}
					]
				},
				{
					"name": "lefthammer",
					"parent": "body",
					"pivot": [0, 5, 0],
					"cubes": [
						{"origin": [4, 28.5, -7.5], "size": [15, 16, 15], "uv": [0, 0]},
						{"origin": [19, 26.5, -9.5], "size": [4, 20, 19], "uv": [0, 31]},
						{"origin": [23, 33.5, 0], "size": [6, 6, 0], "uv": [0, 6]},
						{"origin": [23, 33.5, 0], "size": [6, 6, 0], "pivot": [26, 36.5, 0], "rotation": [-90, 0, 0], "uv": [0, 0]},
						{"origin": [23, 28.5, 7.5], "size": [1, 16, 2], "uv": [42, 77]},
						{"origin": [23, 28.5, -9.5], "size": [1, 16, 2], "uv": [59, 33]},
						{"origin": [23, 44.5, -9.5], "size": [1, 2, 19], "uv": [46, 33]},
						{"origin": [23, 26.5, -9.5], "size": [1, 2, 19], "uv": [41, 12]},
						{"origin": [3.55, 43.25, -2.5], "size": [5.25, 3, 6], "pivot": [6.175, 44.5, -7.5], "rotation": [-90, 0, 0], "uv": [74, 0]},
						{"origin": [3.55, 44.75, -2.5], "size": [5.25, 3, 6], "pivot": [6.175, 44.5, 8.5], "rotation": [90, 0, 0], "uv": [22, 70]},
						{"origin": [3.55, 26.5, -3], "size": [5.25, 3, 6], "uv": [0, 70]},
						{"origin": [3.55, 42.75, -3], "size": [5.25, 3, 6], "uv": [62, 20]},
						{"origin": [2, 33.5, -4], "size": [2, 8, 8], "uv": [62, 4]}
					]
				},
				{
					"name": "righthammer",
					"parent": "body",
					"pivot": [0, 5, 0],
					"cubes": [
						{"origin": [-19, 28.5, -7.5], "size": [15, 16, 15], "uv": [0, 0], "mirror": true},
						{"origin": [-23, 26.5, -9.5], "size": [4, 20, 19], "uv": [0, 31], "mirror": true},
						{"origin": [-29, 33.5, 0], "size": [6, 6, 0], "uv": [0, 6], "mirror": true},
						{"origin": [-29, 33.5, 0], "size": [6, 6, 0], "pivot": [-26, 36.5, 0], "rotation": [-90, 0, 0], "uv": [0, 0], "mirror": true},
						{"origin": [-24, 28.5, 7.5], "size": [1, 16, 2], "uv": [42, 77], "mirror": true},
						{"origin": [-24, 28.5, -9.5], "size": [1, 16, 2], "uv": [59, 33], "mirror": true},
						{"origin": [-24, 44.5, -9.5], "size": [1, 2, 19], "uv": [46, 33], "mirror": true},
						{"origin": [-24, 26.5, -9.5], "size": [1, 2, 19], "uv": [41, 12], "mirror": true},
						{"origin": [-8.8, 43.25, -2.5], "size": [5.25, 3, 6], "pivot": [-6.175, 44.5, -7.5], "rotation": [-90, 0, 0], "uv": [74, 0], "mirror": true},
						{"origin": [-8.8, 44.75, -2.5], "size": [5.25, 3, 6], "pivot": [-6.175, 44.5, 8.5], "rotation": [90, 0, 0], "uv": [22, 70], "mirror": true},
						{"origin": [-8.8, 26.5, -3], "size": [5.25, 3, 6], "uv": [0, 70], "mirror": true},
						{"origin": [-8.8, 42.75, -3], "size": [5.25, 3, 6], "uv": [62, 20], "mirror": true},
						{"origin": [-4, 33.5, -4], "size": [2, 8, 8], "uv": [62, 4], "mirror": true}
					]
				},
				{
					"name": "eye",
					"parent": "body",
					"pivot": [0, 29, -2.5],
					"cubes": [
						{"origin": [-1.5, 27.5, -3], "size": [3, 3, 1], "uv": [58, 54]}
					]
				},
				{
					"name": "eyelid",
					"parent": "eye",
					"pivot": [0, 29, -2.475],
					"cubes": [
						{"origin": [-1.5, 27.5, -2.975], "size": [3, 3, 1], "inflate": 0.01, "uv": [51, 37]}
					]
				},
				{
					"name": "eye2",
					"parent": "eye",
					"pivot": [0, 29, -2.51],
					"cubes": [
						{"origin": [-0.5, 28, -3.01], "size": [1, 2, 1], "uv": [0, 31]}
					]
				},
				{
					"name": "blade",
					"parent": "body",
					"pivot": [0, 24.25, 0.5],
					"cubes": [
						{"origin": [-2, 7.75, -2], "size": [4, 21, 4], "inflate": 0.002, "uv": [46, 54]},
						{"origin": [-2.5, 15.85, -2.5], "size": [5, 7, 5], "uv": [62, 69]},
						{"origin": [-2.5, 6.25, -2.5], "size": [5, 3, 5], "inflate": 0.004, "uv": [77, 64]},
						{"origin": [-3, 0.25, -3], "size": [6, 6, 6], "inflate": 0.004, "uv": [45, 0]},
						{"origin": [3.94264, 18.95, -2], "size": [6, 11, 4], "pivot": [4.24264, 30.25, 0], "rotation": [0, 0, 35], "uv": [62, 54]},
						{"origin": [-9.94264, 18.95, -2], "size": [6, 11, 4], "pivot": [-4.24264, 30.25, 0], "rotation": [0, 0, -35], "uv": [62, 54], "mirror": true}
					]
				},
				{
					"name": "bone16",
					"parent": "blade",
					"pivot": [0.03033, 2.57589, -2.75],
					"cubes": [
						{"origin": [-1.5, -0.92678, -3.25], "size": [3, 3, 1], "inflate": 0.003, "pivot": [0.03033, 0.57322, -2.75], "rotation": [0, 0, 45], "uv": [51, 33]},
						{"origin": [-2.11409, 0.59867, -3.25], "size": [3, 6, 1], "inflate": 0.001, "uv": [27, 31]},
						{"origin": [-1.5, 0.59867, -3.25], "size": [3, 6, 1], "inflate": 0.002, "uv": [81, 32]},
						{"origin": [-0.86814, 0.59867, -3.25], "size": [3, 6, 1], "uv": [27, 31], "mirror": true}
					]
				},
				{
					"name": "bone4",
					"parent": "blade",
					"pivot": [0, 0.25, 0],
					"rotation": [0, 90, 0]
				},
				{
					"name": "arm",
					"parent": "bone4",
					"pivot": [0, 0.25, 0],
					"cubes": [
						{"origin": [-2.004, 0.245, -0.504], "size": [2, 0, 1], "uv": [10, 14]}
					]
				},
				{
					"name": "arm_right2",
					"parent": "arm",
					"pivot": [-2, 0.25, 0],
					"cubes": [
						{"origin": [-5.004, 0.245, -1.004], "size": [3, 0, 2], "uv": [49, 12]}
					]
				},
				{
					"name": "arm_right3",
					"parent": "arm_right2",
					"pivot": [-5.004, 0.245, -0.004],
					"cubes": [
						{"origin": [-8.004, 0.245, -1.004], "size": [3, 0, 2], "uv": [43, 12]}
					]
				},
				{
					"name": "arm_right4",
					"parent": "arm_right3",
					"pivot": [-8.004, 0.245, -0.004],
					"cubes": [
						{"origin": [-11.004, 0.245, -1.004], "size": [3, 0, 2], "uv": [33, 31]}
					]
				},
				{
					"name": "bone5",
					"parent": "arm_right4",
					"pivot": [-11.004, 0.245, -0.004],
					"cubes": [
						{"origin": [-14.004, 0.245, -1.004], "size": [3, 0, 2], "uv": [33, 31]}
					]
				},
				{
					"name": "bone6",
					"parent": "bone5",
					"pivot": [-14.004, 0.245, -0.004],
					"cubes": [
						{"origin": [-17.004, 0.245, -1.004], "size": [3, 0, 2], "uv": [33, 31]}
					]
				},
				{
					"name": "bone7",
					"parent": "bone6",
					"pivot": [-17.03511, 0.21509, -0.03321],
					"cubes": [
						{"origin": [-20.03511, 0.21509, -1.03321], "size": [3, 0, 2], "uv": [33, 31]}
					]
				},
				{
					"name": "bone8",
					"parent": "bone7",
					"pivot": [-20.08571, 0.34941, 0.14195],
					"cubes": [
						{"origin": [-23.03511, 0.21509, -1.03321], "size": [3, 0, 2], "uv": [33, 31]}
					]
				},
				{
					"name": "bone9",
					"parent": "bone8",
					"pivot": [-23.28511, 0.21509, -0.03321],
					"cubes": [
						{"origin": [-26.03511, 0.21509, -1.03321], "size": [3, 0, 2], "uv": [33, 31]}
					]
				},
				{
					"name": "bone10",
					"parent": "bone9",
					"pivot": [-26.03511, 0.21509, -0.03321],
					"cubes": [
						{"origin": [-29.03511, 0.21509, -1.03321], "size": [3, 0, 2], "uv": [33, 31]}
					]
				},
				{
					"name": "bone11",
					"parent": "bone10",
					"pivot": [-29.03511, 0.21509, -0.03321],
					"cubes": [
						{"origin": [-33.03511, 0.21509, -1.53321], "size": [4, 0, 3], "uv": [0, 12]}
					]
				},
				{
					"name": "bone12",
					"parent": "bone11",
					"pivot": [-33.03511, 0.21509, -0.03321],
					"cubes": [
						{"origin": [-37.03511, 0.21509, -1.53321], "size": [4, 0, 3], "uv": [0, 12]}
					]
				},
				{
					"name": "arm_right5",
					"parent": "bone12",
					"pivot": [-37.03511, 0.21509, -0.03321],
					"cubes": [
						{"origin": [-41.03511, 0.21509, -1.53321], "size": [4, 0, 3], "uv": [0, 12]}
					]
				},
				{
					"name": "arm_right6",
					"parent": "arm_right5",
					"pivot": [-40.83571, -0.15059, 0.14195],
					"cubes": [
						{"origin": [-47.03511, 0.21509, -2.03321], "size": [6, 0, 4], "uv": [0, 41]}
					]
				},
				{
					"name": "bone13",
					"parent": "arm_right6",
					"pivot": [-47.03511, 0.21509, -0.03321],
					"cubes": [
						{"origin": [-53.03511, 0.21509, -2.03321], "size": [6, 0, 4], "uv": [0, 41]}
					]
				},
				{
					"name": "bone",
					"parent": "bone13",
					"pivot": [-53.03511, 0.21509, -0.03321],
					"cubes": [
						{"origin": [-59.03511, 0.21509, -2.03321], "size": [6, 0, 4], "uv": [0, 45]}
					]
				},
				{
					"name": "arm_right7",
					"parent": "bone",
					"pivot": [-59.0074, 0.18394, -0.11844],
					"cubes": [
						{"origin": [-66.0074, 0.18394, -2.61844], "size": [7, 0, 5], "uv": [0, 31]}
					]
				},
				{
					"name": "bone14",
					"parent": "arm_right7",
					"pivot": [-66.0074, 0.18394, -0.11844],
					"cubes": [
						{"origin": [-73.0074, 0.18394, -2.61844], "size": [7, 0, 5], "uv": [0, 31]}
					]
				},
				{
					"name": "bone2",
					"parent": "bone14",
					"pivot": [-73.0074, 0.18394, -0.11844],
					"cubes": [
						{"origin": [-80.0074, 0.18394, -2.61844], "size": [7, 0, 5], "uv": [0, 36]}
					]
				},
				{
					"name": "bone3",
					"parent": "bone2",
					"pivot": [-80.0074, 0.18394, -0.11844],
					"cubes": [
						{"origin": [-88.0074, 0.18394, -3.11844], "size": [8, 0, 6], "uv": [21, 44]}
					]
				},
				{
					"name": "bone15",
					"parent": "bone3",
					"pivot": [-88.0074, 0.18394, -0.11844],
					"cubes": [
						{"origin": [-96.0074, 0.18394, -3.11844], "size": [8, 0, 6], "uv": [21, 44]}
					]
				},
				{
					"name": "hand_right",
					"parent": "bone15",
					"pivot": [-96.0074, 0.18394, -0.11844],
					"cubes": [
						{"origin": [-104.0074, 0.18394, -3.11844], "size": [8, 0, 6], "uv": [37, 44]}
					]
				},
				{
					"name": "finger_right",
					"parent": "hand_right",
					"pivot": [-104.0074, 0.18394, 2.88156],
					"cubes": [
						{"origin": [-106.0074, 0.18394, 1.88156], "size": [2, 0, 2], "uv": [60, 22]}
					]
				},
				{
					"name": "finger_right2",
					"parent": "finger_right",
					"pivot": [-106.0074, 0.18394, 2.88156],
					"cubes": [
						{"origin": [-109.0074, 0.18394, 1.88156], "size": [3, 0, 2], "uv": [43, 4]}
					]
				},
				{
					"name": "finger_right3",
					"parent": "finger_right2",
					"pivot": [-109.0074, 0.18394, 2.88156],
					"cubes": [
						{"origin": [-111.0074, 0.18394, 1.88156], "size": [2, 0, 2], "uv": [60, 20]}
					]
				},
				{
					"name": "finger_right4",
					"parent": "hand_right",
					"pivot": [-104.0074, 0.18394, 0.88156],
					"cubes": [
						{"origin": [-106.0074, 0.18394, -0.11844], "size": [2, 0, 2], "uv": [44, 56]}
					]
				},
				{
					"name": "finger_right5",
					"parent": "finger_right4",
					"pivot": [-106.0074, 0.18394, 0.88156],
					"cubes": [
						{"origin": [-109.0074, 0.18394, -0.11844], "size": [3, 0, 2], "uv": [43, 2]}
					]
				},
				{
					"name": "finger_right6",
					"parent": "finger_right5",
					"pivot": [-109.0074, 0.18394, 0.88156],
					"cubes": [
						{"origin": [-111.0074, 0.18394, -0.11844], "size": [2, 0, 2], "uv": [44, 54]}
					]
				},
				{
					"name": "finger_right7",
					"parent": "hand_right",
					"pivot": [-104.0074, 0.18394, -1.11844],
					"cubes": [
						{"origin": [-106.0074, 0.18394, -2.11844], "size": [2, 0, 2], "uv": [52, 50]}
					]
				},
				{
					"name": "finger_right8",
					"parent": "finger_right7",
					"pivot": [-106.0074, 0.18394, -1.11844],
					"cubes": [
						{"origin": [-109.0074, 0.18394, -2.11844], "size": [3, 0, 2], "uv": [43, 0]}
					]
				},
				{
					"name": "finger_right9",
					"parent": "finger_right8",
					"pivot": [-109.0074, 0.18394, -1.11844],
					"cubes": [
						{"origin": [-111.0074, 0.18394, -2.11844], "size": [2, 0, 2], "uv": [48, 50]}
					]
				},
				{
					"name": "finger_right10",
					"parent": "hand_right",
					"pivot": [-104.0074, 0.18394, -3.11844],
					"cubes": [
						{"origin": [-106.0074, 0.18394, -4.11844], "size": [2, 0, 2], "uv": [44, 50]}
					]
				},
				{
					"name": "finger_right11",
					"parent": "finger_right10",
					"pivot": [-106.0074, 0.18394, -3.11844],
					"cubes": [
						{"origin": [-109.0074, 0.18394, -4.11844], "size": [3, 0, 2], "uv": [25, 38]}
					]
				},
				{
					"name": "finger_right12",
					"parent": "finger_right11",
					"pivot": [-109.0074, 0.18394, -3.11844],
					"cubes": [
						{"origin": [-111.0074, 0.18394, -4.11844], "size": [2, 0, 2], "uv": [9, 12]}
					]
				}
			]
		}
	]
}