{
	"format_version": "1.12.0",
	"minecraft:geometry": [
		{
			"description": {
				"identifier": "geometry.cacturne_male",
				"texture_width": 128,
				"texture_height": 128,
				"visible_bounds_width": 3,
				"visible_bounds_height": 3.5,
				"visible_bounds_offset": [0, 1.25, 0]
			},
			"bones": [
				{
					"name": "cacturne",
					"pivot": [0, 0, 0]
				},
				{
					"name": "body",
					"parent": "cacturne",
					"pivot": [0, 0, 0]
				},
				{
					"name": "waist",
					"parent": "body",
					"pivot": [0, 7.5, 0],
					"cubes": [
						{"origin": [-4.5, 7.5, -2.5], "size": [9, 3, 5], "inflate": 0.01, "uv": [0, 21]}
					]
				},
				{
					"name": "waist_square",
					"parent": "waist",
					"pivot": [0, 9, -2.5],
					"rotation": [0, 0, 45]
				},
				{
					"name": "waist_spike_left",
					"parent": "waist",
					"pivot": [4.5, 9, 0],
					"cubes": [
						{"origin": [4.515, 8.5, -0.5], "size": [1, 1, 1], "pivot": [4.5, 9, 0], "rotation": [-45, 0, 0], "uv": [21, 2]}
					]
				},
				{
					"name": "waist_spike_right",
					"parent": "waist",
					"pivot": [-4.5, 9, 0],
					"cubes": [
						{"origin": [-5.515, 8.5, -0.5], "size": [1, 1, 1], "pivot": [-4.5, 9, 0], "rotation": [-45, 0, 0], "uv": [21, 2], "mirror": true}
					]
				},
				{
					"name": "torso",
					"parent": "waist",
					"pivot": [0, 10.5, 0],
					"cubes": [
						{"origin": [-2.5, 12.5, -2], "size": [5, 4, 4], "uv": [44, 21]},
						{"origin": [-3.5, 10.5, -2], "size": [7, 3, 4], "inflate": 0.01, "uv": [30, 8]}
					]
				},
				{
					"name": "torso_square_male",
					"parent": "torso",
					"pivot": [0, 15, -2],
					"rotation": [0, 0, 45],
					"cubes": [
						{"origin": [-1, 14, -2.51], "size": [2, 2, 1], "uv": [0, 52]}
					]
				},
				{
					"name": "torso_square_male2",
					"parent": "torso",
					"pivot": [0, 12, -2],
					"rotation": [0, 0, 45],
					"cubes": [
						{"origin": [-0.5, 10.825, -2.515], "size": [1, 2, 1], "pivot": [0, 12.075, -2.015], "rotation": [0, 0, -45], "uv": [0, 55]}
					]
				},
				{
					"name": "torso_square_female",
					"parent": "torso",
					"pivot": [0, 11.75, -2],
					"rotation": [0, 0, 45]
				},
				{
					"name": "torso_spike_left",
					"parent": "torso",
					"pivot": [3.5, 11.75, 0],
					"cubes": [
						{"origin": [3.515, 11.25, -0.5], "size": [1, 1, 1], "pivot": [3.5, 11.75, 0], "rotation": [-45, 0, 0], "uv": [4, 19]}
					]
				},
				{
					"name": "torso_spike_right",
					"parent": "torso",
					"pivot": [-3.5, 11.75, 0],
					"cubes": [
						{"origin": [-4.515, 11.25, -0.5], "size": [1, 1, 1], "pivot": [-3.5, 11.75, 0], "rotation": [-45, 0, 0], "uv": [4, 19], "mirror": true}
					]
				},
				{
					"name": "neck",
					"parent": "torso",
					"pivot": [0, 15.75, 0],
					"cubes": [
						{"origin": [-1.5, 15.75, -1.5], "size": [3, 3, 3], "uv": [26, 49]}
					]
				},
				{
					"name": "neck_spike_front",
					"parent": "neck",
					"pivot": [0, 17.25, -1.5],
					"rotation": [0, 0, 45]
				},
				{
					"name": "neck_spike_back",
					"parent": "neck",
					"pivot": [0, 17.25, 1.5],
					"rotation": [0, 0, 45]
				},
				{
					"name": "neck_spike_left",
					"parent": "neck",
					"pivot": [1.5, 17.25, 0],
					"cubes": [
						{"origin": [1.51, 16.75, -0.5], "size": [1, 1, 1], "pivot": [1.5, 17.25, 0], "rotation": [-45, 0, 0], "uv": [0, 19]}
					]
				},
				{
					"name": "neck_spike_right",
					"parent": "neck",
					"pivot": [-1.5, 17.25, 0],
					"cubes": [
						{"origin": [-2.51, 16.75, -0.5], "size": [1, 1, 1], "pivot": [-1.5, 17.25, 0], "rotation": [-45, 0, 0], "uv": [0, 19], "mirror": true}
					]
				},
				{
					"name": "head",
					"parent": "neck",
					"pivot": [0, 18.75, 0]
				},
				{
					"name": "head1",
					"parent": "head",
					"pivot": [0, 18.75, 0],
					"rotation": [0, -45, 0],
					"cubes": [
						{"origin": [-2.5, 22.75, -2.5], "size": [5, 1, 5], "uv": [43, 39]},
						{"origin": [-3.5, 18.75, -3.5], "size": [7, 4, 7], "uv": [0, 0]},
						{"origin": [-3.5, 16.25, -5.5], "size": [7, 8, 0], "pivot": [0, 20.75, 0], "rotation": [-17.5, -45, 0], "uv": [43, 45]},
						{"origin": [-3.5, 16.25, -5.5], "size": [7, 8, 0], "pivot": [0, 20.75, 0], "rotation": [-17.5, -45, 0], "uv": [43, 45]},
						{"origin": [-2.5, 18.25, -2.5], "size": [5, 1, 5], "uv": [42, 0]},
						{"origin": [-3.5, 16.25, 5.5], "size": [7, 8, 0], "pivot": [0, 20.75, 0], "rotation": [17.5, -45, 0], "uv": [43, 45]}
					]
				},
				{
					"name": "mouth",
					"parent": "head1",
					"pivot": [0, 18.75, 0],
					"cubes": [
						{"origin": [-3.5, 19, -3.5], "size": [1, 1, 1], "inflate": 0.01, "uv": [4, 17]}
					]
				},
				{
					"name": "mouth_left",
					"parent": "mouth",
					"pivot": [0, 19.75, -3.5],
					"cubes": [
						{"origin": [-2, 19, -3.51], "size": [1, 1, 0], "uv": [8, 18]},
						{"origin": [-0.5, 19, -3.51], "size": [1, 1, 0], "uv": [7, 17]},
						{"origin": [1, 19.5, -3.51], "size": [1, 1, 0], "uv": [4, 6]}
					]
				},
				{
					"name": "mouth_right",
					"parent": "mouth",
					"pivot": [-3.5, 19.75, 0],
					"rotation": [0, 90, 0],
					"cubes": [
						{"origin": [-2.5, 19, -0.01], "size": [1, 1, 0], "uv": [8, 18], "mirror": true},
						{"origin": [-4, 19, -0.01], "size": [1, 1, 0], "uv": [7, 17], "mirror": true},
						{"origin": [-5.5, 19.5, -0.01], "size": [1, 1, 0], "uv": [4, 6], "mirror": true}
					]
				},
				{
					"name": "eye_right",
					"parent": "head1",
					"pivot": [-3.5, 21.75, 0.5],
					"cubes": [
						{"origin": [-3.51, 20.75, -0.5], "size": [0, 2, 2], "uv": [0, 15]}
					]
				},
				{
					"name": "pupil_right",
					"parent": "eye_right",
					"pivot": [-3.5, 21.75, 0.5],
					"cubes": [
						{"origin": [-3.52, 21, -0.25], "size": [0, 1, 1], "uv": [2, 5]}
					]
				},
				{
					"name": "eye_left",
					"parent": "head1",
					"pivot": [0.5, 21.75, -3.5],
					"cubes": [
						{"origin": [-0.5, 20.75, -3.51], "size": [2, 2, 0], "uv": [0, 17]}
					]
				},
				{
					"name": "pupil_left",
					"parent": "eye_left",
					"pivot": [0.5, 21.75, -3.5],
					"cubes": [
						{"origin": [-0.25, 21, -3.52], "size": [1, 1, 0], "uv": [2, 6]}
					]
				},
				{
					"name": "hat",
					"parent": "head",
					"pivot": [0, 22.75, 0]
				},
				{
					"name": "bone",
					"parent": "hat",
					"pivot": [0, 22.75, 0],
					"rotation": [0, 45, 0]
				},
				{
					"name": "hatbrimfrontright",
					"parent": "bone",
					"pivot": [0, 22.75, 0]
				},
				{
					"name": "hat_brim_front",
					"parent": "hatbrimfrontright",
					"pivot": [4, 22.75, -4],
					"rotation": [0, -45, 0]
				},
				{
					"name": "hat_brim_front_right",
					"parent": "hat_brim_front",
					"pivot": [4, 22.75, -4],
					"rotation": [30, 0, 0],
					"cubes": [
						{"origin": [1, 22.75, -8.5], "size": [3, 0, 10], "pivot": [4, 22.75, -4], "rotation": [0, 0, 12], "uv": [18, 0]},
						{"origin": [-2.12249, 22.56348, -10.75], "size": [7, 0, 3], "inflate": 0.01, "pivot": [4.87751, 22.56348, -6.25], "rotation": [0, 60, 12], "uv": [45, 9]},
						{"origin": [-6.21872, 23.85927, -2.59116], "size": [9, 0, 3], "inflate": 0.02, "pivot": [-1.21872, 23.85927, 1.90884], "rotation": [0, 15, 12], "uv": [38, 18]}
					]
				},
				{
					"name": "hat_brim_right",
					"parent": "hatbrimfrontright",
					"pivot": [-4.15, 27.25, -4],
					"rotation": [-44, 45, 0]
				},
				{
					"name": "hat_brim_right_front",
					"parent": "hat_brim_right",
					"pivot": [-4.15, 27.25, -4],
					"rotation": [30, 0, 0],
					"cubes": [
						{"origin": [-4.15, 27.25, -8.5], "size": [4, 0, 8], "pivot": [-4.15, 27.25, -4], "rotation": [0, 0, 26.6], "uv": [0, 29]}
					]
				},
				{
					"name": "bone2",
					"parent": "hat",
					"pivot": [0, 22.75, 0.2],
					"rotation": [0, -45, 0]
				},
				{
					"name": "hatbrimbackright",
					"parent": "bone2",
					"pivot": [0, 22.75, 0.2]
				},
				{
					"name": "hat_brim_back",
					"parent": "hatbrimbackright",
					"pivot": [4, 22.75, 4.2],
					"rotation": [0, 45, 0]
				},
				{
					"name": "hat_brim_back_right",
					"parent": "hat_brim_back",
					"pivot": [4, 22.75, 4.2],
					"rotation": [-30, 0, 0],
					"cubes": [
						{"origin": [1, 22.75, -1.3], "size": [3, 0, 10], "pivot": [4, 22.75, 4.2], "rotation": [0, 0, 12], "uv": [6, 11]},
						{"origin": [-2.12249, 22.56348, 7.95], "size": [7, 0, 3], "inflate": 0.01, "pivot": [4.87751, 22.56348, 6.45], "rotation": [0, -60, 12], "uv": [41, 32]},
						{"origin": [-6.21872, 23.85927, -0.20884], "size": [9, 0, 3], "inflate": 0.02, "pivot": [-1.21872, 23.85927, -1.70884], "rotation": [0, -15, 12], "uv": [28, 36]}
					]
				},
				{
					"name": "hat_brim_right2",
					"parent": "hatbrimbackright",
					"pivot": [-4.15, 27.25, 4.2],
					"rotation": [44, -45, 0]
				},
				{
					"name": "hat_brim_right_back",
					"parent": "hat_brim_right2",
					"pivot": [-4.15, 27.25, 4.2],
					"rotation": [-30, 0, 0],
					"cubes": [
						{"origin": [-4.15, 27.25, 0.7], "size": [4, 0, 8], "pivot": [-4.15, 27.25, 4.2], "rotation": [0, 0, 26.6], "uv": [26, 0]}
					]
				},
				{
					"name": "bone3",
					"parent": "hat",
					"pivot": [0, 22.75, 0.2],
					"rotation": [0, 45, 0]
				},
				{
					"name": "hatbrimbackleft",
					"parent": "bone3",
					"pivot": [0, 22.75, 0.2]
				},
				{
					"name": "hat_brim_back2",
					"parent": "hatbrimbackleft",
					"pivot": [-4, 22.75, 4.2],
					"rotation": [0, -45, 0]
				},
				{
					"name": "hat_brim_back_left",
					"parent": "hat_brim_back2",
					"pivot": [-4, 22.75, 4.2],
					"rotation": [-30, 0, 0],
					"cubes": [
						{"origin": [-4, 22.75, -1.3], "size": [3, 0, 10], "pivot": [-4, 22.75, 4.2], "rotation": [0, 0, -12], "uv": [0, 11]},
						{"origin": [-4.87751, 22.56348, 7.95], "size": [7, 0, 3], "inflate": 0.01, "pivot": [-4.87751, 22.56348, 6.45], "rotation": [0, 60, -12], "uv": [41, 29]},
						{"origin": [-2.78128, 23.85927, -0.20884], "size": [9, 0, 3], "inflate": 0.02, "pivot": [1.21872, 23.85927, -1.70884], "rotation": [0, 15, -12], "uv": [23, 33]}
					]
				},
				{
					"name": "hat_brim_right3",
					"parent": "hatbrimbackleft",
					"pivot": [4.15, 27.25, 4.2],
					"rotation": [44, 45, 0]
				},
				{
					"name": "hat_brim_left_back",
					"parent": "hat_brim_right3",
					"pivot": [4.15, 27.25, 4.2],
					"rotation": [-30, 0, 0],
					"cubes": [
						{"origin": [0.15, 27.25, 0.7], "size": [4, 0, 8], "pivot": [4.15, 27.25, 4.2], "rotation": [0, 0, -26.6], "uv": [20, 25]}
					]
				},
				{
					"name": "hat1",
					"parent": "hat",
					"pivot": [0, 22.75, 0],
					"rotation": [0, -45, 0],
					"cubes": [
						{"origin": [-3, 22.75, -3], "size": [6, 4, 6], "uv": [23, 15]},
						{"origin": [-12, 18.25, 0], "size": [3, 3, 0], "pivot": [0, 24.75, 0], "rotation": [0, -45, 0], "uv": [0, 14]},
						{"origin": [9, 18.25, 0], "size": [3, 3, 0], "pivot": [0, 24.75, 0], "rotation": [0, -45, 0], "uv": [0, 14]},
						{"origin": [-0.25, 25.25, -13], "size": [0, 3, 3], "pivot": [0, 24.75, 0], "rotation": [0, -45, 0], "uv": [0, 8]},
						{"origin": [0, 25.5, 9.25], "size": [0, 3, 3], "pivot": [0, 24.75, 0], "rotation": [0, -45, 0], "uv": [0, 0]},
						{"origin": [-1.5, 25.75, -1.5], "size": [3, 3, 3], "uv": [17, 46]},
						{"origin": [-3, 28.75, 0], "size": [6, 3, 0], "uv": [49, 35]},
						{"origin": [0, 28.75, -3], "size": [0, 3, 6], "uv": [16, 23]}
					]
				},
				{
					"name": "hatbrimfrontleft2",
					"parent": "hat1",
					"pivot": [-4, 22.75, 0]
				},
				{
					"name": "hat_brim_front2",
					"parent": "hatbrimfrontleft2",
					"pivot": [-4, 22.75, -4],
					"rotation": [0, 45, 0]
				},
				{
					"name": "hat_brim_front_left2",
					"parent": "hat_brim_front2",
					"pivot": [-4, 22.75, -4],
					"rotation": [30, 0, 0],
					"cubes": [
						{"origin": [-4, 22.75, -8.5], "size": [3, 0, 10], "pivot": [-4, 22.75, -4], "rotation": [0, 0, -12], "uv": [12, 11]},
						{"origin": [-4.87751, 22.56348, -10.75], "size": [7, 0, 3], "inflate": 0.01, "pivot": [-4.87751, 22.56348, -6.25], "rotation": [0, -60, -12], "uv": [45, 6]},
						{"origin": [-2.78128, 23.85927, -2.59116], "size": [9, 0, 3], "inflate": 0.02, "pivot": [1.21872, 23.85927, 1.90884], "rotation": [0, -15, -12], "uv": [38, 15]}
					]
				},
				{
					"name": "hat_brim_left2",
					"parent": "hatbrimfrontleft2",
					"pivot": [4.15, 27.25, -4],
					"rotation": [-44, -45, 0]
				},
				{
					"name": "hat_brim_left_front2",
					"parent": "hat_brim_left2",
					"pivot": [4.15, 27.25, -4],
					"rotation": [30, 0, 0],
					"cubes": [
						{"origin": [0.15, 27.25, -8.5], "size": [4, 0, 8], "pivot": [4.15, 27.25, -4], "rotation": [0, 0, -26.6], "uv": [28, 25]}
					]
				},
				{
					"name": "arm_left",
					"parent": "torso",
					"pivot": [2.5, 15.25, 0],
					"cubes": [
						{"origin": [2, 14, -1], "size": [6, 2, 2], "uv": [0, 48]}
					]
				},
				{
					"name": "armspike_left",
					"parent": "arm_left",
					"pivot": [4.5, 16, 0],
					"cubes": [
						{"origin": [4, 16.01, 0], "size": [1, 1, 0], "uv": [0, 6]}
					]
				},
				{
					"name": "armspike_left2",
					"parent": "arm_left",
					"pivot": [7, 16, 0]
				},
				{
					"name": "arm_left1",
					"parent": "arm_left",
					"pivot": [8, 15, -0.5]
				},
				{
					"name": "arm_left2",
					"parent": "arm_left1",
					"pivot": [8, 15.5, 0.5],
					"cubes": [
						{"origin": [7.5, 13.5, -1.5], "size": [7, 3, 3], "uv": [0, 42]}
					]
				},
				{
					"name": "armspike_left3",
					"parent": "arm_left2",
					"pivot": [9.5, 16.5, 0],
					"cubes": [
						{"origin": [9, 16.5, 0], "size": [1, 1, 0], "uv": [0, 1]}
					]
				},
				{
					"name": "armspike_left4",
					"parent": "arm_left2",
					"pivot": [12.75, 16.5, 0],
					"cubes": [
						{"origin": [12.25, 16.51, 0], "size": [1, 1, 0], "uv": [0, 0]}
					]
				},
				{
					"name": "arm_right",
					"parent": "torso",
					"pivot": [-2.5, 15.25, 0],
					"cubes": [
						{"origin": [-8, 14, -1], "size": [6, 2, 2], "uv": [0, 48], "mirror": true}
					]
				},
				{
					"name": "armspike_right",
					"parent": "arm_right",
					"pivot": [-4.5, 16, 0],
					"cubes": [
						{"origin": [-5, 16.01, 0], "size": [1, 1, 0], "uv": [0, 6], "mirror": true}
					]
				},
				{
					"name": "armspike_right2",
					"parent": "arm_right",
					"pivot": [-7, 16, 0]
				},
				{
					"name": "arm_right1",
					"parent": "arm_right",
					"pivot": [-8, 15, -0.5]
				},
				{
					"name": "arm_right2",
					"parent": "arm_right1",
					"pivot": [-8, 15.5, 0.5],
					"cubes": [
						{"origin": [-14.5, 13.5, -1.5], "size": [7, 3, 3], "uv": [0, 42], "mirror": true}
					]
				},
				{
					"name": "armspike_right3",
					"parent": "arm_right2",
					"pivot": [-9.5, 16.5, 0],
					"cubes": [
						{"origin": [-10, 16.5, 0], "size": [1, 1, 0], "uv": [0, 1], "mirror": true}
					]
				},
				{
					"name": "armspike_right4",
					"parent": "arm_right2",
					"pivot": [-12.75, 16.5, 0],
					"cubes": [
						{"origin": [-13.25, 16.51, 0], "size": [1, 1, 0], "uv": [0, 0], "mirror": true}
					]
				},
				{
					"name": "leg_left",
					"parent": "body",
					"pivot": [2.5, 7.5, 0],
					"cubes": [
						{"origin": [0.5, 3, -2], "size": [4, 6, 4], "uv": [27, 39]}
					]
				},
				{
					"name": "leg_spike_left",
					"parent": "leg_left",
					"pivot": [4.5, 6, 0],
					"cubes": [
						{"origin": [4.51, 5.5, -0.5], "size": [1, 1, 1], "pivot": [4.5, 6, 0], "rotation": [-45, 0, 0], "uv": [6, 15]}
					]
				},
				{
					"name": "leg_left2",
					"parent": "leg_left",
					"pivot": [2.5, 3.75, -0.5],
					"cubes": [
						{"origin": [0, -0.5, -2.5], "size": [5, 5, 5], "uv": [11, 32]}
					]
				},
				{
					"name": "leg_spike_left2",
					"parent": "leg_left2",
					"pivot": [5, 2.75, 0],
					"cubes": [
						{"origin": [5.01, 2.5, -0.75], "size": [1, 1, 1], "pivot": [5, 2.75, 0], "rotation": [-45, 0, 0], "uv": [6, 13]}
					]
				},
				{
					"name": "leg_right",
					"parent": "body",
					"pivot": [-2.5, 7.5, 0],
					"cubes": [
						{"origin": [-4.5, 3, -2], "size": [4, 6, 4], "uv": [27, 39], "mirror": true}
					]
				},
				{
					"name": "leg_spike_right",
					"parent": "leg_right",
					"pivot": [-4.5, 6, 0],
					"cubes": [
						{"origin": [-5.51, 5.5, -0.5], "size": [1, 1, 1], "pivot": [-4.5, 6, 0], "rotation": [-45, 0, 0], "uv": [6, 15], "mirror": true}
					]
				},
				{
					"name": "leg_right2",
					"parent": "leg_right",
					"pivot": [-2.5, 3.75, -0.5],
					"cubes": [
						{"origin": [-5, -0.5, -2.5], "size": [5, 5, 5], "uv": [11, 32], "mirror": true}
					]
				},
				{
					"name": "leg_spike_right2",
					"parent": "leg_right2",
					"pivot": [-5, 2.75, 0],
					"cubes": [
						{"origin": [-6.01, 2.5, -0.75], "size": [1, 1, 1], "pivot": [-5, 2.75, 0], "rotation": [-45, 0, 0], "uv": [6, 13], "mirror": true}
					]
				}
			]
		}
	]
}