{
	"format_version": "1.12.0",
	"minecraft:geometry": [
		{
			"description": {
				"identifier": "geometry.umbreon",
				"texture_width": 64,
				"texture_height": 64,
				"visible_bounds_width": 4,
				"visible_bounds_height": 3.5,
				"visible_bounds_offset": [0, 1.25, 0]
			},
			"bones": [
				{
					"name": "umbreon",
					"pivot": [0, 0, 0]
				},
				{
					"name": "body",
					"parent": "umbreon",
					"pivot": [0, 10.25, 0]
				},
				{
					"name": "torso",
					"parent": "body",
					"pivot": [0, 10.25, 0],
					"cubes": [
						{"origin": [-3.5, 7.25, -7], "size": [7, 6, 14], "uv": [0, 0]},
						{"origin": [-3.5, 7.075, 2], "size": [7, 6, 5], "inflate": 0.6, "uv": [28, 0]},
						{"origin": [-4.5, 6.25, 0.75], "size": [9, 8, 1], "uv": [34, 20]},
						{"origin": [-4.5, 6.25, -2.05], "size": [9, 8, 1], "uv": [0, 34]}
					]
				},
				{
					"name": "head",
					"parent": "torso",
					"pivot": [0, 13, -6],
					"cubes": [
						{"origin": [-3.5, 11.5, -11.75], "size": [7, 7, 7], "inflate": 0.01, "uv": [0, 20]},
						{"origin": [-3.5, 13.51249, -4.44405], "size": [7, 5, 0], "inflate": 0.01, "pivot": [0, 15.01249, -4.44405], "rotation": [5, 0, 0], "uv": [12, 56]},
						{"origin": [-2.5, 11.5, -13.25], "size": [5, 3, 2], "uv": [47, 0]}
					]
				},
				{
					"name": "dressright",
					"parent": "head",
					"pivot": [3.75, 18.44523, -7.54155],
					"rotation": [0, 0, -7.5],
					"cubes": [
						{"origin": [3.75, 6.5, -7.75], "size": [0, 12, 3], "uv": [6, 40]},
						{"origin": [3.75, 6.19523, -9.04155], "size": [0, 12, 3], "inflate": 0.01, "pivot": [3.75, 14.69523, -7.54155], "rotation": [-20, 0, 0], "uv": [0, 40]},
						{"origin": [3.75, 6.19523, -6.04155], "size": [0, 7, 2], "inflate": 0.01, "pivot": [3.75, 14.69523, -7.54155], "rotation": [-20, 0, 0], "uv": [0, 18]}
					]
				},
				{
					"name": "dressleft",
					"parent": "head",
					"pivot": [-3.75, 18.44523, -7.54155],
					"rotation": [0, 0, 7.5],
					"cubes": [
						{"origin": [-3.75, 6.5, -7.75], "size": [0, 12, 3], "uv": [6, 40], "mirror": true},
						{"origin": [-3.75, 6.19523, -9.04155], "size": [0, 12, 3], "inflate": 0.01, "pivot": [-3.75, 14.69523, -7.54155], "rotation": [-20, 0, 0], "uv": [0, 40], "mirror": true},
						{"origin": [-3.75, 6.19523, -6.04155], "size": [0, 7, 2], "inflate": 0.01, "pivot": [-3.75, 14.69523, -7.54155], "rotation": [-20, 0, 0], "uv": [0, 18], "mirror": true}
					]
				},
				{
					"name": "bone",
					"parent": "head",
					"pivot": [0, 19.5, -7.35],
					"rotation": [15, 0, 0],
					"cubes": [
						{"origin": [-1.5, 17.5, -8.85], "size": [3, 3, 3], "inflate": 0.01, "pivot": [0, 19.5, -7.35], "rotation": [0, -45, 0], "uv": [12, 50]},
						{"origin": [-1, 18.5, -10.85], "size": [2, 2, 3], "pivot": [0, 19.5, -7.35], "rotation": [0, 0, 0], "uv": [36, 51]}
					]
				},
				{
					"name": "mouth",
					"parent": "head",
					"pivot": [0, 12.25, -13.16],
					"cubes": [
						{"origin": [-1, 11.75, -13.16], "size": [2, 1, 0], "uv": [0, 0]}
					]
				},
				{
					"name": "eyes",
					"parent": "head",
					"pivot": [0, 15.25, -9.5]
				},
				{
					"name": "eye_left",
					"parent": "eyes",
					"pivot": [2.515, 15.5, -10.765],
					"cubes": [
						{"origin": [1.515, 14.5, -11.765], "size": [2, 2, 2], "uv": [42, 16]}
					]
				},
				{
					"name": "eyelid_left",
					"parent": "eye_left",
					"pivot": [2.415, 15.5, -10.665],
					"cubes": [
						{"origin": [1.415, 14.5, -11.665], "size": [2, 2, 2], "inflate": 0.01, "uv": [0, 10]}
					]
				},
				{
					"name": "eye_right",
					"parent": "eyes",
					"pivot": [-2.515, 15.5, -10.765],
					"cubes": [
						{"origin": [-3.515, 14.5, -11.765], "size": [2, 2, 2], "uv": [42, 16], "mirror": true}
					]
				},
				{
					"name": "eyelid_right",
					"parent": "eye_right",
					"pivot": [-2.415, 15.5, -10.665],
					"cubes": [
						{"origin": [-3.415, 14.5, -11.665], "size": [2, 2, 2], "inflate": 0.01, "uv": [0, 10], "mirror": true}
					]
				},
				{
					"name": "ear_left",
					"parent": "head",
					"pivot": [2.5, 18.5, -6.75],
					"rotation": [-40.38554, 69.17442, -32.02975],
					"cubes": [
						{"origin": [2.5, 18.5, -7.75], "size": [0, 13, 5], "uv": [20, 32]}
					]
				},
				{
					"name": "ear_right",
					"parent": "head",
					"pivot": [-2.5, 18.5, -6.75],
					"rotation": [-40.38554, -69.17442, 32.02975],
					"cubes": [
						{"origin": [-2.5, 18.5, -7.75], "size": [0, 13, 5], "uv": [20, 32], "mirror": true}
					]
				},
				{
					"name": "tail",
					"parent": "torso",
					"pivot": [0, 11.5, 6],
					"rotation": [35, 0, 0],
					"cubes": [
						{"origin": [-1.5, 9.5, 6], "size": [3, 4, 3], "inflate": 0.001, "uv": [27, 47]}
					]
				},
				{
					"name": "tail2",
					"parent": "tail",
					"pivot": [0, 11, 8.5],
					"rotation": [15, 0, 0],
					"cubes": [
						{"origin": [-1.5, 9.75, 8.75], "size": [3, 3, 7], "uv": [21, 27]}
					]
				},
				{
					"name": "tail3",
					"parent": "tail2",
					"pivot": [0, 11, 15.25]
				},
				{
					"name": "leg_front_left",
					"parent": "body",
					"pivot": [2.5, 9, -4.5],
					"rotation": [5, 0, 0],
					"cubes": [
						{"origin": [1, 4.5, -6], "size": [3, 6, 3], "inflate": 0.01, "uv": [43, 44]}
					]
				},
				{
					"name": "leg_front_left2",
					"parent": "leg_front_left",
					"pivot": [2.5, 4.5, -3.5],
					"rotation": [-20, 0, 0],
					"cubes": [
						{"origin": [1, 0.75, -6], "size": [3, 4, 3], "uv": [42, 34]},
						{"origin": [0.5, 1.5, -6.5], "size": [4, 1, 4], "pivot": [2.5, 2.25, -4.5], "rotation": [7.5, 0, 0], "uv": [30, 42]},
						{"origin": [0.5, 3.33717, -6.47079], "size": [4, 1, 4], "pivot": [2.5, 3.73717, -4.69579], "rotation": [17.5, 0, 0], "uv": [42, 11]}
					]
				},
				{
					"name": "leg_front_left3",
					"parent": "leg_front_left2",
					"pivot": [2.5, 1, -4.5],
					"rotation": [15, 0, 0],
					"cubes": [
						{"origin": [1, -0.5, -6.25], "size": [3, 2, 3], "inflate": 0.01, "uv": [51, 38]}
					]
				},
				{
					"name": "leg_front_right",
					"parent": "body",
					"pivot": [-2.5, 9, -4.5],
					"rotation": [5, 0, 0],
					"cubes": [
						{"origin": [-4, 4.5, -6], "size": [3, 6, 3], "inflate": 0.01, "uv": [43, 44], "mirror": true}
					]
				},
				{
					"name": "leg_front_right2",
					"parent": "leg_front_right",
					"pivot": [-2.5, 4.5, -3.5],
					"rotation": [-20, 0, 0],
					"cubes": [
						{"origin": [-4, 0.75, -6], "size": [3, 4, 3], "uv": [42, 34], "mirror": true},
						{"origin": [-4.5, 1.5, -6.5], "size": [4, 1, 4], "pivot": [-2.5, 2.25, -4.5], "rotation": [7.5, 0, 0], "uv": [30, 42], "mirror": true},
						{"origin": [-4.5, 3.33717, -6.47079], "size": [4, 1, 4], "pivot": [-2.5, 3.73717, -4.69579], "rotation": [17.5, 0, 0], "uv": [42, 11], "mirror": true}
					]
				},
				{
					"name": "leg_front_right3",
					"parent": "leg_front_right2",
					"pivot": [-2.5, 1, -4.5],
					"rotation": [15, 0, 0],
					"cubes": [
						{"origin": [-4, -0.5, -6.25], "size": [3, 2, 3], "inflate": 0.01, "uv": [51, 38], "mirror": true}
					]
				},
				{
					"name": "leg_back_left",
					"parent": "body",
					"pivot": [2.5, 9, 4.75],
					"rotation": [5, 0, 0],
					"cubes": [
						{"origin": [1, 4.5, 2.75], "size": [3, 6, 4], "inflate": 0.01, "uv": [0, 0]}
					]
				},
				{
					"name": "leg_back_left2",
					"parent": "leg_back_left",
					"pivot": [2.5, 4.5, 6.25],
					"rotation": [-12.5, 0, 0],
					"cubes": [
						{"origin": [1, 0.75, 4.25], "size": [3, 4, 3], "uv": [21, 20]},
						{"origin": [0.5, 2.75, 3.75], "size": [4, 1, 4], "uv": [30, 37]},
						{"origin": [0.5, 1.4, 3.75], "size": [4, 1, 4], "pivot": [2.5, 2.25, 5.75], "rotation": [-10, 0, 0], "uv": [34, 29]}
					]
				},
				{
					"name": "leg_back_left3",
					"parent": "leg_back_left2",
					"pivot": [2.5, 1.25, 5.75],
					"rotation": [7.5, 0, 0],
					"cubes": [
						{"origin": [1, -0.25, 4], "size": [3, 2, 3], "inflate": 0.01, "uv": [50, 29]}
					]
				},
				{
					"name": "leg_back_right",
					"parent": "body",
					"pivot": [-2.5, 9, 4.75],
					"rotation": [5, 0, 0],
					"cubes": [
						{"origin": [-4, 4.5, 2.75], "size": [3, 6, 4], "inflate": 0.01, "uv": [0, 0], "mirror": true}
					]
				},
				{
					"name": "leg_back_right2",
					"parent": "leg_back_right",
					"pivot": [-2.5, 4.5, 6.25],
					"rotation": [-12.5, 0, 0],
					"cubes": [
						{"origin": [-4, 0.75, 4.25], "size": [3, 4, 3], "uv": [21, 20], "mirror": true},
						{"origin": [-4.5, 2.75, 3.75], "size": [4, 1, 4], "uv": [30, 37], "mirror": true},
						{"origin": [-4.5, 1.4, 3.75], "size": [4, 1, 4], "pivot": [-2.5, 2.25, 5.75], "rotation": [-10, 0, 0], "uv": [34, 29], "mirror": true}
					]
				},
				{
					"name": "leg_back_right3",
					"parent": "leg_back_right2",
					"pivot": [-2.5, 1.25, 5.75],
					"rotation": [7.5, 0, 0],
					"cubes": [
						{"origin": [-4, -0.25, 4], "size": [3, 2, 3], "inflate": 0.01, "uv": [50, 29], "mirror": true}
					]
				}
			]
		}
	]
}