{
	"format_version": "1.12.0",
	"minecraft:geometry": [
		{
			"description": {
				"identifier": "geometry.floressum",
				"texture_width": 64,
				"texture_height": 64,
				"visible_bounds_width": 5,
				"visible_bounds_height": 3.5,
				"visible_bounds_offset": [0, 1.25, 0]
			},
			"bones": [
				{
					"name": "foliat",
					"pivot": [0, 0, 0]
				},
				{
					"name": "body",
					"parent": "foliat",
					"pivot": [0, 5.25, -0.75]
				},
				{
					"name": "torso",
					"parent": "body",
					"pivot": [0, 5.25, -0.75],
					"rotation": [-15, 0, 0],
					"cubes": [
						{"origin": [-2.5, 3.52274, -6.45706], "size": [5, 5, 6], "uv": [32, 53]},
						{"origin": [-2, 3.52274, -0.45706], "size": [4, 4, 2], "uv": [46, 25]},
						{"origin": [-1.498, 4.02274, 1.04294], "size": [3, 3, 2], "inflate": 0.01, "uv": [24, 40]}
					]
				},
				{
					"name": "bulb",
					"parent": "torso",
					"pivot": [0, 8.25, 4.25],
					"cubes": [
						{"origin": [-1.5, 4.89445, 4.86434], "size": [3, 2, 3], "inflate": 0.01, "pivot": [-1, 8.4213, 4.74537], "rotation": [-62.5, 0, 0], "uv": [46, 31]}
					]
				},
				{
					"name": "bone",
					"parent": "bulb",
					"pivot": [0, 6.68302, 3.87452],
					"cubes": [
						{"origin": [-1, 9.35147, 5.36402], "size": [2, 3, 2], "inflate": 0.01, "pivot": [0, 7.87832, 5.24506], "rotation": [-62.5, 0, 0], "uv": [30, 49]},
						{"origin": [-1, 5.25147, 6.86402], "size": [2, 3, 2], "inflate": 0.01, "pivot": [0, 8.77832, 6.84506], "rotation": [-62.5, 0, 0], "uv": [22, 49]},
						{"origin": [3, 8.8422, 4.61264], "size": [0, 2, 6], "inflate": 0.01, "pivot": [0.5, 8.34405, 7.09367], "rotation": [-62.5, 0, 0], "uv": [36, 41]},
						{"origin": [3, 8.8422, 4.61264], "size": [0, 2, 6], "inflate": 0.01, "pivot": [0.5, 8.34405, 7.09367], "rotation": [-62.5, 0, 0], "uv": [36, 41]},
						{"origin": [3, 8.8422, 4.61264], "size": [0, 2, 6], "inflate": 0.01, "pivot": [0.5, 8.34405, 7.09367], "rotation": [-62.5, 0, 0], "uv": [36, 41]},
						{"origin": [2.36797, 11.25313, 5.40201], "size": [0, 3, 6], "inflate": 0.01, "pivot": [-0.13203, 8.75497, 7.88305], "rotation": [-61.37298, 15.46973, 8.28342], "uv": [0, 36]},
						{"origin": [2.36797, 11.25313, 5.40201], "size": [0, 3, 6], "inflate": 0.01, "pivot": [-0.13203, 8.75497, 7.88305], "rotation": [-61.37298, 15.46973, 8.28342], "uv": [0, 36]},
						{"origin": [2.36797, 11.25313, 5.40201], "size": [0, 3, 6], "inflate": 0.01, "pivot": [-0.13203, 8.75497, 7.88305], "rotation": [-61.37298, 15.46973, 8.28342], "uv": [0, 36]},
						{"origin": [-2.36797, 11.25313, 5.40201], "size": [0, 3, 6], "inflate": 0.01, "pivot": [0.13203, 8.75497, 7.88305], "rotation": [-61.37298, -15.46973, -8.28342], "uv": [22, 31]},
						{"origin": [-2.36797, 11.25313, 5.40201], "size": [0, 3, 6], "inflate": 0.01, "pivot": [0.13203, 8.75497, 7.88305], "rotation": [-61.37298, -15.46973, -8.28342], "uv": [22, 31]},
						{"origin": [-2.36797, 11.25313, 5.40201], "size": [0, 3, 6], "inflate": 0.01, "pivot": [0.13203, 8.75497, 7.88305], "rotation": [-61.37298, -15.46973, -8.28342], "uv": [22, 31]},
						{"origin": [-3, 11.15447, 4.80213], "size": [0, 2, 6], "inflate": 0.01, "pivot": [-0.5, 9.65632, 5.28316], "rotation": [-62.5, 0, 0], "uv": [24, 41]},
						{"origin": [3, 11.15447, 4.80213], "size": [0, 2, 6], "inflate": 0.01, "pivot": [0.5, 9.65632, 5.28316], "rotation": [-62.5, 0, 0], "uv": [24, 41], "mirror": true},
						{"origin": [2.36797, 11.25313, 5.40201], "size": [0, 3, 6], "inflate": 0.01, "pivot": [-0.13203, 8.75497, 7.88305], "rotation": [-61.37298, 15.46973, 8.28342], "uv": [22, 31], "mirror": true},
						{"origin": [-3, 11.15447, 4.80213], "size": [0, 2, 6], "inflate": 0.01, "pivot": [-0.5, 9.65632, 5.28316], "rotation": [-62.5, 0, 0], "uv": [24, 41]},
						{"origin": [-3, 11.15447, 4.80213], "size": [0, 2, 6], "inflate": 0.01, "pivot": [-0.5, 9.65632, 5.28316], "rotation": [-62.5, 0, 0], "uv": [24, 41]},
						{"origin": [-3, 9.38045, 9.72563], "size": [6, 2, 0], "inflate": 0.01, "pivot": [1.5, 7.8823, 6.20666], "rotation": [-62.5, 0, 0], "uv": [48, 16]},
						{"origin": [-3, 9.38045, 9.72563], "size": [6, 2, 0], "inflate": 0.01, "pivot": [1.5, 7.8823, 6.20666], "rotation": [-62.5, 0, 0], "uv": [48, 16]},
						{"origin": [-3, 12.37602, 10.18423], "size": [6, 3, 0], "inflate": 0.01, "pivot": [1.5, 8.87787, 6.66527], "rotation": [-75, 0, 0], "uv": [46, 36]},
						{"origin": [-3, 12.37602, 10.18423], "size": [6, 3, 0], "inflate": 0.01, "pivot": [1.5, 8.87787, 6.66527], "rotation": [-75, 0, 0], "uv": [46, 36]},
						{"origin": [-3, 10.26746, 4.26388], "size": [6, 2, 0], "inflate": 0.01, "pivot": [-0.5, 8.76931, 5.74491], "rotation": [-62.5, 0, 0], "uv": [12, 49]},
						{"origin": [-3, 11.6891, 5.27499], "size": [6, 3, 0], "inflate": 0.01, "pivot": [-0.5, 8.19094, 6.75602], "rotation": [-45, 0, 0], "uv": [0, 48]},
						{"origin": [-3, 11.6891, 5.27499], "size": [6, 3, 0], "inflate": 0.01, "pivot": [-0.5, 8.19094, 6.75602], "rotation": [-45, 0, 0], "uv": [0, 48]},
						{"origin": [-3, 9.27647, 4.86402], "size": [6, 0, 6], "inflate": 0.011, "pivot": [0, 8.77832, 6.84506], "rotation": [-62.5, 0, 0], "uv": [22, 0]},
						{"origin": [-2, 7.27647, 5.86402], "size": [4, 2, 4], "inflate": 0.01, "pivot": [0, 8.77832, 6.84506], "rotation": [-62.5, 0, 0], "uv": [10, 36]},
						{"origin": [-2, 7.27647, 5.86402], "size": [4, 2, 4], "inflate": 0.01, "pivot": [0, 8.77832, 6.84506], "rotation": [-62.5, 0, 0], "uv": [10, 36]}
					]
				},
				{
					"name": "bone6",
					"parent": "bone",
					"pivot": [0, 9.00187, 9.14543],
					"rotation": [0, 0, -7.5],
					"cubes": [
						{"origin": [0, 10.55147, 6.46402], "size": [0, 6, 1], "inflate": 0.01, "pivot": [0, 7.87832, 5.24506], "rotation": [-40, 0, 0], "uv": [2, 7]},
						{"origin": [0, 18.79097, 5.01556], "size": [0, 4, 1], "inflate": 0.01, "pivot": [0, 10.11781, 3.7966], "rotation": [-57.5, 0, 0], "uv": [4, 19]},
						{"origin": [0, 13.14484, 16.56927], "size": [0, 1, 1], "inflate": 0.01, "pivot": [0, 15.14484, 17.06927], "rotation": [-97.5, 0, 0], "uv": [3, 25]},
						{"origin": [-0.5, 14.14484, 16.56927], "size": [1, 2, 1], "inflate": 0.01, "pivot": [0, 15.14484, 17.06927], "rotation": [-97.5, 0, 0], "uv": [17, 24]}
					]
				},
				{
					"name": "bone7",
					"parent": "bone",
					"pivot": [0, 8.60187, 9.64543],
					"rotation": [-54.97578, -34.98339, 155.86553],
					"cubes": [
						{"origin": [0, 10.15147, 6.96402], "size": [0, 6, 1], "inflate": 0.01, "pivot": [0, 7.47832, 5.74506], "rotation": [-40, 0, 0], "uv": [2, 7]},
						{"origin": [0, 18.39097, 5.51556], "size": [0, 2, 1], "inflate": 0.01, "pivot": [0, 9.71781, 4.2966], "rotation": [-57.5, 0, 0], "uv": [4, 13]},
						{"origin": [-3.20693, 20.66527, 5.94612], "size": [0, 2, 1], "inflate": 0.01, "pivot": [-3.20693, 9.99211, 4.72716], "rotation": [-56.2576, 14.6914, 9.61518], "uv": [0, 13]},
						{"origin": [-3.25946, 20.69264, 7.0053], "size": [0, 1, 1], "inflate": 0.01, "pivot": [-3.25946, 8.01948, 5.78634], "rotation": [-46.2576, 14.6914, 9.61518], "uv": [3, 25]},
						{"origin": [-3.75946, 21.69264, 7.0053], "size": [1, 2, 1], "inflate": 0.01, "pivot": [-3.25946, 8.01948, 5.78634], "rotation": [-46.2576, 14.6914, 9.61518], "uv": [0, 23]}
					]
				},
				{
					"name": "bone8",
					"parent": "bone",
					"pivot": [0, 8.60187, 9.64543],
					"rotation": [-44.97578, 34.98339, -155.86553],
					"cubes": [
						{"origin": [0, 10.15147, 6.96402], "size": [0, 6, 1], "inflate": 0.01, "pivot": [0, 7.47832, 5.74506], "rotation": [-40, 0, 0], "uv": [2, 7]},
						{"origin": [0, 18.39097, 5.51556], "size": [0, 2, 1], "inflate": 0.01, "pivot": [0, 9.71781, 4.2966], "rotation": [-57.5, 0, 0], "uv": [4, 13]},
						{"origin": [3.20693, 20.66527, 5.94612], "size": [0, 2, 1], "inflate": 0.01, "pivot": [3.20693, 9.99211, 4.72716], "rotation": [-56.2576, -14.6914, -9.61518], "uv": [0, 13]},
						{"origin": [3.25946, 20.69264, 7.0053], "size": [0, 1, 1], "inflate": 0.01, "pivot": [3.25946, 8.01948, 5.78634], "rotation": [-46.2576, -14.6914, -9.61518], "uv": [3, 25]},
						{"origin": [2.75946, 21.69264, 7.0053], "size": [1, 2, 1], "inflate": 0.01, "pivot": [3.25946, 8.01948, 5.78634], "rotation": [-46.2576, -14.6914, -9.61518], "uv": [0, 20]}
					]
				},
				{
					"name": "bone3",
					"parent": "bone",
					"pivot": [-2.97868, 11.82241, 12.222],
					"cubes": [
						{"origin": [-6.13271, 10.42401, 10.37882], "size": [0, 2, 6], "inflate": 0.01, "pivot": [-6.13271, 10.42401, 14.37882], "rotation": [26.43596, -58.95768, -120.12627], "uv": [12, 41]},
						{"origin": [-5.38774, 9.88521, 10.8544], "size": [0, 3, 6], "inflate": 0.01, "pivot": [-5.38774, 11.88521, 12.8544], "rotation": [-52.38443, -40.84182, -26.744], "uv": [0, 39]}
					]
				},
				{
					"name": "bone5",
					"parent": "bone",
					"pivot": [3.97868, 11.82241, 12.222],
					"cubes": [
						{"origin": [6.13216, 12.19789, 11.45506], "size": [0, 2, 6], "inflate": 0.01, "pivot": [6.13216, 12.19789, 13.45506], "rotation": [30.0129, 57.77464, 124.32669], "uv": [36, 39]},
						{"origin": [6.70035, 14.59756, 12.22281], "size": [0, 2, 6], "inflate": 0.01, "pivot": [6.70035, 12.59756, 14.22281], "rotation": [54.77535, 36.81662, 157.06607], "uv": [24, 39]},
						{"origin": [-6.70035, 14.59756, 12.22281], "size": [0, 2, 6], "inflate": 0.01, "pivot": [-6.70035, 12.59756, 14.22281], "rotation": [54.77535, -36.81662, -157.06607], "uv": [12, 39]},
						{"origin": [5.38774, 9.88521, 10.8544], "size": [0, 3, 6], "inflate": 0.01, "pivot": [5.38774, 11.88521, 12.8544], "rotation": [-52.38443, 40.84182, 26.744], "uv": [12, 36]},
						{"origin": [5.38774, 9.88521, 10.8544], "size": [0, 3, 6], "inflate": 0.01, "pivot": [5.38774, 11.88521, 12.8544], "rotation": [-52.38443, 40.84182, 26.744], "uv": [12, 36]}
					]
				},
				{
					"name": "bone4",
					"parent": "bone",
					"pivot": [1, 16.84305, 16.43505],
					"cubes": [
						{"origin": [-3, 17.2847, 12.78023], "size": [6, 3, 0], "inflate": 0.01, "pivot": [-0.5, 11.78655, 9.26126], "rotation": [-102.5, 0, 0], "uv": [48, 0]},
						{"origin": [-3, 21.89951, 22.82877], "size": [6, 2, 0], "inflate": 0.01, "pivot": [1.5, 14.40136, 19.3098], "rotation": [-172.5, 0, 0], "uv": [48, 12]},
						{"origin": [-3, 19.01205, 29.37326], "size": [6, 2, 0], "inflate": 0.01, "pivot": [1.5, 9.5139, 25.8543], "rotation": [140, 0, 0], "uv": [48, 8]}
					]
				},
				{
					"name": "bone2",
					"parent": "bone",
					"pivot": [1, 10.10826, 16.62578],
					"cubes": [
						{"origin": [-3, 13.66287, 8.59433], "size": [6, 3, 0], "inflate": 0.01, "pivot": [1.5, 8.16472, 10.07537], "rotation": [-17.5, 0, 0], "uv": [48, 3]},
						{"origin": [-3, 19.42889, 15.69], "size": [6, 2, 0], "inflate": 0.01, "pivot": [-0.5, 11.93074, 17.17104], "rotation": [40, 0, 0], "uv": [48, 14]},
						{"origin": [-3, 27.57493, 18.039], "size": [6, 2, 0], "inflate": 0.01, "pivot": [-0.5, 18.07677, 19.52004], "rotation": [80, 0, 0], "uv": [48, 10]}
					]
				},
				{
					"name": "neck",
					"parent": "torso",
					"pivot": [0, 5.25, -2.8],
					"rotation": [20, 0, 0]
				},
				{
					"name": "head_ai",
					"parent": "neck",
					"pivot": [0, 7.85, -4.3],
					"cubes": [
						{"origin": [-2, 6.08156, -5.75887], "size": [4, 6, 4], "pivot": [0, 1.6, -2.8], "rotation": [10, 0, 0], "uv": [34, 35]}
					]
				},
				{
					"name": "head",
					"parent": "head_ai",
					"pivot": [0, 11.85, -5.3],
					"rotation": [-5, 0, 0],
					"cubes": [
						{"origin": [-3, 14.95, -8.7], "size": [6, 1, 0], "inflate": 0.01, "pivot": [0, 15.15, -8.7], "rotation": [10, 0, 0], "uv": [46, 18]},
						{"origin": [-3, 15.9177, -8.72924], "size": [6, 3, 0], "inflate": 0.01, "pivot": [0, 16.1177, -8.72924], "rotation": [-32.5, 0, 0], "uv": [0, 59]},
						{"origin": [-3, 10.65, -8.7], "size": [6, 5, 5], "inflate": 0.01, "uv": [0, 24]},
						{"origin": [0, 10.99202, -5.63969], "size": [0, 8, 8], "inflate": 0.01, "pivot": [0, 16.15, -0.7], "rotation": [5, 0, 0], "uv": [22, 21]},
						{"origin": [-1, 12.26897, -12.62495], "size": [2, 1, 5], "inflate": 0.01, "pivot": [0, 12.35, -7.3], "rotation": [2.5, 0, 0], "uv": [44, 19]},
						{"origin": [-0.5, 12.07886, -16.58951], "size": [1, 1, 4], "inflate": 0.01, "pivot": [0.5, 12.57886, -13.08951], "rotation": [-5, 0, 0], "uv": [0, 36]},
						{"origin": [-0.5, 11.8357, -19.58924], "size": [1, 1, 3], "inflate": 0.01, "pivot": [0.5, 12.3357, -14.08924], "rotation": [-12.5, 0, 0], "uv": [38, 49]}
					]
				},
				{
					"name": "jaw",
					"parent": "head",
					"pivot": [0, 11.1, -7.3],
					"rotation": [-5, 0, 0],
					"cubes": [
						{"origin": [-1, 11.11139, -12.42192], "size": [2, 1, 4], "pivot": [0, 11.61209, -8.2682], "rotation": [-5, 0, 0], "uv": [44, 45]}
					]
				},
				{
					"name": "crest",
					"parent": "head",
					"pivot": [0, 13.85, -7.3],
					"rotation": [15, 0, 0]
				},
				{
					"name": "eyelid_right",
					"parent": "head",
					"pivot": [-1.41, 12.35, -6.21],
					"cubes": [
						{"origin": [-2, 12.65, -7.61], "size": [1, 2, 2], "inflate": 0.01, "uv": [0, 4]}
					]
				},
				{
					"name": "eyelid_left",
					"parent": "head",
					"pivot": [1.41, 12.35, -6.21],
					"cubes": [
						{"origin": [1, 12.65, -7.61], "size": [1, 2, 2], "inflate": 0.01, "uv": [0, 0]}
					]
				},
				{
					"name": "tail",
					"parent": "torso",
					"pivot": [0, 5.25, 4.05]
				},
				{
					"name": "wing_left",
					"parent": "torso",
					"pivot": [2.475, 8.25, -2.375],
					"rotation": [0, 17.5, 0],
					"cubes": [
						{"origin": [2.67832, 8.06883, -6.01985], "size": [4, 0, 6], "uv": [34, 0]}
					]
				},
				{
					"name": "wing_left2",
					"parent": "wing_left",
					"pivot": [6.475, 8.25, 0.625],
					"cubes": [
						{"origin": [6.67832, 8.06883, -6.01985], "size": [5, 0, 6], "inflate": 0.01, "uv": [32, 12]}
					]
				},
				{
					"name": "wing_left3",
					"parent": "wing_left2",
					"pivot": [11.475, 8.25, -5.375],
					"cubes": [
						{"origin": [11.67832, 8.06883, -6.01985], "size": [13, 0, 6], "uv": [0, 18]}
					]
				},
				{
					"name": "wing_left_back",
					"parent": "torso",
					"pivot": [1.875, 8.125, -1.675],
					"rotation": [0, -27.5, 0],
					"cubes": [
						{"origin": [1.56279, 7.94383, -5.27475], "size": [4, 0, 6], "uv": [32, 29]}
					]
				},
				{
					"name": "wing_left5",
					"parent": "wing_left_back",
					"pivot": [5.875, 8.125, 1.325],
					"cubes": [
						{"origin": [5.56279, 7.94383, -5.27475], "size": [5, 0, 6], "inflate": 0.01, "uv": [42, 53]}
					]
				},
				{
					"name": "wing_left6",
					"parent": "wing_left5",
					"pivot": [10.875, 8.125, -4.675],
					"cubes": [
						{"origin": [10.56279, 7.94383, -5.27475], "size": [11, 0, 6], "uv": [0, 6]}
					]
				},
				{
					"name": "wing_right_back",
					"parent": "torso",
					"pivot": [-1.875, 8.125, -1.675],
					"rotation": [0, 27.5, 0],
					"cubes": [
						{"origin": [-5.56279, 7.94383, -5.27475], "size": [4, 0, 6], "uv": [32, 18]}
					]
				},
				{
					"name": "wing_right4",
					"parent": "wing_right_back",
					"pivot": [-5.875, 8.125, 1.325],
					"cubes": [
						{"origin": [-10.56279, 7.94383, -5.27475], "size": [5, 0, 6], "inflate": 0.01, "uv": [22, 6]}
					]
				},
				{
					"name": "wing_right6",
					"parent": "wing_right4",
					"pivot": [-10.875, 8.125, -4.675],
					"cubes": [
						{"origin": [-21.56279, 7.94383, -5.27475], "size": [11, 0, 6], "uv": [0, 0]}
					]
				},
				{
					"name": "wing_right",
					"parent": "torso",
					"pivot": [-2.475, 8.25, -1.475],
					"rotation": [0, -17.5, 0],
					"cubes": [
						{"origin": [-6.60332, 8.06883, -6.01985], "size": [4, 0, 6], "uv": [0, 34]}
					]
				},
				{
					"name": "wing_right2",
					"parent": "wing_right",
					"pivot": [-6.4, 8.25, 1.525],
					"cubes": [
						{"origin": [-11.60332, 8.06883, -6.01985], "size": [5, 0, 6], "inflate": 0.01, "uv": [32, 6]}
					]
				},
				{
					"name": "wing_right3",
					"parent": "wing_right2",
					"pivot": [-11.4, 8.25, -4.475],
					"cubes": [
						{"origin": [-24.60332, 8.06883, -6.01985], "size": [13, 0, 6], "uv": [0, 12]}
					]
				},
				{
					"name": "leg_right",
					"parent": "body",
					"pivot": [-1.5, 3, 0.25],
					"rotation": [5, 0, 0],
					"cubes": [
						{"origin": [-2.401, 2.60166, -2.02961], "size": [1, 1, 3], "pivot": [-1.9, 3.10166, -0.02961], "rotation": [-57, 0, 0], "uv": [56, 60]}
					]
				},
				{
					"name": "leg_right2",
					"parent": "leg_right",
					"pivot": [-1.5, 1.75, 0.75],
					"rotation": [-15, 0, 0],
					"cubes": [
						{"origin": [-2.4, 0.59858, -0.35209], "size": [1, 2, 1], "pivot": [-1.9, 1.59858, 0.14791], "rotation": [-4.5, 0, 0], "uv": [0, 34]}
					]
				},
				{
					"name": "foot_right",
					"parent": "leg_right2",
					"pivot": [-1.5, 0.75, -0.25],
					"rotation": [10, 0, 0],
					"cubes": [
						{"origin": [-2.9, -0.25, -1.2], "size": [2, 1, 2], "uv": [50, 42]}
					]
				},
				{
					"name": "bone12",
					"parent": "foot_right",
					"pivot": [0, 0, 0],
					"cubes": [
						{"origin": [-1.9, -0.25, 0.8], "size": [0, 1, 1], "uv": [14, 33]}
					]
				},
				{
					"name": "bone9",
					"parent": "bone12",
					"pivot": [-1.9, 0, 1.8],
					"cubes": [
						{"origin": [-1.9, -0.25, 1.8], "size": [0, 1, 1], "uv": [19, 26]}
					]
				},
				{
					"name": "toe_back_right",
					"parent": "foot_right",
					"pivot": [-0.9, 0.25, -1.7],
					"cubes": [
						{"origin": [-0.9, -0.25, -2.2], "size": [0, 1, 1], "uv": [4, 17]}
					]
				},
				{
					"name": "bone19",
					"parent": "toe_back_right",
					"pivot": [-0.9, 0, -2.2],
					"cubes": [
						{"origin": [-0.9, -0.25, -3.2], "size": [0, 1, 1], "uv": [17, 27]}
					]
				},
				{
					"name": "toe_outer_right",
					"parent": "foot_right",
					"pivot": [-2.25, 0.75, -1],
					"cubes": [
						{"origin": [-2.9, -0.25, -2.2], "size": [0, 1, 1], "uv": [4, 17]}
					]
				},
				{
					"name": "bone20",
					"parent": "toe_outer_right",
					"pivot": [-2.9, 0, -2.2],
					"cubes": [
						{"origin": [-2.9, -0.25, -3.2], "size": [0, 1, 1], "uv": [17, 27]}
					]
				},
				{
					"name": "leg_left",
					"parent": "body",
					"pivot": [1.5, 3, 0.25],
					"rotation": [5, 0, 0],
					"cubes": [
						{"origin": [1.401, 2.60166, -2.02961], "size": [1, 1, 3], "pivot": [1.9, 3.10166, -0.02961], "rotation": [-57, 0, 0], "uv": [56, 60]}
					]
				},
				{
					"name": "leg_left2",
					"parent": "leg_left",
					"pivot": [1.5, 1.75, 0.75],
					"rotation": [-15, 0, 0],
					"cubes": [
						{"origin": [1.4, 0.59858, -0.35209], "size": [1, 2, 1], "pivot": [1.9, 1.59858, 0.14791], "rotation": [-4.5, 0, 0], "uv": [0, 34]}
					]
				},
				{
					"name": "foot_right2",
					"parent": "leg_left2",
					"pivot": [1.5, 0.75, -0.25],
					"rotation": [10, 0, 0],
					"cubes": [
						{"origin": [0.9, -0.25, -1.2], "size": [2, 1, 2], "uv": [50, 42]}
					]
				},
				{
					"name": "bone13",
					"parent": "foot_right2",
					"pivot": [0, 0, 0],
					"cubes": [
						{"origin": [1.9, -0.25, 0.8], "size": [0, 1, 1], "uv": [14, 33]}
					]
				},
				{
					"name": "bone18",
					"parent": "bone13",
					"pivot": [1.9, 0, 1.8],
					"cubes": [
						{"origin": [1.9, -0.25, 1.8], "size": [0, 1, 1], "uv": [19, 26]}
					]
				},
				{
					"name": "bone14",
					"parent": "foot_right2",
					"pivot": [0, 0, 0]
				},
				{
					"name": "toe_back_right2",
					"parent": "foot_right2",
					"pivot": [2.9, 0.25, -1.7],
					"cubes": [
						{"origin": [2.9, -0.25, -2.2], "size": [0, 1, 1], "uv": [4, 17]}
					]
				},
				{
					"name": "bone15",
					"parent": "toe_back_right2",
					"pivot": [2.9, 0, -2.2],
					"cubes": [
						{"origin": [2.9, -0.25, -3.2], "size": [0, 1, 1], "uv": [17, 27]}
					]
				},
				{
					"name": "toe_outer_right2",
					"parent": "foot_right2",
					"pivot": [2.25, 0.75, -1],
					"cubes": [
						{"origin": [0.9, -0.25, -2.2], "size": [0, 1, 1], "uv": [4, 17]}
					]
				},
				{
					"name": "bone17",
					"parent": "toe_outer_right2",
					"pivot": [0.9, 0, -2.2],
					"cubes": [
						{"origin": [0.9, -0.25, -3.2], "size": [0, 1, 1], "uv": [17, 27]}
					]
				}
			]
		}
	]
}