{
  "implemented": true,
  "name": "ehgocharmeleon",
  "nationalPokedexNumber": 5,
  "primaryType": "fire",
  "secondaryType": "dragon",
  "abilities": [
    "keeneye",
    "h:keeneye"
  ],
  "baseStats": {
    "hp": 10,
    "attack": 10,
    "defence": 10,
    "special_attack": 10,
    "special_defence": 10,
    "speed": 10
  },
  "behaviour": {
    "resting": {
        "canSleep": true,
        "willSleepOnBed": false,        "depth": "normal",
        "light": "0-6"
    },
    "moving": {
        "fly": {
            "canFly": false
        },
        "canLook": true,
        "walk": {
            "canWalk": true,
            "avoidsLand": false
        },
        "swim": {
            "swimSpeed": 0.1,
            "canSwimInWater": true,
            "canBreatheUnderwater": false
        },
        "wanderChance": 1.0
    }
  },
  "catchRate": 255,
  "maleRatio": 0.5,
  "shoulderMountable": false,
  "baseExperienceYield": 50,
  "experienceGroup": "medium_fast",
  "eggCycles": 30,
  "eggGroups": [
    "undiscovered"
  ],
  "moves": [
    "1:tackle",
    "1:growl"  ],
  "labels": [
    "gen1",
    "infinity"
  ],
  "pokedex": [
    "cobblemon.species.ehgocharmeleon.desc"
  ],
  "evolutions": [
    {
      "id": "ehgocharmeleon_eghocharmeleon",
      "variant": "level_up",
      "result": "eghocharmeleon",
      "consumeHeldItem": false,
      "learnableMoves": [],
      "requirements": [
        {
          "variant": "level",
          "minLevel": 1
        }
      ]   
 }
  ],
  "baseScale": 0.1875,
  "hitbox": {
    "width": 3.0,
    "height": 3.0,
    "fixed": false
  },
  "baseFriendship": 70,
  "evYield": {
    "hp": 0,
    "attack": 0,
    "defence": 0,
    "special_attack": 0,
    "special_defence": 0,
    "speed": 0
  },
  "height": 10,
  "weight": 10,
  "aspects": [],
"features": [

  ],  "cannotDynamax": false
}