{
  "implemented": true,
  "name": "carvanhax",
  "nationalPokedexNumber": 318,
  "primaryType": "water",
  "secondaryType": "ghost",
  "abilities": [
    "cursedbody",
    "infiltrator",
    "h:dryskin"
  ],
  "baseStats": {
    "hp": 45,
    "attack": 90,
    "defence": 20,
    "special_attack": 65,
    "special_defence": 20,
    "speed": 65
  },
  "behaviour": {
    "resting": {
        "canSleep": true,
        "willSleepOnBed": false,        "depth": "normal",
        "light": "0-6"
    },
    "moving": {
        "fly": {
            "canFly": false
        },
        "canLook": true,
        "walk": {
            "canWalk": true,
            "avoidsLand": true
        },
        "swim": {
            "swimSpeed": 0.1,
            "canSwimInWater": true,
            "canBreatheUnderwater": true
        },
        "wanderChance": 1.0
    }
  },
  "catchRate": 100,
  "maleRatio": 0.5,
  "shoulderMountable": false,
  "baseExperienceYield": 61,
  "experienceGroup": "slow",
  "eggCycles": 39,
  "eggGroups": [
    "undiscovered"
  ],
  "moves": [
    "1:aquajet",
    "1:leer",
    "4:astonish",
    "8:topsyturvy",
    "12:scaryface",
    "16:hex",
    "20:icefang",
    "24:screech",
    "28:swagger",
    "32:phantomforce",
    "36:agility",
    "40:liquidation",
    "44:takedown",
    "tm:toxic",
    "tm:hail",
    "tm:hiddenpower",
    "tm:taunt",
    "tm:icebeam",
    "tm:blizzard",
    "tm:protect",
    "tm:raindance",
    "tm:return",
    "tm:shadowball",
    "tm:doubleteam",
    "tm:torment",
    "tm:facade",
    "tm:rest",
    "tm:attract",
    "tm:thief",
    "tm:round",
    "tm:scald",
    "tm:willowisp",
    "tm:payback",
    "tm:surf",
    "tm:infestation",
    "tm:swagger",
    "tm:waterfall",
    "tm:substitute",
    "tm:darkpulse",
    "tutor:secretpower",
    "tutor:snore"  ],
  "labels": [
    "xenoverse",
    "gen3"
  ],
  "pokedex": [
    "cobblemon.species.carvanhax.desc"
  ],
  "evolutions": [
    {
      "id": "carvanhax_sharpedox",
      "variant": "item_interact",
      "result": "sharpedox",
      "consumeHeldItem": false,
      "learnableMoves": [],
      "requirements": [

      ],
      "requiredContext": "cobblemon:dusk_stone"   
 }
  ],
  "baseScale": 0.7,
  "hitbox": {
    "width": 0.8,
    "height": 0.8,
    "fixed": false
  },
  "baseFriendship": 70,
  "evYield": {
    "hp": 0,
    "attack": 1,
    "defence": 0,
    "special_attack": 0,
    "special_defence": 0,
    "speed": 0
  },
  "height": 8,
  "weight": 118,
  "aspects": [],
"features": [

  ],  "cannotDynamax": false
}