{
	"format_version": "1.8.0",
	"animations": {
		"animation.blastoise_egho.ground_idle": {
			"loop": true,
			"bones": {
				"head_angle": {
					"rotation": [5, 0, 0]
				},
				"arm_left": {
					"rotation": [-6.12673, 7.9185, "2.0757-1.5*(math.sin(q.anim_time*90*3)*1+1)"]
				},
				"arm_left2": {
					"rotation": [0, 15, 15]
				},
				"arm_left3": {
					"rotation": [0, 15, 15]
				},
				"torso": {
					"rotation": [22.5, 0, 0],
					"position": [0, "-0.8*(math.cos(q.anim_time*90*3-90)*1+1)", 0]
				},
				"jaw": {
					"rotation": ["5+math.sin(q.anim_time*90*1.5-60)*4", 0, 0]
				},
				"head": {
					"rotation": [-10, 0, 0]
				},
				"body": {
					"position": [0, 11, 0]
				},
				"cloud": {
					"rotation": [-10, 0, 0],
					"position": ["0.1*(math.sin(q.anim_time*90*3)*1+1)", "-3-0.5*(math.cos(q.anim_time*90*3)*1+1)", "0.1*(math.cos(q.anim_time*90*3)*1+1)"]
				},
				"cloudlegs": {
					"position": ["0-0.2*(math.cos(q.anim_time*90*3-90)*1+1)", "0-1*(math.sin(q.anim_time*90*1-90)*0.1+1)", "0-0.1*(math.sin(q.anim_time*90*3-90)*1+1)"]
				},
				"bone": {
					"rotation": ["10+0.6*(math.sin(q.anim_time*90*3)*1+1)", 0, 0],
					"position": [0, -0.5, 0]
				},
				"arm_right": {
					"rotation": [6.1267, -7.9185, "-2.0757+1.5*(math.sin(q.anim_time*90*3)*1+1)"]
				},
				"arm_right2": {
					"rotation": [0, -15, -15]
				},
				"arm_right3": {
					"rotation": [0, -15, -15]
				}
			}
		},
		"animation.blastoise_egho.blink": {
			"animation_length": 0.1667,
			"bones": {
				"eyelid_left": {
					"position": {
						"0.0": [0.1, 0, -0.1],
						"0.125": [0.1, 0, -0.1],
						"0.1667": [0, 0, 0]
					}
				},
				"eyelid_right": {
					"position": {
						"0.0": [-0.1, 0, -0.1],
						"0.125": [-0.1, 0, -0.1],
						"0.1667": [0, 0, 0]
					}
				}
			}
		}
	}
}