{
	"format_version": "1.8.0",
	"animations": {
		"animation.elekid_x.ground_idle": {
			"loop": true,
			"bones": {
				"rightleg": {
					"rotation": [0, 0, 0]
				},
				"leftleg": {
					"rotation": [0, -5, 0]
				},
				"rightarm": {
					"rotation": ["0.0386+5*(math.sin(q.anim_time*90*1)*0.75+1)*0.5", -9.99038, "-33.8406+5*(math.sin(q.anim_time*90*3)*0.75+1)*1.5"]
				},
				"righthand": {
					"rotation": [-84.11128, "-18.7702-0.15*(math.sin(q.anim_time*90*3-90)*2+1)*20", 91.27155],
					"position": [-1.1, -1, -0.1]
				},
				"leftarm": {
					"rotation": ["0.0216+5*(math.sin(q.anim_time*90*1)*0.75+1)*0.5", 7.49282, "19.329+5*(math.sin(q.anim_time*90*-3)*0.75+1)*1.5"]
				},
				"lefthand": {
					"rotation": [-83.21272, "16.3955-0.15*(math.sin(q.anim_time*90*3-90)*2+1)*-20", -92.01813],
					"position": [0.9, -1.3, 0]
				},
				"torso": {
					"rotation": ["5*(math.sin(q.anim_time*90*3)*1.3+1)*0.3", 0, 0],
					"position": [0, "-0.15*(math.sin(q.anim_time*90*3-90)*1+1)", 0]
				},
				"rightfoot": {
					"rotation": [0, 5, 0]
				},
				"bone": {
					"rotation": ["-9*(math.cos(q.anim_time*90*3)*1.3+1)*0.3", 0, 0]
				}
			}
		},
		"animation.elekid_x.ground_walk": {
			"loop": true,
			"animation_length": 5.79167,
			"bones": {
				"torso": {
					"rotation": ["0+math.cos(q.anim_time*90*3)*1", "0+math.sin(q.anim_time*90*3)*3", "0+math.sin(q.anim_time*90*3)*3"],
					"position": [0, "0+math.sin(q.anim_time*90*3*2)*0.25", 0]
				},
				"leftarm": {
					"rotation": [-5.55469, "20.5163+math.sin(q.anim_time*90*3+140)*10", 12.23432]
				},
				"lefthand": {
					"rotation": [-22.50217, "45.1347+math.sin(q.anim_time*90*3+140)*5", "-92.2975+math.cos(q.anim_time*90*3+320)*5"],
					"position": [2.1, -0.2, 0]
				},
				"rightarm": {
					"rotation": [-11.77424, "-19.7914+math.sin(q.anim_time*90*3+140)*10", -17.1674]
				},
				"righthand": {
					"rotation": [45.70656, "-22.4135+math.sin(q.anim_time*90*3+140)*5", "90.5763+math.cos(q.anim_time*90*3+320)*5"],
					"position": [-0.9, -0.9, -0.1]
				},
				"rightleg": {
					"rotation": ["0-math.clamp(math.sin(q.anim_time*90*3+140)*10,0,10)+math.clamp(math.sin(q.anim_time*90*3+180)*12,0,12)", 0, 0],
					"position": [0, "0+math.clamp(-math.sin(q.anim_time*90*3)*1,0,1)", "0-math.cos(q.anim_time*90*3)*1"]
				},
				"rightfoot": {
					"rotation": ["0-math.clamp(math.sin(q.anim_time*90*3+140)*10,0,10)+math.clamp(math.sin(q.anim_time*90*3+180)*12,0,12)", 0, 0]
				},
				"leftleg": {
					"rotation": ["-math.clamp(math.sin(q.anim_time*90*3+320)*10,0,10)+math.clamp(math.sin(q.anim_time*90*3)*12,0,12)", 0, 0],
					"position": [0, "0+math.clamp(-math.sin(q.anim_time*90*3+180)*1,0,1)", "0-math.cos(q.anim_time*90*3+180)*1"]
				},
				"leftfoot": {
					"rotation": ["-math.clamp(math.sin(q.anim_time*90*3+320)*10,0,10)+math.clamp(math.sin(q.anim_time*90*3)*12,0,12)", 0, 0]
				},
				"bone": {
					"rotation": ["0-math.cos(q.anim_time-30*90*3)*3", "0-math.cos(q.anim_time-30*90*3)*4", "0-math.cos(q.anim_time-30*90*3)*3"]
				}
			}
		},
		"animation.elekid_x.cry": {
			"loop": true,
			"animation_length": 1.5,
			"bones": {
				"rightleg": {
					"rotation": [0, 0, 0]
				},
				"leftleg": {
					"rotation": [0, -5, 0]
				},
				"rightarm": {
					"rotation": {
						"0.0": [0, 0, 0],
						"0.2917": [0, -49, 0],
						"0.5": {
							"pre": [0, -39, 0],
							"post": [0, -39, 0],
							"lerp_mode": "catmullrom"
						},
						"0.5417": {
							"post": [0, 14.23, 0],
							"lerp_mode": "catmullrom"
						},
						"0.875": [0, 14.23, 0],
						"1.125": [0, -1, 0],
						"1.5": [0, 0, 0]
					}
				},
				"righthand": {
					"rotation": {
						"0.0": [0, 0, 0],
						"0.3333": [0, -7.5, 0],
						"0.6667": [0, 6, 0],
						"0.875": [0, 6, 0],
						"1.5": [0, 0, 0]
					},
					"position": {
						"0.0": [0, 0, 0],
						"1.5": [0, 0, 0]
					}
				},
				"leftarm": {
					"rotation": {
						"0.0": [0, 0, 0],
						"0.2917": [0, 49, 0],
						"0.5": {
							"pre": [0, 39, 0],
							"post": [0, 39, 0],
							"lerp_mode": "catmullrom"
						},
						"0.5417": {
							"post": [0, -14.23, 0],
							"lerp_mode": "catmullrom"
						},
						"0.875": [0, -14.23, 0],
						"1.125": [0, 1, 0],
						"1.5": [0, 0, 0]
					}
				},
				"lefthand": {
					"rotation": {
						"0.0": [0, 0, 0],
						"0.3333": [0, 10, 0],
						"0.6667": [0, -6, 0],
						"0.875": [0, -6, 0],
						"1.5": [0, 0, 0]
					},
					"position": {
						"0.0": [0, 0, 0],
						"1.5": [0, 0, 0]
					}
				},
				"torso": {
					"rotation": {
						"0.0": [0, 0, 0],
						"0.3333": [27.5, 0, 0],
						"0.4583": [-17.5, 0, 0],
						"1.0": [-8, 0, 0],
						"1.5": [0, 0, 0]
					},
					"position": {
						"0.0": [0, 0, 0],
						"0.5417": [0.1, 0, 0],
						"0.5833": [-0.05, 0, 0],
						"0.625": [0.1, 0, 0],
						"0.6667": [-0.05, 0, 0],
						"0.7083": [0.1, 0, 0],
						"0.75": [-0.05, 0, 0],
						"0.7917": [0.1, 0, 0],
						"0.8333": [-0.05, 0, 0],
						"0.875": [0.1, 0, 0],
						"0.9167": [-0.05, 0, 0],
						"0.9583": [0.1, 0, 0],
						"1.0": [-0.05, 0, 0],
						"1.0417": [0.08, 0, 0],
						"1.125": [0, 0, 0],
						"1.4583": [0, 0, 0]
					}
				},
				"leftfoot": {
					"rotation": [0, 5, 0]
				},
				"mouth_open": {
					"position": {
						"0.0": [0, 0, 0],
						"0.5": [0, 0, -1.01],
						"1.25": [0, 0, -1.01],
						"1.5": [0, 0, 0]
					}
				},
				"eyelid_right": {
					"position": {
						"0.0": [0, 0, 0],
						"0.0833": [0, 0, -1],
						"0.4583": [0, 0, -1],
						"0.5": [0, 0, 0]
					}
				},
				"eyelid_left": {
					"position": {
						"0.0": [0, 0, 0],
						"0.0833": [0, 0, -1],
						"0.4583": [0, 0, -1],
						"0.5": [0, 0, 0]
					}
				}
			}
		},
		"animation.elekid_x.blink": {
			"animation_length": 0.16667,
			"bones": {
				"eyelid_right": {
					"position": {
						"0.0": [0, 0, -1],
						"0.0833": [0, 0, -1],
						"0.1667": [0, 0, 0]
					}
				},
				"eyelid_left": {
					"position": {
						"0.0": [0, 0, -1],
						"0.0833": [0, 0, -1],
						"0.1667": [0, 0, 0]
					}
				}
			}
		},
		"animation.elekid_x.sleep": {
			"loop": true,
			"bones": {
				"body": {
					"rotation": [-90, 0, 0],
					"position": [0, "-3-math.sin(q.anim_time*90*1)*0.05", 0]
				},
				"torso": {
					"rotation": [0, "0-math.cos(q.anim_time*90*1)*1.5", 0]
				},
				"eyelid_right": {
					"position": [0, 0, -1]
				},
				"leftarm": {
					"rotation": [-20.47, "-43.85+math.cos(q.anim_time*90*1)*1.5", 28.31]
				},
				"lefthand": {
					"rotation": [13.75, 42.66, "-1.76+math.sin(q.anim_time*90*1)*3"]
				},
				"rightarm": {
					"rotation": [-20.47, "43.85+math.cos(q.anim_time*90*1)*1.5", -28.31]
				},
				"righthand": {
					"rotation": [13.75, -42.66, "1.76-math.sin(q.anim_time*90*1)*3"]
				},
				"rightleg": {
					"rotation": [15, "0-math.cos(q.anim_time*90*1-30)*1.5", 0]
				},
				"rightfoot": {
					"rotation": [25, "0-math.cos(q.anim_time*90*1-50)*3", 0]
				},
				"leftleg": {
					"rotation": [15, "0+math.cos(q.anim_time*90*1-30)*1.5", 0]
				},
				"leftfoot": {
					"rotation": [25, "0+math.cos(q.anim_time*90*1-60)*4", 0]
				},
				"eyelid_left": {
					"position": [0, 0, -1]
				}
			}
		}
	},
	"geckolib_format_version": 2
}