{
	"format_version": "1.8.0",
	"animations": {
		"animation.maelstream.water_idle": {
			"loop": true,
			"bones": {
				"body": {
					"rotation": ["(math.cos(query.anim_time*240-90)*3)", "(math.cos(query.anim_time*480)*2)", 0],
					"position": [0, "(math.cos(query.anim_time*240)*1)+6", 0]
				},
				"tail1": {
					"rotation": [0, "(math.cos(query.anim_time*480-45)*2)", 0]
				},
				"tail2": {
					"rotation": [0, "(math.cos(query.anim_time*480-90)*2)", 0]
				},
				"head": {
					"rotation": ["-(math.cos(query.anim_time*240-90)*3)", 0, 0]
				},
				"left_fin": {
					"rotation": [0, 0, "(math.cos(query.anim_time*480-45)*4)"]
				},
				"right_fin": {
					"rotation": [0, 0, "-(math.cos(query.anim_time*480-45)*4)"]
				}
			}
		},
		"animation.maelstream.ground_idle": {
			"loop": true,
			"bones": {
				"body": {
					"rotation": ["(math.cos(query.anim_time*240-90)*3)", "(math.cos(query.anim_time*480)*2)", 0],
					"position": [0, "(math.cos(query.anim_time*240)*1)+6", 0]
				},
				"tail1": {
					"rotation": [0, "(math.cos(query.anim_time*480-45)*2)", 0]
				},
				"tail2": {
					"rotation": [0, "(math.cos(query.anim_time*480-90)*2)", 0]
				},
				"head": {
					"rotation": ["-(math.cos(query.anim_time*240-90)*3)", 0, 0]
				},
				"left_fin": {
					"rotation": [0, 0, "(math.cos(query.anim_time*480-45)*4)"]
				},
				"right_fin": {
					"rotation": [0, 0, "-(math.cos(query.anim_time*480-45)*4)"]
				}
			}
		},
		"animation.maelstream.ground_run": {
			"loop": true,
			"bones": {
				"body": {
					"rotation": ["(math.cos(query.anim_time*240-90)*3)", "(math.cos(query.anim_time*480)*2)", 0],
					"position": [0, "(math.cos(query.anim_time*240)*1)+6", 0]
				},
				"tail1": {
					"rotation": [0, "(math.cos(query.anim_time*480-45)*2)", 0]
				},
				"tail2": {
					"rotation": [0, "(math.cos(query.anim_time*480-90)*2)", 0]
				},
				"head": {
					"rotation": ["-(math.cos(query.anim_time*240-90)*3)", 0, 0]
				},
				"left_fin": {
					"rotation": [0, 0, "(math.cos(query.anim_time*480-45)*4)"]
				},
				"right_fin": {
					"rotation": [0, 0, "-(math.cos(query.anim_time*480-45)*4)"]
				}
			}
		},
		"animation.maelstream.faint": {
			"loop": true,
			"bones": {
				"body": {
					"rotation": ["(math.cos(query.anim_time*240-90)*3)", "(math.cos(query.anim_time*480)*2)", 0],
					"position": [0, "(math.cos(query.anim_time*240)*1)+6", 0]
				},
				"tail1": {
					"rotation": [0, "(math.cos(query.anim_time*480-45)*2)", 0]
				},
				"tail2": {
					"rotation": [0, "(math.cos(query.anim_time*480-90)*2)", 0]
				},
				"head": {
					"rotation": ["-(math.cos(query.anim_time*240-90)*3)", 0, 0]
				},
				"left_fin": {
					"rotation": [0, 0, "(math.cos(query.anim_time*480-45)*4)"]
				},
				"right_fin": {
					"rotation": [0, 0, "-(math.cos(query.anim_time*480-45)*4)"]
				}
			}
		},
		"animation.maelstream.water_swim": {
			"loop": true,
			"bones": {
				"body": {
					"rotation": ["(math.cos(query.anim_time*240-90)*3)", "(math.cos(query.anim_time*480)*2)", 0],
					"position": [0, "(math.cos(query.anim_time*240)*1)+6", 0]
				},
				"tail1": {
					"rotation": [0, "(math.cos(query.anim_time*480-45)*2)", 0]
				},
				"tail2": {
					"rotation": [0, "(math.cos(query.anim_time*480-90)*2)", 0]
				},
				"head": {
					"rotation": ["-(math.cos(query.anim_time*240-90)*3)", 0, 0]
				},
				"left_fin": {
					"rotation": [0, 0, "(math.cos(query.anim_time*480-45)*4)"]
				},
				"right_fin": {
					"rotation": [0, 0, "-(math.cos(query.anim_time*480-45)*4)"]
				}
			}
		}
	},
	"geckolib_format_version": 2
}