{
	"format_version": "1.8.0",
	"animations": {
		"animation.squirtle_egho.ground_idle": {
			"loop": true,
			"animation_length": 4,
			"bones": {
				"torso": {
					"rotation": [27.5, -5, 0]
				},
				"tail": {
					"rotation": [-165, 0, 0],
					"position": [0, -1, 1]
				},
				"head_angle": {
					"rotation": [-62.5, 0, 0],
					"position": [0, 0, -2]
				},
				"arm_left": {
					"rotation": [0, 80, 0]
				},
				"leg_left": {
					"rotation": [-27.5, 0, -30]
				},
				"squirtle": {
					"rotation": [-17.5, 0, 0],
					"position": [0, "6.4-0.5*(math.sin(q.anim_time*45*4-90)*1+1)", 0]
				},
				"body": {
					"rotation": [57.5, 0, 0]
				},
				"tail3": {
					"rotation": [-15, 0, 0],
					"scale": "1+0.01*(math.sin(q.anim_time*90*1-90)*1+1)"
				},
				"tail2": {
					"rotation": [-60, 0, 0],
					"position": [0, 1, 2.5]
				},
				"leg_right": {
					"rotation": [-30, 0, 25]
				},
				"arm_right": {
					"rotation": [32.94581, -72.03614, -34.26563]
				},
				"bone3": {
					"scale": ["1-0.03*(math.cos(q.anim_time*90*1-90)*1+1)", "1-0.06*(math.sin(q.anim_time*90*1-90)*1+1)", 1]
				},
				"bone": {
					"position": [0, 0.8, 0],
					"scale": [1, "1+0.06*(math.sin(q.anim_time*90*1-90)*1+1)", "1+0.03*(math.cos(q.anim_time*90*1-90)*1+1)"]
				},
				"bone2": {
					"scale": [1, "1+0.06*(math.sin(q.anim_time*90*1-90)*1+1)", 1]
				}
			}
		},
		"animation.squirtle_egho.blink": {
			"animation_length": 0.1667,
			"bones": {
				"eyelid_right": {
					"position": {
						"0.0": [-0.1, 0, -0.1],
						"0.125": [-0.1, 0, -0.1],
						"0.1667": [0, 0, 0]
					}
				},
				"eyelid_left": {
					"position": {
						"0.0": [0.1, 0, -0.1],
						"0.125": [0.1, 0, -0.1],
						"0.1667": [0, 0, 0]
					}
				}
			}
		}
	}
}