{
  "implemented": true,
  "name": "eghobulbasaur",
  "nationalPokedexNumber": 1,
  "primaryType": "grass",
  "secondaryType": "rock",
  "abilities": [
    "roughskin",
    "poisonpoint",
    "h:poisonpoint"
  ],
  "baseStats": {
    "hp": 44,
    "attack": 60,
    "defence": 54,
    "special_attack": 50,
    "special_defence": 64,
    "speed": 37
  },
  "behaviour": {
    "resting": {
        "canSleep": true,
        "willSleepOnBed": false,        "depth": "normal",
        "light": "0-6"
    },
    "moving": {
        "fly": {
            "canFly": false
        },
        "canLook": true,
        "walk": {
            "canWalk": true,
            "avoidsLand": false
        },
        "swim": {
            "swimSpeed": 0.1,
            "canSwimInWater": true,
            "canBreatheUnderwater": false
        },
        "wanderChance": 1.0
    }
  },
  "catchRate": 45,
  "maleRatio": 0.875,
  "shoulderMountable": false,
  "baseExperienceYield": 64,
  "experienceGroup": "medium_slow",
  "eggCycles": 50,
  "eggGroups": [
    "grass",
    "monster"
  ],
  "drops": {
    "amount": "2",
    "entries": [
      {
        "item": "minecraft:cactus",
        "quantityRange": "1-2",
        "percentage": 50
      }
    ]
  },
  "moves": [
    "1:tackle",
    "1:growl",
    "1:leechseed",
    "1:harden",
    "6:sandattack",
    "14:absorb",
    "17:rockthrow",
    "18:sandstorm",
    "21:magnitude",
    "24:needlearm",
    "26:rockblast",
    "30:stealthrock",
    "33:rockslide",
    "38:sunnyday",
    "40:dig",
    "42:solarbeam",
    "43:earthquake",
    "tm:honeclaws",
    "tm:roar",
    "tm:toxic",
    "tm:venoshock",
    "tm:hiddenpower",
    "tm:sunnyday",
    "tm:protect",
    "tm:raindance",
    "tm:frustration",
    "tm:solarbeam",
    "tm:smackdown",
    "tm:earthquake",
    "tm:return",
    "tm:dig",
    "tm:doubleteam",
    "tm:flamethrower",
    "tm:sludgebomb",
    "tm:sandstorm",
    "tm:fireblast",
    "tm:rocktomb",
    "tm:facade",
    "tm:rest",
    "tm:round",
    "tm:echoedvoice",
    "tm:energyball",
    "tm:fling",
    "tm:quash",
    "tm:rockpolish",
    "tm:stoneedge",
    "tm:bulldoze",
    "tm:rockslide",
    "tm:poisonjab",
    "tm:grassknot",
    "tm:swagger",
    "tm:substitute",
    "tm:rocksmash",
    "tm:bulletseed",
    "tm:cut",
    "tm:strength",
    "tutor:ancientpower",
    "tutor:earthpower",
    "tutor:gigadrain",
    "tutor:seedbomb",
    "tutor:stealthrock",
    "tutor:zenheadbutt",
    "egg:curse",
    "egg:endure",
    "egg:ingrain",
    "egg:leafstorm",
    "egg:naturepower",
    "egg:petaldance",
    "egg:powerwhip",
    "egg:skullbash"  ],
  "labels": [
    "gen1",
    "infinity"
  ],
  "pokedex": [
    "cobblemon.species.eghobulbasaur.desc"
  ],
  "evolutions": [
    {
      "id": "eghobulbasaur_eghoivysaur",
      "variant": "level_up",
      "result": "eghoivysaur",
      "consumeHeldItem": false,
      "learnableMoves": [],
      "requirements": [
        {
          "variant": "level",
          "minLevel": 16
        }
      ]   
 }
  ],
  "baseScale": 0.8,
  "hitbox": {
    "width": 0.9,
    "height": 0.5,
    "fixed": false
  },
  "baseFriendship": 70,
  "evYield": {
    "hp": 0,
    "attack": 1,
    "defence": 0,
    "special_attack": 0,
    "special_defence": 1,
    "speed": 0
  },
  "height": 9,
  "weight": 160,
  "aspects": [],
"features": [

  ],  "cannotDynamax": false
}