{
  "implemented": true,
  "name": "eghovenusaur",
  "nationalPokedexNumber": 3,
  "primaryType": "grass",
  "secondaryType": "rock",
  "abilities": [
    "roughskin",
    "solidrock",
    "h:sandstream"
  ],
  "baseStats": {
    "hp": 80,
    "attack": 109,
    "defence": 88,
    "special_attack": 90,
    "special_defence": 100,
    "speed": 67
  },
  "behaviour": {
    "resting": {
        "canSleep": true,
        "willSleepOnBed": false,        "depth": "normal",
        "light": "0-6"
    },
    "moving": {
        "fly": {
            "canFly": false
        },
        "canLook": true,
        "walk": {
            "canWalk": true,
            "avoidsLand": false
        },
        "swim": {
            "swimSpeed": 0.1,
            "canSwimInWater": true,
            "canBreatheUnderwater": false
        },
        "wanderChance": 1.0
    }
  },
  "catchRate": 45,
  "maleRatio": 0.875,
  "shoulderMountable": false,
  "baseExperienceYield": 236,
  "experienceGroup": "medium_slow",
  "eggCycles": 50,
  "eggGroups": [
    "grass",
    "monster"
  ],
  "drops": {
    "amount": "2",
    "entries": [
      {
        "item": "minecraft:cactus",
        "quantityRange": "1-2",
        "percentage": 50
      }
    ]
  },
  "moves": [
    "0:bulldoze",
    "1:dig",
    "1:tackle",
    "1:growl",
    "1:leechseed",
    "1:harden",
    "6:sandattack",
    "14:absorb",
    "18:takedown",
    "20:sandstorm",
    "23:magnitude",
    "26:needlearm",
    "29:rockblast",
    "34:stealthrock",
    "39:rockslide",
    "45:sunnyday",
    "47:dig",
    "51:solarbeam",
    "55:stoneedge",
    "57:earthquake",
    "64:earthpower",
    "tm:honeclaws",
    "tm:roar",
    "tm:toxic",
    "tm:venoshock",
    "tm:hiddenpower",
    "tm:sunnyday",
    "tm:hyperbeam",
    "tm:lightscreen",
    "tm:protect",
    "tm:raindance",
    "tm:safeguard",
    "tm:frustration",
    "tm:solarbeam",
    "tm:smackdown",
    "tm:earthquake",
    "tm:return",
    "tm:dig",
    "tm:doubleteam",
    "tm:flamethrower",
    "tm:sludgebomb",
    "tm:sandstorm",
    "tm:fireblast",
    "tm:rocktomb",
    "tm:facade",
    "tm:rest",
    "tm:attract",
    "tm:round",
    "tm:echoedvoice",
    "tm:energyball",
    "tm:fling",
    "tm:quash",
    "tm:gigaimpact",
    "tm:rockpolish",
    "tm:flash",
    "tm:stoneedge",
    "tm:swordsdance",
    "tm:bulldoze",
    "tm:rockslide",
    "tm:poisonjab",
    "tm:grassknot",
    "tm:swagger",
    "tm:substitute",
    "tm:rocksmash",
    "tm:bulletseed",
    "tm:cut",
    "tm:strength",
    "tutor:ancientpower",
    "tutor:earthpower",
    "tutor:frenzyplant",
    "tutor:gigadrain",
    "tutor:knockoff",
    "tutor:seedbomb",
    "tutor:zenheadbutt",
    "egg:curse",
    "egg:endure",
    "egg:gigadrain",
    "egg:ingrain",
    "egg:leafstorm",
    "egg:naturepower",
    "egg:petaldance",
    "egg:powerwhip",
    "egg:sandstorm",
    "egg:skullbash"  ],
  "labels": [
    "gen1",
    "infinity"
  ],
  "pokedex": [
    "cobblemon.species.eghovenusaur.desc"
  ],
  "baseScale": 2.0,
  "hitbox": {
    "width": 1.5,
    "height": 1.4,
    "fixed": false
  },
  "baseFriendship": 70,
  "evYield": {
    "hp": 0,
    "attack": 2,
    "defence": 0,
    "special_attack": 0,
    "special_defence": 2,
    "speed": 0
  },
  "height": 26,
  "weight": 6173,
  "aspects": [],
"features": [

  ],  "cannotDynamax": false
}