{
  "implemented": true,
  "name": "ehgowartortle",
  "nationalPokedexNumber": 8,
  "primaryType": "water",
  "secondaryType": "flying",
  "abilities": [
    "serenegrace",
    "overcoat",
    "h:overcoat"
  ],
  "baseStats": {
    "hp": 59,
    "attack": 63,
    "defence": 80,
    "special_attack": 65,
    "special_defence": 80,
    "speed": 58
  },
  "behaviour": {
    "resting": {
        "canSleep": true,
        "willSleepOnBed": false,        "depth": "normal",
        "light": "0-6"
    },
    "moving": {
        "fly": {
            "canFly": true
        },
        "canLook": true,
        "walk": {
            "canWalk": true,
            "avoidsLand": false
        },
        "swim": {
            "swimSpeed": 0.1,
            "canSwimInWater": false,
            "canBreatheUnderwater": false
        },
        "wanderChance": 1.0
    }
  },
  "catchRate": 45,
  "maleRatio": 0.875,
  "shoulderMountable": false,
  "baseExperienceYield": 142,
  "experienceGroup": "medium_slow",
  "eggCycles": 50,
  "eggGroups": [
    "water_1",
    "monster"
  ],
  "drops": {
    "amount": "2",
    "entries": [
      {
        "item": "minecraft:feather",
        "quantityRange": "1-2",
        "percentage": 50
      }
    ]
  },
  "moves": [
    "1:hail",
    "1:tackle",
    "1:tailwhip",
    "1:bubble",
    "4:raindance",
    "7:bubble",
    "10:withdraw",
    "13:holdback",
    "15:bite",
    "16:gust",
    "18:tailwind",
    "20:mist",
    "22:bubblebeam",
    "24:protect",
    "26:aircutter",
    "29:icywind",
    "30:waterpulse",
    "32:aquatail",
    "37:iceshard",
    "43:raindance",
    "48:hydropump",
    "52:hurricane",
    "tm:toxic",
    "tm:hail",
    "tm:hiddenpower",
    "tm:icebeam",
    "tm:blizzard",
    "tm:protect",
    "tm:raindance",
    "tm:safeguard",
    "tm:frustration",
    "tm:thunderbolt",
    "tm:thunder",
    "tm:return",
    "tm:shadowball",
    "tm:brickbreak",
    "tm:aerialace",
    "tm:facade",
    "tm:rest",
    "tm:attract",
    "tm:round",
    "tm:echoedvoice",
    "tm:scald",
    "tm:chargebeam",
    "tm:quash",
    "tm:flash",
    "tm:voltswitch",
    "tm:thunderwave",
    "tm:frostbreath",
    "tm:swagger",
    "tm:substitute",
    "tm:wildcharge",
    "tm:rocksmash",
    "tm:waterpulse",
    "tm:surf",
    "tm:waterfall",
    "tm:dive",
    "tutor:ancientpower",
    "tutor:aquatail",
    "tutor:icywind",
    "tutor:irontail",
    "tutor:megakick",
    "tutor:megapunch",
    "tutor:roost",
    "tutor:thunderpunch",
    "tutor:zenheadbutt",
    "egg:aquajet",
    "egg:brine",
    "egg:haze",
    "egg:mirrorcoat",
    "egg:muddywater",
    "egg:refresh",
    "egg:waterspout"  ],
  "labels": [
    "gen1",
    "infinity"
  ],
  "pokedex": [
    "cobblemon.species.ehgowartortle.desc"
  ],
  "evolutions": [
    {
      "id": "ehgowartortle_eghoblastoise",
      "variant": "level_up",
      "result": "eghoblastoise",
      "consumeHeldItem": false,
      "learnableMoves": [],
      "requirements": [
        {
          "variant": "level",
          "minLevel": 36
        }
      ]   
 }
  ],
  "baseScale": 1.0,
  "hitbox": {
    "width": 1.0,
    "height": 1.5,
    "fixed": false
  },
  "baseFriendship": 70,
  "evYield": {
    "hp": 0,
    "attack": 0,
    "defence": 1,
    "special_attack": 0,
    "special_defence": 2,
    "speed": 0
  },
  "height": 10,
  "weight": 200,
  "aspects": [],
"features": [

  ],  "cannotDynamax": false
}