{
  "implemented": true,
  "name": "hoenniandodrio",
  "nationalPokedexNumber": 85,
  "primaryType": "flying",
  "secondaryType": "ground",
  "abilities": [
    "intimidate",
    "h:pressure"
  ],
  "baseStats": {
    "hp": 80,
    "attack": 110,
    "defence": 85,
    "special_attack": 135,
    "special_defence": 50,
    "speed": 60
  },
  "behaviour": {
    "resting": {
        "canSleep": true,
        "willSleepOnBed": false,        "depth": "normal",
        "light": "0-6"
    },
    "moving": {
        "fly": {
            "canFly": false
        },
        "canLook": true,
        "walk": {
            "canWalk": true,
            "avoidsLand": false
        },
        "swim": {
            "swimSpeed": 0.1,
            "canSwimInWater": true,
            "canBreatheUnderwater": false
        },
        "wanderChance": 1.0
    }
  },
  "catchRate": 45,
  "maleRatio": 0.5,
  "shoulderMountable": false,
  "baseExperienceYield": 64,
  "experienceGroup": "medium_fast",
  "eggCycles": 51,
  "eggGroups": [
    "amorphous",
    "monster"
  ],
  "moves": [
    "1:agility",
    "1:screech",
    "1:peck",
    "1:magnitude",
    "9:pursuit",
    "13:uproar",
    "21:triattack",
    "25:thrash",
    "32:bonerush",
    "40:drillpeck",
    "tm:roar",
    "tm:toxic",
    "tm:fly",
    "tm:rocksmash",
    "tm:pursuit",
    "tm:hiddenpower",
    "tm:sunnyday",
    "tm:hyperbeam",
    "tm:protect",
    "tm:earthquake",
    "tm:return",
    "tm:sandstorm",
    "tm:rocktomb",
    "tm:bravebird",
    "tm:gigaimpact",
    "tm:facade",
    "tm:secretpower",
    "tm:rest",
    "tm:attract",
    "tm:thief",
    "tm:steelwing",
    "egg:endeavor",
    "egg:highjumpkick"  ],
  "labels": [
    "blazing_emerald",
    "gen1"
  ],
  "pokedex": [
    "cobblemon.species.hoenniandodrio.desc"
  ],
  "baseScale": 1.6,
  "hitbox": {
    "width": 1.8,
    "height": 1.8,
    "fixed": false
  },
  "baseFriendship": 70,
  "evYield": {
    "hp": 0,
    "attack": 2,
    "defence": 0,
    "special_attack": 0,
    "special_defence": 0,
    "speed": 0
  },
  "height": 18,
  "weight": 882,
  "aspects": [],
"features": [

  ],  "cannotDynamax": false
}