{
  "implemented": true,
  "name": "raichux",
  "nationalPokedexNumber": 26,
  "primaryType": "steel",
  "abilities": [
    "magnetpull",
    "h:levitate"
  ],
  "baseStats": {
    "hp": 40,
    "attack": 150,
    "defence": 39,
    "special_attack": 55,
    "special_defence": 33,
    "speed": 153
  },
  "behaviour": {
    "resting": {
        "canSleep": true,
        "willSleepOnBed": false,        "depth": "normal",
        "light": "0-6"
    },
    "moving": {
        "fly": {
            "canFly": true
        },
        "canLook": true,
        "walk": {
            "canWalk": true,
            "avoidsLand": false
        },
        "swim": {
            "swimSpeed": 0.1,
            "canSwimInWater": true,
            "canBreatheUnderwater": false
        },
        "wanderChance": 1.0
    }
  },
  "catchRate": 75,
  "maleRatio": 0.875,
  "shoulderMountable": false,
  "baseExperienceYield": 218,
  "experienceGroup": "medium_fast",
  "eggCycles": 50,
  "eggGroups": [
    "undiscovered"
  ],
  "moves": [
    "1:flashcannon",
    "1:voltswitch",
    "1:uturn",
    "1:ironhead",
    "1:thunder",
    "1:growl",
    "1:tailwhip",
    "1:thunderbolt",
    "1:mirrorshot",
    "1:reflect",
    "1:agility",
    "1:fakeout",
    "1:xscissor",
    "1:feint",
    "1:doubleteam",
    "1:thunderwave",
    "1:metalsound",
    "1:nastyplot",
    "1:irontail",
    "1:lockon",
    "1:gearup",
    "1:meteormash",
    "1:nuzzle",
    "1:bulletpunch",
    "1:swordsdance",
    "tm:toxic",
    "tm:hiddenpower",
    "tm:sunnyday",
    "tm:taunt",
    "tm:hyperbeam",
    "tm:protect",
    "tm:raindance",
    "tm:return",
    "tm:doubleteam",
    "tm:rest",
    "tm:round",
    "tm:substitute",
    "tutor:secretpower"  ],
  "labels": [
    "xenoverse",
    "gen1"
  ],
  "pokedex": [
    "cobblemon.species.raichux.desc"
  ],
  "baseScale": 0.6,
  "hitbox": {
    "width": 0.8,
    "height": 0.8,
    "fixed": false
  },
  "baseFriendship": 70,
  "evYield": {
    "hp": 0,
    "attack": 0,
    "defence": 0,
    "special_attack": 0,
    "special_defence": 0,
    "speed": 3
  },
  "height": 8,
  "weight": 260,
  "aspects": [],
"features": [

  ],  "cannotDynamax": false
}