{
  "target": "cobblemon:eevee",
  "evolutions": [
    {
      "id": "eevee_omeon",
      "variant": "item_interact",
      "result": "omeon",
      "consumeHeldItem": false,
      "learnableMoves": [
        "phantomforce"
      ],
      "requirements": [],
      "requiredContext": "cobblemon:dusk_stone"
    },
	{
      "id": "eevee_champeon",
      "variant": "level_up",
      "result": "champeon",
      "consumeHeldItem": true,
      "learnableMoves": ["reversal"],
      "requirements": [
        {
          "variant": "time_range",
          "range": "day"
        },
        {
          "variant": "held_item",
          "itemCondition": "cobblemon:black_belt"
        }
      ]   
	},
	{
      "id": "eevee_lepideon",
      "variant": "level_up",
      "result": "lepideon",
      "consumeHeldItem": true,
      "learnableMoves": ["signalbeam"],
      "requirements": [
        {
          "variant": "time_range",
          "range": "day"
        },
        {
          "variant": "held_item",
          "itemCondition": "cobblemon:silver_powder"
        }
      ]   
	},
	{
      "id": "eevee_guardeon",
      "variant": "level_up",
      "result": "guardeon",
      "consumeHeldItem": true,
      "learnableMoves": ["irondefense"],
      "requirements": [
        {
          "variant": "time_range",
          "range": "night"
        },
        {
          "variant": "held_item",
          "itemCondition": "cobblemon:metal_coat"
        }
      ]   
	},
	{
      "id": "eevee_obsideon",
      "variant": "level_up",
      "result": "obsideon",
      "consumeHeldItem": true,
      "learnableMoves": ["smackdown"],
      "requirements": [
        {
          "variant": "time_range",
          "range": "night"
        },
        {
          "variant": "held_item",
          "itemCondition": "cobblemon:hard_stone"
        }
      ]   
	},
	{
      "id": "eevee_scorpeon",
      "variant": "level_up",
      "result": "scorpeon",
      "consumeHeldItem": true,
      "learnableMoves": ["poisontail"],
      "requirements": [
        {
          "variant": "time_range",
          "range": "night"
        },
        {
          "variant": "held_item",
          "itemCondition": "cobblemon:poison_barb"
        }
      ]   
	},
	{
      "id": "eevee_sphynxeon",
      "variant": "level_up",
      "result": "sphynxeon",
      "consumeHeldItem": true,
      "learnableMoves": ["bonemerang"],
      "requirements": [
        {
          "variant": "time_range",
          "range": "day"
        },
        {
          "variant": "held_item",
          "itemCondition": "cobblemon:soft_sand"
        }
      ]   
	},
	{
      "id": "eevee_nimbeon",
      "variant": "level_up",
      "result": "nimbeon",
      "consumeHeldItem": true,
      "learnableMoves": ["roost"],
      "requirements": [
        {
          "variant": "time_range",
          "range": "day"
        },
        {
          "variant": "held_item",
          "itemCondition": "cobblemon:sharp_beak"
        }
      ]   
	},
	{
      "id": "eevee_draconeon",
      "variant": "level_up",
      "result": "draconeon",
      "consumeHeldItem": true,
      "learnableMoves": ["dragonclaw"],
      "requirements": [
        {
          "variant": "time_range",
          "range": "night"
        },
        {
          "variant": "held_item",
          "itemCondition": "cobblemon:dragon_scale"
        }
      ]   
	},
    {
      "id": "eevee_eeveeon",
      "variant": "item_interact",
      "result": "eeveeon",
      "consumeHeldItem": false,
      "learnableMoves": [
        "doubleedge"
      ],
      "requirements": [],
      "requiredContext": "minecraft:quartz"
    }
  ]
}