{
  "head": "head",
  "portraitScale": 2,
  "portraitTranslation": [-1.2, 2.3, 0.0],
  "profileScale": 0.4,
  "profileTranslation": [0.0, 1.1, 0.0],
  "poses": {
    "standing": {
      "poseName": "standing",
      "transformTicks": 10,
      "allPoseTypes": true,
      "animations": [
	    "look",
        "bedrock(charmeleon_egho, ground_idle)"
	  ],
        "quirks": [
          {
            "name": "blink",
            "animations": ["bedrock(charmeleon_egho, blink)"]
          }
        ]
    }
  }
}