{
    "head": "head",
    "portraitScale": 1.6,
    "portraitTranslation": [-0.2, 1.2, 0],
    "profileScale": 0.6,
    "profileTranslation": [-0.1, 0.9, 0],
    "poses": {
      "standing": {
        "poseName": "standing",
        "transformTicks": 10,
        "poseTypes": ["STAND", "NONE","PORTRAIT", "PROFILE"],
        "animations": [
          "look",
          "bedrock(iguadium, ground_idle)"
        ],
        "quirks": [
          {
            "name": "blink",
            "animations": ["bedrock(iguadium, blink)"]
          }
        ]
      },
	  "walking": {
        "poseName": "walking",
        "transformTicks": 10,
        "poseTypes": ["WALK"],
        "animations": [
          "look",
          "bedrock(iguadium, ground_idle)",
          "bedrock(iguadium, blink)"
        ],
        "quirks": [
          {
            "name": "blink",
            "animations": ["bedrock(iguadium, blink)"]
          }
        ]
      },
	  "floating": {
        "poseName": "floating",
        "transformTicks": 10,
        "poseTypes": ["FLOAT"],
        "animations": [
          "look",
          "bedrock(iguadium, ground_idle)",
          "bedrock(iguadium, blink)"
        ],
        "quirks": [
          {
            "name": "blink",
            "animations": ["bedrock(iguadium, blink)"]
          }
        ]
      },
	  "swimming": {
        "poseName": "swimming",
        "transformTicks": 10,
        "poseTypes": ["SWIM"],
        "animations": [
          "look",
          "bedrock(iguadium, ground_idle)",
          "bedrock(iguadium, blink)"
        ],
        "quirks": [
          {
            "name": "blink",
            "animations": ["bedrock(iguadium, blink)"]
          }
        ]
      }
    }
  }