{
  "implemented": true,
  "name": "rapidashx",
  "nationalPokedexNumber": 78,
  "primaryType": "flying",
  "abilities": [
    "keeneye",
    "h:keeneye"
  ],
  "baseStats": {
    "hp": 65,
    "attack": 90,
    "defence": 70,
    "special_attack": 80,
    "special_defence": 80,
    "speed": 115
  },
  "behaviour": {
    "resting": {
        "canSleep": true,
        "willSleepOnBed": false,        "depth": "normal",
        "light": "0-6"
    },
    "moving": {
        "fly": {
            "canFly": false
        },
        "canLook": true,
        "walk": {
            "canWalk": true,
            "avoidsLand": false
        },
        "swim": {
            "swimSpeed": 0.1,
            "canSwimInWater": true,
            "canBreatheUnderwater": false
        },
        "wanderChance": 1.0
    }
  },
  "catchRate": 60,
  "maleRatio": 0.5,
  "shoulderMountable": false,
"forms": [    {
      "name": "Storm",
      "pokedex": [
    "cobblemon.species.rapidashx.desc1"
  ],
      "primaryType": "flying",
      "secondaryType": "electric",
      "abilities": [
    "keeneye",
    "h:keeneye"
      ],
      "baseScale": 0.31875,
        "hitbox": {
          "width": 0.9,
          "height": 2.0,
          "fixed": false
      },
      "baseStats": {
        "hp": 65,
        "attack": 80,
        "defence": 70,
        "special_attack": 140,
        "special_defence": 60,
        "speed": 145
      },
      "catchRate": 60,
      "maleRatio": 0.5,
      "baseExperienceYield": 175,
      "baseFriendship": 70,
      "evYield": {
        "hp": 0,
        "attack": 0,
        "defence": 0,
        "special_attack": 0,
        "special_defence": 0,
        "speed": 2
      },
      "experienceGroup": "medium_fast",
      "eggCycles": 26,
      "eggGroups": [
    "undiscovered"      ],
      "moves": [
      ],
  "drops": {
    "amount": "0",
    "entries": [

    ]
      },
      "labels": [
    "xenoverse",
    "gen1"
      ],
      "aspects": [
        "storm"
      ],
      "height": 1,
      "weight": 9000,
      "cannotDynamax": false,
      "battleOnly": true
    }
],
  "baseExperienceYield": 175,
  "experienceGroup": "medium_fast",
  "eggCycles": 26,
  "eggGroups": [
    "undiscovered"
  ],
  "moves": [
    "1:substitute",
    "1:magnetrise",
    "1:discharge",
    "1:thunder",
    "1:tackle",
    "1:growl",
    "1:tailwhip",
    "1:gust",
    "1:defog",
    "15:aircutter",
    "20:agility",
    "25:bounce",
    "30:stomp",
    "35:cottonguard",
    "40:discharge",
    "43:takedown",
    "49:airslash",
    "56:hurricane",
    "63:wildcharge",
    "tm:toxic",
    "tm:hiddenpower",
    "tm:sunnyday",
    "tm:hyperbeam",
    "tm:protect",
    "tm:raindance",
    "tm:roost",
    "tm:thunderbolt",
    "tm:thunder",
    "tm:return",
    "tm:doubleteam",
    "tm:aerialace",
    "tm:facade",
    "tm:rest",
    "tm:attract",
    "tm:round",
    "tm:echoedvoice",
    "tm:chargebeam",
    "tm:skydrop",
    "tm:acrobatics",
    "tm:smartstrike",
    "tm:gigaimpact",
    "tm:voltswitch",
    "tm:thunderwave",
    "tm:swordsdance",
    "tm:swagger",
    "tm:substitute",
    "tm:wildcharge",
    "tutor:aircutter",
    "tutor:bounce",
    "tutor:flash",
    "tutor:heatwave",
    "tutor:hurricane",
    "tutor:icywind",
    "tutor:lowkick",
    "tutor:secretpower",
    "tutor:shockwave",
    "tutor:snore",
    "tutor:tailwind"  ],
  "labels": [
    "xenoverse",
    "gen1"
  ],
  "pokedex": [
    "cobblemon.species.rapidashx.desc"
  ],
  "baseScale": 1.4,
  "hitbox": {
    "width": 0.9,
    "height": 2.0,
    "fixed": false
  },
  "baseFriendship": 70,
  "evYield": {
    "hp": 0,
    "attack": 0,
    "defence": 0,
    "special_attack": 0,
    "special_defence": 0,
    "speed": 2
  },
  "height": 17,
  "weight": 900,
  "aspects": [],
"features": [
"storm"
  ],  "cannotDynamax": false
}