{
	"format_version": "1.8.0",
	"animations": {
		"animation.foliat.ground_idle": {
			"loop": true,
			"bones": {
				"wing_right": {
					"rotation": [31.31066, 75.4534, -59.51189],
					"position": [0, -0.5, -0.5]
				},
				"wing_right2": {
					"rotation": [0, 0, 0]
				},
				"wing_left": {
					"rotation": [31.31066, -75.4534, 59.51189],
					"position": [0, -0.5, -0.5]
				},
				"wing_left2": {
					"rotation": [0, 0, 0]
				},
				"tail": {
					"rotation": ["50-1*math.sin(q.anim_time*90*2-20)", 0, 0]
				},
				"toe_inner_right": {
					"rotation": [0, -5, 0]
				},
				"toe_outer_right": {
					"rotation": [0, 5, 0]
				},
				"toe_inner_left": {
					"rotation": [0, 5, 0]
				},
				"toe_outer_left": {
					"rotation": [0, -5, 0]
				},
				"torso": {
					"position": [0, "0+0.1*math.sin(q.anim_time*90*1.5)", 0]
				},
				"neck": {
					"rotation": ["0-1*math.sin(q.anim_time*90*1.5-20)", 0, 0]
				},
				"head": {
					"rotation": [0, 0, 0],
					"position": [0, 0, -0.4],
					"scale": 1
				}
			}
		},
		"animation.foliat.sleep": {
			"loop": true,
			"bones": {
				"torso": {
					"rotation": ["12.5+0.4*math.sin(q.anim_time*90*1.5)", 0, 0],
					"position": [0, -1.75, 0]
				},
				"crest": {
					"rotation": [7.5, 0, 0]
				},
				"eyelid_right": {
					"position": [0, 0, -0.1]
				},
				"eyelid_left": {
					"position": [0, 0, -0.095]
				},
				"wing_right": {
					"rotation": [9.7335, 49.3411, -79.3548],
					"position": [-0.1, 0.7, -0.7]
				},
				"wing_left": {
					"rotation": [9.73345, -49.34106, 79.35476],
					"position": [0.1, 0.7, -0.7]
				},
				"wing_left2": {
					"rotation": [0, 0, 0],
					"position": [0, 0, 0]
				},
				"tail": {
					"rotation": [50, 0, 0]
				},
				"toe_inner_right": {
					"rotation": [0, 5, 0]
				},
				"toe_outer_right": {
					"rotation": [0, -5, 0]
				},
				"toe_inner_left": {
					"rotation": [0, -5, 0]
				},
				"toe_outer_left": {
					"rotation": [0, 5, 0]
				}
			}
		},
		"animation.foliat.blink": {
			"animation_length": 0.16667,
			"bones": {
				"eyelid_right": {
					"position": {
						"0.0": [-0.1, 0, -0.1],
						"0.125": [-0.1, 0, 0],
						"0.1667": [0, 0, 0]
					}
				},
				"eyelid_left": {
					"position": {
						"0.0": [0.1, 0, -0.1],
						"0.125": [0.1, 0, 0],
						"0.1667": [0, 0, 0]
					}
				}
			}
		},
		"animation.foliat.render": {
			"loop": true,
			"bones": {
				"wing_right": {
					"rotation": [20, 90, -70],
					"position": [-0.01, -0.5, -1]
				},
				"wing_right2": {
					"rotation": [0, -45, 0]
				},
				"wing_left": {
					"rotation": [20, -90, 70],
					"position": [0.01, -0.5, -1]
				},
				"wing_left2": {
					"rotation": [0, 45, 0]
				},
				"foliat": {
					"rotation": [0, -12.5, 0]
				},
				"jaw": {
					"rotation": [50, 0, 0]
				},
				"tail": {
					"rotation": [50, 0, 0]
				}
			}
		}
	}
}