{
	"format_version": "1.8.0",
	"animations": {
		"animation.pikachu_x_female.ground_idle": {
			"loop": true,
			"animation_length": 9.04167,
			"bones": {
				"body": {
					"position": [0, "0 - (0/1) + math.abs(math.sin(((query.anim_time) - (1/2)) * 90 * 2) * (0/1))", 0]
				},
				"torso": {
					"rotation": [0, 0, "0 - math.sin(((query.anim_time) - (0.25/2)) * 90 * 2) * 6"]
				},
				"head": {
					"rotation": ["0 - (0 * 1.5)", 0, "math.sin(((query.anim_time) - (0.25/2)) * 90 * 2) * 9"],
					"position": [0, 0, "0 - (0 / 10)"]
				},
				"arm_left": {
					"rotation": [180, 45, 135]
				},
				"arm_left2": {
					"rotation": [0, "math.clamp(math.sin(((query.anim_time) + (0.75/2)) * 90 * 2) * 28, 0, 28)", 0]
				},
				"arm_right": {
					"rotation": [-180, -45, -135]
				},
				"arm_right2": {
					"rotation": [0, "0 - math.clamp(math.sin(((query.anim_time) - (0.75/2)) * 90 * 2) * 28, 0, 28)", 0]
				},
				"torso2": {
					"rotation": [0, "0 - math.sin(((query.anim_time) - (0.5/2)) * 90 * 2) * 6", 0]
				},
				"leg_left": {
					"rotation": [
						"0 -math.sin((query.anim_time) * 90 * 2) * 0",
						0,
						"0 - 0 + (math.clamp((math.sin(((query.anim_time - (1.75 / 2))) * 180 * 2) * 1) - math.clamp((math.sin(((query.anim_time - (1.75 / 2))) * 90 * 2) * 2), 0, 1), 0, 1)) * 0"
					],
					"position": [0, "math.clamp(math.sin(((query.anim_time) + (1/2)) * 90 * 2) * 0, 0, 0)", 0]
				},
				"leg_left2": {
					"rotation": ["0 - math.clamp(math.sin(((query.anim_time) - (0.75/2)) * 90 * 2) * 0, -0, 0)", 0, 0]
				},
				"leg_right": {
					"rotation": [
						"math.sin((query.anim_time) * 90 * 2) * 0",
						0,
						"0 - (math.clamp((math.sin(((query.anim_time + (0.25 / 2))) * 180 * 2) * 1) - math.clamp((math.sin(((query.anim_time + (0.25 / 2))) * 90 * 2) * 2), 0, 1), 0, 1)) * 0"
					],
					"position": [0, "math.clamp(math.sin(((query.anim_time) - (1/2)) * 90 * 2) * 0, 0, 0)", 0]
				},
				"leg_right2": {
					"rotation": ["math.clamp(math.sin(((query.anim_time) - (0.75/2)) * 90 * 2) * 0, 0, 0)", 0, 0]
				},
				"foot_left": {
					"rotation": ["0 - math.clamp(math.sin(((query.anim_time) - (0.75/2)) * 90 * 2) * 0, 0, 0)", 0, 0]
				},
				"foot_right": {
					"rotation": ["math.clamp(math.sin(((query.anim_time) - (0.75/2)) * 90 * 2) * 0, 0, 0)", 0, 0]
				},
				"hand_right": {
					"rotation": [0, -70, 0]
				},
				"hand_left": {
					"rotation": [0, 70, 0]
				},
				"ear_left": {
					"rotation": [0, 0, "math.sin(((query.anim_time) - (0.25/2)) * 45 * 2) * 6"]
				},
				"tail": {
					"rotation": ["40-math.sin(((query.anim_time) - (0.25/2)) * 70* 2) * 6", 0, 0]
				},
				"ear_right": {
					"rotation": [0, 0, "math.cos(((query.anim_time+50) - (0.25/2)) * 45 * 2) * 6"]
				}
			}
		},
		"animation.pikachu_x_female.ground_walk": {
			"loop": true,
			"bones": {
				"body": {
					"position": [0, "0 - (6/11) + math.abs(math.sin(((query.anim_time) - (1/3)) * 90 * 3) * (6/11))", 0]
				},
				"torso": {
					"rotation": [0, "0 - math.sin(((query.anim_time) - (0.25/3)) * 90 * 3) * 4", 0]
				},
				"head": {
					"rotation": ["0 - (0 * 1.5)", "math.sin(((query.anim_time) - (0.5/3)) * 90 * 3) * (4 * 1.5)", 0],
					"position": [0, 0, "0 - (0 / 10)"]
				},
				"arm_left": {
					"rotation": [180, 45, 135]
				},
				"arm_left2": {
					"rotation": [0, "math.clamp(math.sin(((query.anim_time) + (0.75/3)) * 90 * 3) * 28, 0, 28)", 0]
				},
				"arm_right": {
					"rotation": [-180, -45, -135]
				},
				"arm_right2": {
					"rotation": [0, "0 - math.clamp(math.sin(((query.anim_time) - (0.75/3)) * 90 * 3) * 28, 0, 28)", 0]
				},
				"torso2": {
					"rotation": [0, "0 - math.sin(((query.anim_time) - (0.5/3)) * 90 * 3) * 4", 0]
				},
				"leg_left": {
					"rotation": [
						"0 -math.sin((query.anim_time) * 90 * 3) * 6",
						0,
						"0 - 0 + (math.clamp((math.sin(((query.anim_time - (1.75 / 3))) * 180 * 3) * 1) - math.clamp((math.sin(((query.anim_time - (1.75 / 3))) * 90 * 3) * 2), 0, 1), 0, 1)) * 0"
					],
					"position": [0, "math.clamp(math.sin(((query.anim_time) + (1/3)) * 90 * 3) * 1, 0, 1)", -0.25]
				},
				"leg_left2": {
					"rotation": ["0 - math.clamp(math.sin(((query.anim_time) - (0.75/3)) * 90 * 3) * 0, -0, 0)", 0, 0]
				},
				"leg_right": {
					"rotation": [
						"math.sin((query.anim_time) * 90 * 3) * 6",
						0,
						"0 - (math.clamp((math.sin(((query.anim_time + (0.25 / 3))) * 180 * 3) * 1) - math.clamp((math.sin(((query.anim_time + (0.25 / 3))) * 90 * 3) * 2), 0, 1), 0, 1)) * 0"
					],
					"position": [0, "math.clamp(math.sin(((query.anim_time) - (1/3)) * 90 * 3) * 1, 0, 1)", -0.25]
				},
				"leg_right2": {
					"rotation": ["math.clamp(math.sin(((query.anim_time) - (0.75/3)) * 90 * 3) * 0, 0, 0)", 0, 0]
				},
				"foot_left": {
					"rotation": ["0 - math.clamp(math.sin(((query.anim_time) - (0.75/3)) * 90 * 3) * 0, 0, 0)", 0, 0]
				},
				"foot_right": {
					"rotation": ["math.clamp(math.sin(((query.anim_time) - (0.75/3)) * 90 * 3) * 0, 0, 0)", 0, 0]
				},
				"hand_right": {
					"rotation": [0, -70, 0]
				},
				"hand_left": {
					"rotation": [0, 70, 0]
				}
			}
		},
		"animation.pikachu_x_female.shoulder_right": {
			"loop": true,
			"bones": {
				"body": {
					"rotation": [0, 0, -7.5],
					"position": [0, -6.5, 4]
				},
				"torso": {
					"rotation": [20, 0, "math.sin((query.anim_time) * 90 * 2) * 0.3"],
					"position": [0, 0, -1]
				},
				"head": {
					"rotation": [-17.43745, 1.50179, 4.76968]
				},
				"arm_right": {
					"rotation": [121.75343, -61.70527, -133.08472]
				},
				"arm_left": {
					"rotation": [137.24729, 60.32459, 141.65921]
				},
				"tail": {
					"rotation": [0, "-40+math.sin((query.anim_time) * 90 * 2) * 1", 0]
				},
				"leg_right": {
					"rotation": [0, 0, 7.5],
					"position": [0, 0, 1]
				},
				"leg_left": {
					"rotation": [0, 0, 7.5],
					"position": [0, 0, 1]
				}
			}
		},
		"animation.pikachu_x_female.shoulder_left": {
			"loop": true,
			"bones": {
				"body": {
					"rotation": [0, 0, 7.5],
					"position": [0, -6.5, 4]
				},
				"torso": {
					"rotation": [20, 0, "-(math.sin((query.anim_time) * 90 * 2) * 0.3)"],
					"position": [0, 0, -1]
				},
				"head": {
					"rotation": [-17.43745, -1.50179, -4.76968]
				},
				"arm_right": {
					"rotation": [137.24729, -60.32459, -141.65921]
				},
				"arm_left": {
					"rotation": [121.75343, 61.70527, 133.08472]
				},
				"tail": {
					"rotation": [0, "40+math.sin((query.anim_time) * 90 * 2) * 1", 0]
				},
				"leg_right": {
					"rotation": [0, 0, -7.5],
					"position": [0, 0, 1]
				},
				"leg_left": {
					"rotation": [0, 0, -7.5],
					"position": [0, 0, 1]
				}
			}
		},
		"animation.pikachu_x_female.blink": {
			"animation_length": 0.16667,
			"bones": {
				"eyelid_left": {
					"position": {
						"0.0": [0, 0, -0.1],
						"0.125": [0, 0, -0.1],
						"0.1667": [0, 0, 0]
					}
				},
				"eyelid_right": {
					"position": {
						"0.0": [0, 0, -0.1],
						"0.125": [0, 0, -0.1],
						"0.1667": [0, 0, 0]
					}
				}
			}
		}
	},
	"geckolib_format_version": 2
}