{
	"format_version": "1.8.0",
	"animations": {
		"animation.porygonx.ground_idle": {
			"loop": true,
			"animation_length": 5.70833,
			"bones": {
				"rightarm": {
					"rotation": [0, 0, 25],
					"position": [-4, "-4+Math.cos((query.anim_time*1.015) * 90 * 2) * 0.9", 0]
				},
				"leftarm": {
					"rotation": [0, 0, -25],
					"position": [4, "-4+Math.cos((query.anim_time*1.015) * 90 * 2) * 0.9", 0]
				},
				"backarm": {
					"rotation": [20, 0, 0],
					"position": [0, "-0.4+Math.cos((query.anim_time*1.015) * 90 * 2) * 0.9", 0]
				},
				"body": {
					"position": [0, "Math.cos((query.anim_time) * 90 * 2) * 0.6", 0]
				},
				"being": {
					"position": [0, "5+Math.sin((query.anim_time) * 90 * 2) * 0.9", 0]
				}
			}
		}
	}
}