{
  "portraitScale": 2.2,
  "portraitTranslation": [0.1, -1.2, 0.0],
  "profileScale": 1.2,
  "profileTranslation": [0.0, -0.1, 0.0],
  "poses": {
      "standing": {
        "poseName": "standing",
        "transformTicks": 10,
        "poseTypes": ["STAND", "NONE", "PORTRAIT", "PROFILE"],
        "animations": [
          "bedrock(elekid_x, ground_idle)"
        ],
        "quirks": [
          {
            "name": "blink",
            "animations": ["bedrock(elekid_x, blink)"]
          }
        ]
      },
	  "walking": {
        "poseName": "walking",
        "transformTicks": 10,
        "poseTypes": ["WALK"],
        "animations": [
          "bedrock(elekid_x, ground_walk)"
        ],
        "quirks": [
          {
            "name": "blink",
            "animations": ["bedrock(elekid_x, blink)"]
          }
        ]
      }
	}
}