{
  "portraitScale": 1.8,
  "portraitTranslation": [-0.4, -0.8, 0.0],
  "profileScale": 0.8,
  "profileTranslation": [0.0, 0.5, 0.0],
  "head": "head",
  "faint": "bedrock(venusaur_egho, faint)",
  "poses": {
    "standing": {
        "poseName": "standing",
        "transformTicks": 10,
        "poseTypes": ["STAND", "NONE", "PORTRAIT", "PROFILE", "FLOAT"],
        "animations": [
          "bedrock(venusaur_egho, ground_idle)"
        ],
        "quirks": [
          {
            "name": "blink",
            "animations": ["bedrock(venusaur_egho, blink)"]
          }
        ]
      },
	  "walking": {
        "poseName": "walking",
        "transformTicks": 10,
        "poseTypes": ["WALK"],
        "animations": [
          "bedrock(venusaur_egho, ground_walk)"
        ],
        "quirks": [
          {
            "name": "blink",
            "animations": ["bedrock(venusaur_egho, blink)"]
          }
        ]
      },
	  "sleeping": {
        "poseName": "sleeping",
        "transformTicks": 10,
        "poseTypes": ["SLEEP"],
        "animations": [
          "bedrock(venusaur_egho, sleep)"
        ]
       }
    }
  }
