{
  "portraitScale": 1.8,
  "portraitTranslation": [-0.3, 0.8, 0.0],
  "profileScale": 0.6,
  "profileTranslation": [0.0, 1.1, 0.0],
  "head": "head",
  "poses": {
    "standing": {
        "poseName": "standing",
        "transformTicks": 10,
        "poseTypes": ["STAND", "NONE", "PORTRAIT", "PROFILE"],
        "animations": [
          "look",
          "bedrock(kokismash, ground_idle)"
        ]
      },
	  "walking": {
        "poseName": "walking",
        "transformTicks": 10,
        "poseTypes": ["WALK"],
        "animations": [
          "look",
          "bedrock(kokismash, ground_walk)"
        ]
      }
  }
}