{
  "species": "cobblemon:pyroat",
  "order": 0,
  "variations": [
    {
      "aspects": [],
      "poser": "cobblemon:sage_pyroat",
      "model": "cobblemon:sage_pyroat.geo",
      "texture": "cobblemon:textures/pokemon/sage/pyroat/pyroat.png",
      "layers": [
        {
          "name": "flame",
          "texture": {
            "frames": [
              "cobblemon:textures/pokemon/sage/pyroat/flame/flame1.png",
              "cobblemon:textures/pokemon/sage/pyroat/flame/flame2.png",
              "cobblemon:textures/pokemon/sage/pyroat/flame/flame3.png",
              "cobblemon:textures/pokemon/sage/pyroat/flame/flame4.png"
            ],
            "fps": 10,
            "loop": true
          },
          "emissive": true
        }
      ]
    },
    {
      "aspects": [
        "shiny"
      ],
      "texture": "cobblemon:textures/pokemon/sage/pyroat/pyroat_shiny.png"
    }  
	]
}