{
	"format_version": "1.8.0",
	"animations": {
		"animation.charizard_ehgo.ground_idle": {
			"loop": true,
			"bones": {
				"charizard": {
					"position": [0, "8-0.5*(math.sin(q.anim_time*45*4-90)*1+1)", 0]
				},
				"body": {
					"position": [0, 28, 49]
				},
				"neck": {
					"rotation": ["-7.5283+4.5*(math.sin(q.anim_time*45*4-90)*1+1)", 4.95712, -0.65426]
				},
				"neck_end": {
					"rotation": ["-10+0.5*(math.sin(q.anim_time*45*4-90)*1+1)", 0, 0]
				},
				"head": {
					"rotation": ["17.5+1.5*(math.sin(q.anim_time*45*4-90)*1+1)", "0+1.5*(math.cos(q.anim_time*45*4-90)*1+1)", 0],
					"position": [0, 0, 0]
				},
				"torso": {
					"rotation": [-13.7539, "13.8637+2.5*(math.sin(q.anim_time*45*4-90)*1+1)", -5.02802],
					"position": [0, 0, 0]
				},
				"bone": {
					"rotation": ["-26.0627-3.5*(math.sin(q.anim_time*45*4-90)*1+1)", "13.3899+1.5*(math.sin(q.anim_time*45*4-90)*1+1)", -6.28646]
				},
				"tail1": {
					"rotation": ["-13.956-4.5*(math.cos(q.anim_time*45*4-90)*1+1)", 14.85756, -11.45707]
				},
				"tail2": {
					"rotation": ["-12.4406+4.5*(math.sin(q.anim_time*45*4-90)*1+1)", -41.14166, -32.29592]
				},
				"tail3": {
					"rotation": [
						"-20.087-2.5*(math.sin(q.anim_time*45*4-90)*1+1)",
						"-55.4631+4.5*(math.cos(q.anim_time*45*4-90)*1+1)",
						"4.1397-2.5*(math.sin(q.anim_time*45*4-90)*1+1)"
					]
				},
				"bone2": {
					"rotation": [16.85695, "-14.7681-9.5*(math.sin(q.anim_time*45*4-90)*1+1)", -25.43257]
				},
				"tail4": {
					"rotation": [17.5, "-25+6.5*(math.sin(q.anim_time*45*4-90)*1+1)", -25]
				},
				"tail5": {
					"rotation": ["-7.5-3.5*(math.sin(q.anim_time*45*4-90)*1+1)", -12.5, -22.5]
				},
				"tail6": {
					"rotation": ["-2.5*(math.sin(q.anim_time*45*4-90)*1+1)", -22.29711, -11.90528]
				},
				"bone3": {
					"rotation": ["-12.8595+4.5*(math.cos(q.anim_time*45*4-90)*1+1)", "-17.3455-1.5*(math.sin(q.anim_time*45*4-90)*1+1)", 2.35666]
				},
				"tail7": {
					"rotation": ["-29.6185+3.5*(math.sin(q.anim_time*45*4-90)*1+1)", "-19.291+2.5*(math.cos(q.anim_time*45*4-90)*1+1)", -15.91527]
				},
				"tail8": {
					"rotation": ["9.5812+5.5*(math.sin(q.anim_time*45*4-90)*1+1)", -23.49414, -5.32363]
				},
				"tail9": {
					"rotation": ["20.3347-6.5*(math.cos(q.anim_time*45*4-90)*1+1)", "-34.6648-1.5*(math.sin(q.anim_time*45*4-90)*1+1)", -13.48743]
				},
				"bone4": {
					"rotation": ["13.434-5.5*(math.cos(q.anim_time*45*4-90)*1+1)", "-29.2462+1.5*(math.sin(q.anim_time*45*4-90)*1+1)", -15.36703]
				},
				"tail10": {
					"rotation": ["2.4967-6.5*(math.cos(q.anim_time*45*4-90)*1+1)", -9.5567, -10.4241]
				},
				"tail11": {
					"rotation": ["7.6144+10.5*(math.cos(q.anim_time*45*4-90)*1+1)", 9.91358, 1.31845]
				},
				"tail_end1": {
					"rotation": ["-10.4748+4.5*(math.cos(q.anim_time*45*4-90)*1+1)", -9.5567, "3.1339+4.5*(math.sin(q.anim_time*45*4-90)*1+1)"]
				},
				"tail_end2": {
					"rotation": ["-5.1754-5.5*(math.sin((q.anim_time-10)*45*4-90)*1+1)", -14.94159, "1.3378+4.5*(math.cos(q.anim_time*45*4-90)*1+1)"]
				},
				"arm_left": {
					"rotation": [-32.43576, -30.58184, 17.91705]
				},
				"arm_left2": {
					"rotation": [6.34116, -26.26441, "5.3784+4.5*(math.cos(q.anim_time*45*4-90)*1+1)"]
				},
				"arm_left3": {
					"rotation": [-2.06754, 22.40972, "69.5904-8.5*(math.cos(q.anim_time*45*4-90)*1+1)"]
				},
				"hand_left": {
					"rotation": [40, 0, 0]
				},
				"finger_right2": {
					"rotation": [5.7632, 24.3683, 13.74538],
					"position": [-0.3, 0, 0]
				},
				"finger_right3": {
					"rotation": [-4.6653, -16.88547, 15.69284],
					"position": [-0.3, 0, 0]
				},
				"whisker_right": {
					"rotation": [0, -5, 47.5],
					"position": [0, -0.8, 0]
				},
				"bone8": {
					"rotation": [6.31274, -31.94715, -11.80868]
				},
				"bone9": {
					"rotation": [3.88714, -27.24513, -8.44236]
				},
				"bone10": {
					"rotation": [11.26653, -25.25199, -25.03149]
				},
				"bone11": {
					"rotation": [-5.84485, -11.06861, 28.06681]
				},
				"bone12": {
					"rotation": [-1.3378, 14.94159, 42.32456]
				},
				"bone13": {
					"rotation": [0, 0, 57.5]
				},
				"whisker_left": {
					"rotation": [0, 5, -47.5],
					"position": [0, -0.8, 0]
				},
				"bone7": {
					"rotation": [-6.3127, 31.9472, 11.8087]
				},
				"bone14": {
					"rotation": [-3.8871, 27.2451, 8.4424]
				},
				"bone15": {
					"rotation": [-11.2665, 25.252, 25.0315]
				},
				"bone16": {
					"rotation": [5.8448, 11.0686, -28.0668]
				},
				"bone17": {
					"rotation": [1.3378, -14.9416, -42.3246]
				},
				"bone18": {
					"rotation": [0, 0, -57.5]
				},
				"leg_left": {
					"rotation": [22.26914, 24.30509, 44.85385]
				},
				"leg_left5": {
					"rotation": [43.9509, 1.91735, "39.3391+4.5*(math.sin(q.anim_time*45*4-90)*1+1)"]
				},
				"leg_left6": {
					"rotation": [0, 32.5, 67.5]
				},
				"toe_right5": {
					"rotation": [1.3378, 14.94159, 5.17544],
					"position": [-0.4, 0, 0.3]
				},
				"toe_right6": {
					"rotation": [-2.74715, -12.19908, 12.79362],
					"position": [-0.4, 0, 0]
				},
				"leg_right": {
					"rotation": [0, 60, 0]
				},
				"leg_right5": {
					"rotation": [42.7567, -9.99234, "-20.0673-6.5*(math.sin(q.anim_time*45*4-90)*1+1)"]
				},
				"leg_right6": {
					"rotation": [-62.11208, -7.14281, -41.15127]
				},
				"foot_right2": {
					"rotation": [-4.08904, 6.76919, -12.90582]
				},
				"toe_left5": {
					"rotation": [1.30962, -7.38542, -10.08453],
					"position": [0.3, 0, 0]
				},
				"toe_left6": {
					"rotation": [-0.79552, 6.45134, -7.04483],
					"position": [0.1, 0, -0.2]
				},
				"arm_right": {
					"rotation": [27.5, 0, 0]
				},
				"arm_right2": {
					"rotation": [0, 0, "-52.5+4.5*(math.sin(q.anim_time*45*4-90)*1+1)"]
				},
				"arm_right3": {
					"rotation": [59.9156, -64.41955, "-62.4115-8.5*(math.cos(q.anim_time*45*4-90)*1+1)"]
				},
				"hand_right": {
					"rotation": [0, 0, -12.5]
				},
				"finger_left2": {
					"rotation": [4.95077, -11.49215, -23.49848],
					"position": [0.3, 0, 0]
				},
				"finger_left3": {
					"rotation": [-4.60659, 14.2906, -18.07779],
					"position": [0.6, 0, 0]
				},
				"bone6": {
					"rotation": [0, 0, 77.5]
				},
				"bone5": {
					"rotation": [0, 27.5, 52.5]
				},
				"bone20": {
					"rotation": [0, 0, -77.5]
				},
				"bone19": {
					"rotation": [0, -27.5, -52.5]
				}
			}
		}
	}
}