{
	"format_version": "1.8.0",
	"animations": {
		"animation.raichu_x.ground_idle": {
			"loop": true,
			"animation_length": 16.54167,
			"bones": {
				"body": {
					"rotation": [-22.5, 0, 0],
					"position": [0, "7-0.8*(math.cos(q.anim_time*90*3-90)*1+1)", 0]
				},
				"head": {
					"rotation": [30, 0, 0]
				},
				"tail": {
					"rotation": [0, 40, 0]
				},
				"tail2": {
					"rotation": [0, 17.5, 0]
				},
				"tail3": {
					"rotation": [0, 22.5, 0]
				},
				"bone": {
					"rotation": [0, 7.5, 0]
				},
				"bone2": {
					"rotation": [0, 10, 0]
				},
				"tail4": {
					"rotation": [0, 15, 0]
				},
				"arm_left": {
					"rotation": [53.89221, 42.92625, 38.66607]
				},
				"arm_left2": {
					"rotation": [0, 40, 0]
				},
				"leg_left": {
					"rotation": [-17.5, 0, 0]
				},
				"foot_left": {
					"rotation": [-17.5, 0, 0]
				},
				"bone3": {
					"rotation": [0, 15, 0]
				},
				"bone4": {
					"rotation": [0, 17.5, 0]
				},
				"bone5": {
					"rotation": [0, 15, 0]
				},
				"bone6": {
					"rotation": [0, 37.5, 0]
				},
				"arm_right": {
					"rotation": [48.69575, -31.16686, -30.49835]
				},
				"arm_right2": {
					"rotation": [0, -52.5, 0]
				},
				"leg_right": {
					"rotation": [-25, 0, 0]
				},
				"foot_right": {
					"rotation": [-15, 0, 0]
				}
			}
		}
	}
}