{
  "implemented": true,
  "name": "maelstream",
  "nationalPokedexNumber": 1543,
  "primaryType": "water",
  "abilities": [
    "torrent",
    "h:swiftswim"
  ],
  "baseStats": {
    "hp": 55,
    "attack": 80,
    "defence": 70,
    "special_attack": 50,
    "special_defence": 60,
    "speed": 90
  },
  "behaviour": {
    "resting": {
        "canSleep": true,
        "willSleepOnBed": false,        "depth": "normal",
        "light": "0-6"
    },
    "moving": {
        "fly": {
            "canFly": false
        },
        "canLook": true,
        "walk": {
            "canWalk": true,
            "avoidsLand": true
        },
        "swim": {
            "swimSpeed": 0.2,
            "canSwimInWater": true,
            "canBreatheUnderwater": true
        },
        "wanderChance": 1.0
    }
  },
  "catchRate": 45,
  "maleRatio": 0.875,
  "shoulderMountable": false,
  "baseExperienceYield": 143,
  "experienceGroup": "medium_slow",
  "eggCycles": 50,
  "eggGroups": [
    "water_1",
    "water_2"
  ],
  "moves": [
    "1:watergun",
    "1:tackle",
    "1:leer",
    "4:leer",
    "9:watergun",
    "12:watersport",
    "18:whirlpool",
    "22:agility",
    "28:takedown",
    "32:waterpulse",
    "38:taunt",
    "42:aquatail",
    "48:scaryface",
    "52:dive",
    "58:hydropump",
    "tm:swordsdance",
    "tm:headbutt",
    "tm:megahorn",
    "tm:substitute",
    "tm:icywind",
    "tm:poisonjab",
    "tm:haze",
    "tm:triattack",
    "tm:surf",
    "tm:rocksmash",
    "tm:waterfall",
    "tutor:iciclecrash",
    "tutor:rest",
    "tutor:hiddenpower",
    "tutor:toxic",
    "tutor:hydropump",
    "tutor:nastyplot",
    "egg:blizzard",
    "egg:curse",
    "egg:disable",
    "egg:doubleteam",
    "egg:doubleedge",
    "egg:drillrun",
    "egg:icebeam",
    "egg:iciclecrash",
    "egg:muddywater",
    "egg:pursuit",
    "egg:rage",
    "egg:raindance",
    "egg:scald",
    "egg:spite",
    "egg:splash",
    "egg:torment"  ],
  "labels": [
    "vega"
  ],
  "pokedex": [
    "cobblemon.species.maelstream.desc"
  ],
  "evolutions": [
    {
      "id": "maelstream_skelachone",
      "variant": "level_up",
      "result": "skelachone",
      "consumeHeldItem": false,
      "learnableMoves": [],
      "requirements": [
        {
          "variant": "level",
          "minLevel": 32
        }
      ]   
 }
  ],
  "baseScale": 0.9,
  "hitbox": {
    "width": 0.6,
    "height": 0.6,
    "fixed": false
  },
  "baseFriendship": 70,
  "evYield": {
    "hp": 0,
    "attack": 0,
    "defence": 0,
    "special_attack": 0,
    "special_defence": 0,
    "speed": 2
  },
  "height": 6,
  "weight": 189,
  "aspects": [],
"features": [

  ],  "cannotDynamax": false
}