{
  "implemented": true,
  "name": "Porygon2",
  "nationalPokedexNumber": 233,
  "primaryType": "normal",
  "abilities": [
    "trace",
    "download",
    "h:analytic"
  ],
  "baseStats": {
    "hp": 85,
    "attack": 80,
    "defence": 90,
    "special_attack": 105,
    "special_defence": 95,
    "speed": 60
  },
  "catchRate": 45,
  "maleRatio": -1,
  "shoulderMountable": false,
  "baseExperienceYield": 180,
  "experienceGroup": "medium_fast",
  "eggCycles": 20,
  "eggGroups": [
    "mineral"
  ],
  "drops": {
    "amount": "1",
    "entries": [
      {
        "item": "cobblemon:upgrade",
        "percentage": 20
      }
    ]
  },
  "behaviour": {
    "moving": {
      "fly": {
        "canFly": true
      },
      "walk": {
        "canWalk": false
      }
    }
  },
  "moves": [
    "1:conversion2",
    "1:conversion",
    "1:tackle",
    "9:agility",
    "12:psybeam",
    "15:thundershock",
    "20:recover",
    "23:magnetrise",
    "24:defensecurl",
    "29:signalbeam",
    "32:lockon",
    "36:triattack",
    "40:discharge",
    "44:recycle",
    "48:zapcannon",
    "56:magiccoat",
    "67:hyperbeam",
    "tm:aerialace",
    "tm:agility",
    "tm:allyswitch",
    "tm:blizzard",
    "tm:chargebeam",
    "tm:confide",
    "tm:doubleteam",
    "tm:dreameater",
    "tm:eerieimpulse",
    "tm:electroweb",
    "tm:endure",
    "tm:facade",
    "tm:flash",
    "tm:foulplay",
    "tm:frustration",
    "tm:gigaimpact",
    "tm:guardswap",
    "tm:hiddenpower",
    "tm:hyperbeam",
    "tm:icebeam",
    "tm:icywind",
    "tm:irontail",
    "tm:naturalgift",
    "tm:powerswap",
    "tm:protect",
    "tm:psychic",
    "tm:psychup",
    "tm:psyshock",
    "tm:raindance",
    "tm:recycle",
    "tm:rest",
    "tm:return",
    "tm:round",
    "tm:secretpower",
    "tm:shadowball",
    "tm:shockwave",
    "tm:sleeptalk",
    "tm:snore",
    "tm:solarbeam",
    "tm:speedswap",
    "tm:substitute",
    "tm:sunnyday",
    "tm:swagger",
    "tm:swift",
    "tm:thief",
    "tm:thunder",
    "tm:thunderbolt",
    "tm:thunderwave",
    "tm:toxic",
    "tm:triattack",
    "tm:trick",
    "tm:trickroom",
    "tm:wonderroom",
    "tm:zenheadbutt",
    "tutor:agility",
    "tutor:allyswitch",
    "tutor:blizzard",
    "tutor:conversion",
    "tutor:conversion2",
    "tutor:curse",
    "tutor:defensecurl",
    "tutor:doubleedge",
    "tutor:doubleteam",
    "tutor:dreameater",
    "tutor:electroweb",
    "tutor:endure",
    "tutor:flash",
    "tutor:foulplay",
    "tutor:frustration",
    "tutor:gravity",
    "tutor:hiddenpower",
    "tutor:hyperbeam",
    "tutor:icebeam",
    "tutor:icywind",
    "tutor:irontail",
    "tutor:lastresort",
    "tutor:lockon",
    "tutor:magiccoat",
    "tutor:magnetrise",
    "tutor:mimic",
    "tutor:nightmare",
    "tutor:painsplit",
    "tutor:protect",
    "tutor:psybeam",
    "tutor:psychic",
    "tutor:psychup",
    "tutor:raindance",
    "tutor:recover",
    "tutor:recycle",
    "tutor:rest",
    "tutor:return",
    "tutor:shockwave",
    "tutor:signalbeam",
    "tutor:sleeptalk",
    "tutor:snore",
    "tutor:substitute",
    "tutor:sunnyday",
    "tutor:swagger",
    "tutor:swift",
    "tutor:telekinesis",
    "tutor:thief",
    "tutor:thunder",
    "tutor:thunderbolt",
    "tutor:thunderwave",
    "tutor:toxic",
    "tutor:triattack",
    "tutor:trick",
    "tutor:trickroom",
    "tutor:wonderroom",
    "tutor:zapcannon",
    "tutor:zenheadbutt"
  ],
  "labels": [
    "gen2"
  ],
  "pokedex": [
    "cobblemon.species.porygon2.desc"
  ],
  "preEvolution": "porygon",
  "evolutions": [
    {
      "id": "porygon2_porygonz",
      "variant": "trade",
      "result": "porygonz",
      "consumeHeldItem": true,
      "learnableMoves": [],
      "requirements": [
        {
          "variant": "held_item",
          "itemCondition": "cobblemon:dubious_disc"
        }
      ]
    },
	{
      "id": "porygon2_porygonx",
      "variant": "level_up",
      "result": "porygonx",
      "consumeHeldItem": true,
      "learnableMoves": [],
      "requirements": [
        {
          "variant": "held_item",
          "itemCondition": "minecraft:music_disc_stal"
        }
      ]
    }
  ],
  "baseScale": 0.8,
  "hitbox": {
    "width": 0.9,
    "height": 0.9,
    "fixed": false
  },
  "baseFriendship": 50,
  "evYield": {
    "hp": 0,
    "attack": 0,
    "defence": 0,
    "special_attack": 2,
    "special_defence": 0,
    "speed": 0
  },
  "height": 6,
  "weight": 325,
  "aspects": [],
  "cannotDynamax": false
}