{
	"format_version": "1.12.0",
	"minecraft:geometry": [
		{
			"description": {
				"identifier": "geometry.venusaur_male",
				"texture_width": 128,
				"texture_height": 128,
				"visible_bounds_width": 4,
				"visible_bounds_height": 3.5,
				"visible_bounds_offset": [0, 1.25, 0]
			},
			"bones": [
				{
					"name": "venusaur",
					"pivot": [0, 0, 0]
				},
				{
					"name": "body",
					"parent": "venusaur",
					"pivot": [0, 6.74976, 3.5109]
				},
				{
					"name": "torso",
					"parent": "body",
					"pivot": [0, 6.7498, 3.5109],
					"cubes": [
						{"origin": [-7.5, 1.99976, -4.9891], "size": [15, 8, 16], "pivot": [0, 6.74976, 3.5109], "rotation": [-5, 0, 0], "uv": [0, 0]}
					]
				},
				{
					"name": "thorns",
					"parent": "torso",
					"pivot": [11.5478, 10.85304, -6.10023],
					"cubes": [
						{"origin": [5.5, 7.99976, -3.4891], "size": [5, 3, 3], "pivot": [0, 6.74976, 3.5109], "rotation": [-5.24133, 17.43127, -1.5741], "uv": [99, 21]},
						{"origin": [5.5, 10.99976, -2.1891], "size": [5, 1, 0], "pivot": [0, 6.74976, 3.5109], "rotation": [-5.24133, 17.43127, -1.5741], "uv": [109, 95]},
						{"origin": [4.6, 9.39976, -3.3891], "size": [6, 4, 4], "pivot": [0, 6.74976, 3.5109], "rotation": [-4.49762, 3.32087, 9.76039], "uv": [88, 0]},
						{"origin": [4.6, 11.39976, -1.3891], "size": [7, 3, 0], "pivot": [0, 6.74976, 3.5109], "rotation": [-4.49762, 3.32087, 9.76039], "uv": [102, 73]},
						{"origin": [4.6, 10.99976, 3.1109], "size": [6, 3, 3], "pivot": [0, 6.74976, 3.5109], "rotation": [-4.80266, 20.76421, 8.31531], "uv": [51, 95]},
						{"origin": [4.6, 9.49976, 0.6109], "size": [6, 3, 3], "pivot": [0, 6.74976, 3.5109], "rotation": [-5.13887, -29.07079, 12.52351], "uv": [95, 38]},
						{"origin": [4.6, 9.49976, -2.3891], "size": [6, 4, 4], "pivot": [0, 6.74976, 3.5109], "rotation": [-12.45227, -68.71153, 21.64798], "uv": [16, 86]},
						{"origin": [3.4, 10.69976, -3.8891], "size": [6, 3, 3], "pivot": [0, 6.74976, 3.5109], "rotation": [-106.80527, -60.84588, 97.55564], "uv": [0, 75]},
						{"origin": [0.3, 10.29976, -3.8891], "size": [6, 4, 4], "pivot": [0, 6.74976, 3.5109], "rotation": [-146.0937, -33.27911, 148.23417], "uv": [83, 24]},
						{"origin": [3.3, 12.29976, -4.8891], "size": [3, 0, 1], "pivot": [0, 6.74976, 3.5109], "rotation": [-146.0937, -33.27911, 148.23417], "uv": [57, 66]},
						{"origin": [2.4, 10.29976, -1.2891], "size": [6, 4, 4], "pivot": [0, 6.74976, 3.5109], "rotation": [-151.55071, -11.7754, 162.1691], "uv": [81, 80]},
						{"origin": [0.6, 10.89976, -5.6891], "size": [7, 3, 3], "pivot": [0, 6.74976, 3.5109], "rotation": [-152.1995, -0.74149, 168.08775], "uv": [90, 55]},
						{"origin": [0.6, 12.39976, -6.6891], "size": [7, 0, 1], "pivot": [0, 6.74976, 3.5109], "rotation": [-152.1995, -0.74149, 168.08775], "uv": [26, 60]},
						{"origin": [2.6, 13.89976, -4.2891], "size": [5, 1, 0], "pivot": [0, 6.74976, 3.5109], "rotation": [-152.1995, -0.74149, 168.08775], "uv": [107, 55]},
						{"origin": [0.5, 11.19976, -7.5891], "size": [7, 2, 2], "pivot": [0, 6.74976, 3.5109], "rotation": [-145.78702, 33.96138, -170.72292], "uv": [96, 44]},
						{"origin": [0.5, 13.19976, -6.5891], "size": [7, 1, 0], "pivot": [0, 6.74976, 3.5109], "rotation": [-145.78702, 33.96138, -170.72292], "uv": [70, 64]},
						{"origin": [0.5, 12.19976, -8.5891], "size": [7, 0, 1], "pivot": [0, 6.74976, 3.5109], "rotation": [-145.78702, 33.96138, -170.72292], "uv": [57, 12]},
						{"origin": [-19.16116, 7.57218, 7.25217], "size": [7, 1, 1], "pivot": [-15.16116, 8.07218, 6.35217], "rotation": [-126.92286, 54.31357, -144.29548], "uv": [102, 71]},
						{"origin": [-19.16116, 8.57218, 7.75217], "size": [7, 1, 0], "pivot": [-15.16116, 8.07218, 6.35217], "rotation": [-126.92286, 54.31357, -144.29548], "uv": [70, 41]},
						{"origin": [-19.16116, 6.57218, 7.75217], "size": [7, 1, 0], "pivot": [-15.16116, 8.07218, 6.35217], "rotation": [-126.92286, 54.31357, -144.29548], "uv": [70, 41]},
						{"origin": [-19.16116, 8.07218, 6.25217], "size": [7, 0, 1], "pivot": [-15.16116, 8.07218, 6.35217], "rotation": [-126.92286, 54.31357, -144.29548], "uv": [45, 15]},
						{"origin": [-19.16116, 8.07218, 8.25217], "size": [7, 0, 1], "pivot": [-15.16116, 8.07218, 6.35217], "rotation": [-126.92286, 54.31357, -144.29548], "uv": [45, 15]},
						{"origin": [2.06409, 10.89784, 13.69682], "size": [2, 7, 2], "inflate": 0.001, "pivot": [3.06409, 14.39784, 14.69682], "rotation": [113.18827, -69.04067, -119.02217], "uv": [0, 52]},
						{"origin": [3.06409, 10.89784, 12.69682], "size": [0, 7, 1], "inflate": 0.001, "pivot": [3.06409, 14.39784, 14.69682], "rotation": [113.18827, -69.04067, -119.02217], "uv": [42, 102]},
						{"origin": [3.06409, 10.89784, 15.69682], "size": [0, 7, 1], "inflate": 0.001, "pivot": [3.06409, 14.39784, 14.69682], "rotation": [113.18827, -69.04067, -119.02217], "uv": [42, 102]},
						{"origin": [4.06409, 10.89784, 14.69682], "size": [1, 7, 0], "inflate": 0.001, "pivot": [3.06409, 14.39784, 14.69682], "rotation": [113.18827, -69.04067, -119.02217], "uv": [92, 108]},
						{"origin": [1.06409, 10.89784, 14.69682], "size": [1, 7, 0], "inflate": 0.001, "pivot": [3.06409, 14.39784, 14.69682], "rotation": [113.18827, -69.04067, -119.02217], "uv": [90, 108]},
						{"origin": [3.76575, 7.1685, 11.75178], "size": [2, 7, 2], "pivot": [4.76575, 8.6685, 12.15178], "rotation": [-100.82045, -41.38705, 89.98198], "uv": [26, 107]},
						{"origin": [5.76575, 7.1685, 12.75178], "size": [1, 7, 0], "pivot": [4.76575, 8.6685, 12.15178], "rotation": [-100.82045, -41.38705, 89.98198], "uv": [20, 109]},
						{"origin": [2.76575, 7.1685, 12.75178], "size": [1, 7, 0], "pivot": [4.76575, 8.6685, 12.15178], "rotation": [-100.82045, -41.38705, 89.98198], "uv": [20, 109]},
						{"origin": [4.76575, 7.1685, 13.75178], "size": [0, 7, 1], "pivot": [4.76575, 8.6685, 12.15178], "rotation": [-100.82045, -41.38705, 89.98198], "uv": [44, 102]},
						{"origin": [4.76575, 7.1685, 10.75178], "size": [0, 7, 1], "pivot": [4.76575, 8.6685, 12.15178], "rotation": [-100.82045, -41.38705, 89.98198], "uv": [44, 102]},
						{"origin": [-0.63591, 17.19784, 14.39682], "size": [5, 1, 1], "pivot": [3.06409, 14.39784, 14.69682], "rotation": [106.16302, -59.60417, -111.25572], "uv": [46, 73]},
						{"origin": [-0.63591, 17.69784, 15.39682], "size": [4, 0, 1], "pivot": [3.06409, 14.39784, 14.69682], "rotation": [106.16302, -59.60417, -111.25572], "uv": [44, 58]},
						{"origin": [-0.63591, 17.69784, 13.39682], "size": [4, 0, 1], "pivot": [3.06409, 14.39784, 14.69682], "rotation": [106.16302, -59.60417, -111.25572], "uv": [44, 58]},
						{"origin": [-0.63591, 18.19784, 14.79682], "size": [5, 1, 0], "pivot": [3.06409, 14.39784, 14.69682], "rotation": [106.16302, -59.60417, -111.25572], "uv": [107, 56]},
						{"origin": [5.84958, 6.20317, 11.07019], "size": [5, 3, 3], "pivot": [7.84958, 9.20317, 13.47019], "rotation": [-53.96409, -27.96689, 63.88296], "uv": [33, 97]},
						{"origin": [5.84958, 7.80317, 14.07019], "size": [5, 0, 1], "pivot": [7.84958, 9.20317, 13.47019], "rotation": [-53.96409, -27.96689, 63.88296], "uv": [70, 87]},
						{"origin": [5.84958, 7.80317, 10.07019], "size": [5, 0, 1], "pivot": [7.84958, 9.20317, 13.47019], "rotation": [-53.96409, -27.96689, 63.88296], "uv": [70, 87]},
						{"origin": [5.84958, 9.20317, 12.57019], "size": [5, 1, 0], "pivot": [7.84958, 9.20317, 13.47019], "rotation": [-53.96409, -27.96689, 63.88296], "uv": [108, 4]},
						{"origin": [8.84958, 6.50317, 11.07019], "size": [5, 2, 2], "pivot": [7.84958, 9.20317, 13.47019], "rotation": [-82.2983, -43.88647, 110.03771], "uv": [103, 27]},
						{"origin": [8.84958, 7.50317, 10.07019], "size": [5, 0, 1], "pivot": [7.84958, 9.20317, 13.47019], "rotation": [-82.2983, -43.88647, 110.03771], "uv": [83, 41]},
						{"origin": [8.84958, 7.50317, 13.07019], "size": [5, 0, 1], "pivot": [7.84958, 9.20317, 13.47019], "rotation": [-82.2983, -43.88647, 110.03771], "uv": [83, 41]},
						{"origin": [8.84958, 8.50317, 12.07019], "size": [5, 1, 0], "pivot": [7.84958, 9.20317, 13.47019], "rotation": [-82.2983, -43.88647, 110.03771], "uv": [0, 108]},
						{"origin": [8.84958, 5.50317, 12.07019], "size": [5, 1, 0], "pivot": [7.84958, 9.20317, 13.47019], "rotation": [-82.2983, -43.88647, 110.03771], "uv": [0, 108]},
						{"origin": [-10.91039, 7.5572, 4.11767], "size": [6, 4, 4], "pivot": [-7.91039, 9.4572, 6.31767], "rotation": [17.26467, 24.27552, 35.04986], "uv": [55, 87]},
						{"origin": [-10.50468, 7.92638, 7.06905], "size": [6, 3, 3], "pivot": [-5.50468, 9.62638, 10.46905], "rotation": [-178.99437, 20.75388, -163.10977], "uv": [92, 32]},
						{"origin": [-10.50468, 6.92638, 8.46905], "size": [4, 1, 0], "pivot": [-5.50468, 9.62638, 10.46905], "rotation": [-178.99437, 20.75388, -163.10977], "uv": [90, 90]},
						{"origin": [-10.50468, 9.42638, 6.06905], "size": [6, 0, 1], "pivot": [-5.50468, 9.62638, 10.46905], "rotation": [-178.99437, 20.75388, -163.10977], "uv": [45, 72]},
						{"origin": [-12.70468, 6.52638, 6.16905], "size": [6, 3, 3], "pivot": [-5.50468, 9.62638, 10.46905], "rotation": [172.11365, -10.56491, 174.48351], "uv": [92, 9]},
						{"origin": [-12.70468, 5.52638, 7.66905], "size": [4, 1, 0], "pivot": [-5.50468, 9.62638, 10.46905], "rotation": [172.11365, -10.56491, 174.48351], "uv": [92, 15]},
						{"origin": [-12.70468, 7.92638, 5.16905], "size": [4, 0, 1], "pivot": [-5.50468, 9.62638, 10.46905], "rotation": [172.11365, -10.56491, 174.48351], "uv": [44, 57]},
						{"origin": [-17.70468, 7.02638, 8.46905], "size": [6, 2, 2], "pivot": [-5.50468, 9.62638, 10.46905], "rotation": [172.24424, 1.81973, 172.78087], "uv": [97, 80]},
						{"origin": [-9.40468, 8.92638, 7.16905], "size": [6, 4, 4], "pivot": [-5.50468, 9.62638, 10.46905], "rotation": [-56.31584, 48.62481, -56.81978], "uv": [86, 72]},
						{"origin": [-9.40468, 10.92638, 6.16905], "size": [2, 0, 1], "pivot": [-5.50468, 9.62638, 10.46905], "rotation": [-56.31584, 48.62481, -56.81978], "uv": [5, 38]},
						{"origin": [-10.40468, 10.92638, 7.16905], "size": [1, 0, 4], "pivot": [-5.50468, 9.62638, 10.46905], "rotation": [-56.31584, 48.62481, -56.81978], "uv": [0, 0]},
						{"origin": [-17.32741, 6.41583, 5.64928], "size": [6, 3, 3], "inflate": 0.001, "pivot": [-9.32741, 7.91583, 7.14928], "rotation": [29.41791, 2.04246, 84.34594], "uv": [18, 94]},
						{"origin": [-17.32741, 7.81583, 4.64928], "size": [6, 0, 1], "inflate": 0.001, "pivot": [-9.32741, 7.91583, 7.14928], "rotation": [29.41791, 2.04246, 84.34594], "uv": [57, 64]},
						{"origin": [-17.32741, 7.91583, 8.64928], "size": [4, 0, 1], "inflate": 0.001, "pivot": [-9.32741, 7.91583, 7.14928], "rotation": [29.41791, 2.04246, 84.34594], "uv": [41, 27]},
						{"origin": [-17.32741, 5.41583, 7.14928], "size": [6, 1, 0], "inflate": 0.001, "pivot": [-9.32741, 7.91583, 7.14928], "rotation": [29.41791, 2.04246, 84.34594], "uv": [90, 8]},
						{"origin": [-17.32741, 9.41583, 7.14928], "size": [2, 1, 0], "inflate": 0.001, "pivot": [-9.32741, 7.91583, 7.14928], "rotation": [29.41791, 2.04246, 84.34594], "uv": [6, 39]},
						{"origin": [7.18323, 13.52428, 0.54443], "size": [4, 3, 3], "inflate": 0.001, "pivot": [-0.11677, 6.77428, 3.44443], "rotation": [-17.60934, -24.03412, 39.96717], "uv": [70, 101]},
						{"origin": [7.18323, 16.52428, 2.04443], "size": [4, 1, 0], "inflate": 0.001, "pivot": [-0.11677, 6.77428, 3.44443], "rotation": [-17.60934, -24.03412, 39.96717], "uv": [92, 17]},
						{"origin": [7.18323, 12.52428, 2.04443], "size": [4, 1, 0], "inflate": 0.001, "pivot": [-0.11677, 6.77428, 3.44443], "rotation": [-17.60934, -24.03412, 39.96717], "uv": [92, 17]},
						{"origin": [12.68323, 8.62428, 1.04443], "size": [4, 2, 2], "inflate": 0.001, "pivot": [-0.11677, 6.77428, 3.44443], "rotation": [-5.13887, -29.07079, 12.52351], "uv": [105, 91]},
						{"origin": [12.68323, 9.62428, 3.04443], "size": [4, 0, 1], "inflate": 0.001, "pivot": [-0.11677, 6.77428, 3.44443], "rotation": [-5.13887, -29.07079, 12.52351], "uv": [44, 59]},
						{"origin": [12.68323, 9.62428, 0.04443], "size": [4, 0, 1], "inflate": 0.001, "pivot": [-0.11677, 6.77428, 3.44443], "rotation": [-5.13887, -29.07079, 12.52351], "uv": [44, 59]},
						{"origin": [12.68323, 10.62428, 2.04443], "size": [4, 1, 0], "inflate": 0.001, "pivot": [-0.11677, 6.77428, 3.44443], "rotation": [-5.13887, -29.07079, 12.52351], "uv": [92, 16]},
						{"origin": [12.68323, 7.62428, 2.04443], "size": [4, 1, 0], "inflate": 0.001, "pivot": [-0.11677, 6.77428, 3.44443], "rotation": [-5.13887, -29.07079, 12.52351], "uv": [92, 16]},
						{"origin": [10.6, 5.89976, 3.6109], "size": [4, 2, 2], "pivot": [0, 6.74976, 3.5109], "rotation": [-14.04782, 16.1598, -20.30841], "uv": [106, 76]},
						{"origin": [10.6, 4.89976, 4.6109], "size": [4, 4, 0], "pivot": [0, 6.74976, 3.5109], "rotation": [-14.04782, 16.1598, -20.30841], "uv": [77, 80]},
						{"origin": [10.6, 6.89976, 2.6109], "size": [4, 0, 4], "pivot": [0, 6.74976, 3.5109], "rotation": [-14.04782, 16.1598, -20.30841], "uv": [30, 26]},
						{"origin": [12.38242, 11.94284, -0.87094], "size": [4, 1, 1], "pivot": [14.38242, 11.94284, 0.22906], "rotation": [-19.43421, 23.10203, -41.82341], "uv": [107, 10]},
						{"origin": [12.38242, 12.44284, -1.27094], "size": [4, 0, 2], "pivot": [14.38242, 11.94284, 0.22906], "rotation": [-19.43421, 23.10203, -41.82341], "uv": [32, 30]},
						{"origin": [12.38242, 11.44284, -0.37094], "size": [4, 2, 0], "pivot": [14.38242, 11.94284, 0.22906], "rotation": [-19.43421, 23.10203, -41.82341], "uv": [15, 75]},
						{"origin": [12.24325, 1.64272, -3.0477], "size": [2, 2, 2], "pivot": [12.84325, 3.64272, -2.3477], "rotation": [-4.22362, -3.66327, -67.47404], "uv": [107, 31]},
						{"origin": [9.6, 2.99976, -2.7891], "size": [3, 6, 3], "pivot": [0, 6.74976, 3.5109], "rotation": [-5.28605, 1.8169, -7.69305], "uv": [58, 101]},
						{"origin": [12.6, 2.99976, -1.1891], "size": [1, 6, 0], "pivot": [0, 6.74976, 3.5109], "rotation": [-5.28605, 1.8169, -7.69305], "uv": [24, 109]},
						{"origin": [11.2, 2.99976, -3.7891], "size": [0, 6, 1], "pivot": [0, 6.74976, 3.5109], "rotation": [-5.28605, 1.8169, -7.69305], "uv": [36, 41]},
						{"origin": [11.2, 2.99976, 0.2109], "size": [0, 6, 1], "pivot": [0, 6.74976, 3.5109], "rotation": [-5.28605, 1.8169, -7.69305], "uv": [36, 41]},
						{"origin": [11.35882, 3.06204, -2.88477], "size": [2, 4, 2], "pivot": [11.95882, 5.06204, -2.18477], "rotation": [-5.52774, -0.82483, -35.06935], "uv": [28, 42]},
						{"origin": [12.35882, 3.06204, -3.88477], "size": [0, 4, 1], "pivot": [11.95882, 5.06204, -2.18477], "rotation": [-5.52774, -0.82483, -35.06935], "uv": [30, 37]},
						{"origin": [12.35882, 3.06204, -0.88477], "size": [0, 4, 1], "pivot": [11.95882, 5.06204, -2.18477], "rotation": [-5.52774, -0.82483, -35.06935], "uv": [30, 37]},
						{"origin": [13.35882, 3.06204, -1.88477], "size": [1, 4, 0], "pivot": [11.95882, 5.06204, -2.18477], "rotation": [-5.52774, -0.82483, -35.06935], "uv": [0, 0]},
						{"origin": [10.35882, 3.06204, -1.88477], "size": [1, 4, 0], "pivot": [11.95882, 5.06204, -2.18477], "rotation": [-5.52774, -0.82483, -35.06935], "uv": [0, 0]},
						{"origin": [8.6, 14.19976, 1.6109], "size": [5, 4, 4], "pivot": [3, 11.54976, 8.5109], "rotation": [-4.49762, 3.32087, 9.76039], "uv": [91, 91]},
						{"origin": [8.6, 18.19976, 3.6109], "size": [5, 1, 0], "pivot": [3, 11.54976, 8.5109], "rotation": [-4.49762, 3.32087, 9.76039], "uv": [0, 109]},
						{"origin": [8.6, 16.19976, 5.6109], "size": [5, 0, 1], "pivot": [3, 11.54976, 8.5109], "rotation": [-4.49762, 3.32087, 9.76039], "uv": [100, 84]},
						{"origin": [8.6, 16.19976, 0.6109], "size": [5, 0, 1], "pivot": [3, 11.54976, 8.5109], "rotation": [-4.49762, 3.32087, 9.76039], "uv": [100, 84]},
						{"origin": [6.3624, 10.99337, 1.42845], "size": [5, 4, 4], "pivot": [0.7624, 8.34337, 8.32845], "rotation": [-5.42376, 1.34998, -12.67312], "uv": [0, 90]},
						{"origin": [6.3624, 14.99337, 3.42845], "size": [5, 1, 0], "pivot": [0.7624, 8.34337, 8.32845], "rotation": [-5.42376, 1.34998, -12.67312], "uv": [108, 5]},
						{"origin": [6.3624, 10.99337, 1.42845], "size": [5, 3, 3], "pivot": [0.7624, 8.34337, 8.32845], "rotation": [21.32155, -33.41782, -54.61094], "uv": [98, 15]},
						{"origin": [6.3624, 9.99337, 2.92845], "size": [5, 1, 0], "pivot": [0.7624, 8.34337, 8.32845], "rotation": [21.32155, -33.41782, -54.61094], "uv": [85, 107]},
						{"origin": [6.3624, 12.39337, 0.42845], "size": [5, 0, 1], "pivot": [0.7624, 8.34337, 8.32845], "rotation": [21.32155, -33.41782, -54.61094], "uv": [33, 76]},
						{"origin": [6.3624, 12.39337, 4.42845], "size": [5, 0, 1], "pivot": [0.7624, 8.34337, 8.32845], "rotation": [21.32155, -33.41782, -54.61094], "uv": [33, 76]},
						{"origin": [6.06455, 20.56727, 8.89714], "size": [5, 2, 2], "pivot": [7.76455, 20.36727, 9.29714], "rotation": [35.9795, -16.08514, -88.39662], "uv": [0, 104]},
						{"origin": [6.06455, 19.56727, 9.89714], "size": [5, 1, 0], "pivot": [7.76455, 20.36727, 9.29714], "rotation": [35.9795, -16.08514, -88.39662], "uv": [107, 57]},
						{"origin": [6.06455, 22.56727, 9.89714], "size": [5, 1, 0], "pivot": [7.76455, 20.36727, 9.29714], "rotation": [35.9795, -16.08514, -88.39662], "uv": [107, 57]},
						{"origin": [6.06455, 21.56727, 10.89714], "size": [5, 0, 1], "pivot": [7.76455, 20.36727, 9.29714], "rotation": [35.9795, -16.08514, -88.39662], "uv": [33, 75]},
						{"origin": [6.06455, 21.56727, 7.89714], "size": [5, 0, 1], "pivot": [7.76455, 20.36727, 9.29714], "rotation": [35.9795, -16.08514, -88.39662], "uv": [33, 75]},
						{"origin": [9.7, 7.79976, 2.2109], "size": [3, 6, 3], "pivot": [0.1, 11.54976, 8.5109], "rotation": [-5.28605, 1.8169, -7.69305], "uv": [46, 101]},
						{"origin": [10.7, 8.79976, 3.7109], "size": [3, 6, 0], "pivot": [0.1, 11.54976, 8.5109], "rotation": [-5.28605, 1.8169, -7.69305], "uv": [0, 4]},
						{"origin": [3.7, -3.20024, 2.2109], "size": [3, 6, 3], "inflate": 0.001, "pivot": [0.1, 11.54976, 8.5109], "rotation": [-4.52632, -3.28161, -62.47944], "uv": [16, 100]},
						{"origin": [5.2, -3.20024, 5.2109], "size": [0, 6, 1], "inflate": 0.001, "pivot": [0.1, 11.54976, 8.5109], "rotation": [-4.52632, -3.28161, -62.47944], "uv": [28, 37]},
						{"origin": [5.2, -3.20024, 1.2109], "size": [0, 6, 1], "inflate": 0.001, "pivot": [0.1, 11.54976, 8.5109], "rotation": [-4.52632, -3.28161, -62.47944], "uv": [28, 37]},
						{"origin": [6.7, -3.20024, 3.7109], "size": [1, 6, 0], "inflate": 0.001, "pivot": [0.1, 11.54976, 8.5109], "rotation": [-4.52632, -3.28161, -62.47944], "uv": [13, 0]},
						{"origin": [2.7, -3.20024, 3.7109], "size": [1, 6, 0], "inflate": 0.001, "pivot": [0.1, 11.54976, 8.5109], "rotation": [-4.52632, -3.28161, -62.47944], "uv": [13, 0]},
						{"origin": [15.45882, 4.86204, 1.61523], "size": [2, 6, 2], "pivot": [16.05882, 6.86204, 2.81523], "rotation": [-5.52774, -0.82483, -35.06935], "uv": [0, 24]},
						{"origin": [16.45882, 5.26204, 0.61523], "size": [0, 4, 1], "pivot": [16.05882, 6.86204, 2.81523], "rotation": [-5.52774, -0.82483, -35.06935], "uv": [2, 37]},
						{"origin": [16.45882, 5.26204, 3.61523], "size": [0, 4, 1], "pivot": [16.05882, 6.86204, 2.81523], "rotation": [-5.52774, -0.82483, -35.06935], "uv": [2, 37]},
						{"origin": [17.45882, 4.86204, 2.61523], "size": [1, 6, 0], "pivot": [16.05882, 6.86204, 2.81523], "rotation": [-5.52774, -0.82483, -35.06935], "uv": [22, 109]},
						{"origin": [14.45882, 4.86204, 2.61523], "size": [1, 6, 0], "pivot": [16.05882, 6.86204, 2.81523], "rotation": [-5.52774, -0.82483, -35.06935], "uv": [22, 109]},
						{"origin": [8.8478, 6.45304, -6.60023], "size": [5, 2, 2], "pivot": [11.5478, 10.85304, -6.10023], "rotation": [9.67521, 15.46435, 48.04669], "uv": [104, 0]},
						{"origin": [8.8478, 8.45304, -5.60023], "size": [5, 1, 0], "pivot": [11.5478, 10.85304, -6.10023], "rotation": [9.67521, 15.46435, 48.04669], "uv": [10, 109]},
						{"origin": [8.8478, 5.45304, -5.60023], "size": [5, 1, 0], "pivot": [11.5478, 10.85304, -6.10023], "rotation": [9.67521, 15.46435, 48.04669], "uv": [10, 109]},
						{"origin": [-15.9478, 13.45304, -7.60023], "size": [6, 2, 2], "pivot": [-11.5478, 17.85304, -6.10023], "rotation": [20.91845, -24.68897, -72.63296], "uv": [101, 67]},
						{"origin": [-15.9478, 14.45304, -8.60023], "size": [4, 0, 1], "pivot": [-11.5478, 17.85304, -6.10023], "rotation": [20.91845, -24.68897, -72.63296], "uv": [41, 26]},
						{"origin": [-15.9478, 14.45304, -5.60023], "size": [2, 0, 1], "pivot": [-11.5478, 17.85304, -6.10023], "rotation": [20.91845, -24.68897, -72.63296], "uv": [11, 15]},
						{"origin": [-15.9478, 15.45304, -6.60023], "size": [6, 1, 0], "pivot": [-11.5478, 17.85304, -6.10023], "rotation": [20.91845, -24.68897, -72.63296], "uv": [76, 23]},
						{"origin": [-15.9478, 12.45304, -6.60023], "size": [6, 1, 0], "pivot": [-11.5478, 17.85304, -6.10023], "rotation": [20.91845, -24.68897, -72.63296], "uv": [76, 23]},
						{"origin": [-15.9478, 12.85304, -7.00023], "size": [3, 1, 1], "pivot": [-11.5478, 17.85304, -6.10023], "rotation": [3.31585, -31.77459, -36.44995], "uv": [50, 89]},
						{"origin": [-15.9478, 13.35304, -8.00023], "size": [3, 0, 1], "pivot": [-11.5478, 17.85304, -6.10023], "rotation": [3.31585, -31.77459, -36.44995], "uv": [9, 12]},
						{"origin": [-15.9478, 13.35304, -6.00023], "size": [3, 0, 1], "pivot": [-11.5478, 17.85304, -6.10023], "rotation": [3.31585, -31.77459, -36.44995], "uv": [9, 12]},
						{"origin": [-10.5, 14.99976, -3.4891], "size": [5, 3, 3], "pivot": [0, 13.74976, 3.5109], "rotation": [-5.24133, -17.43127, 1.5741], "uv": [98, 85]},
						{"origin": [-10.5, 17.99976, -2.0891], "size": [3, 1, 0], "pivot": [0, 13.74976, 3.5109], "rotation": [-5.24133, -17.43127, 1.5741], "uv": [79, 66]},
						{"origin": [-10.5, 16.59976, -4.4891], "size": [5, 0, 1], "pivot": [0, 13.74976, 3.5109], "rotation": [-5.24133, -17.43127, 1.5741], "uv": [71, 12]},
						{"origin": [-9.5, 9.29976, 2.5109], "size": [8, 4, 4], "pivot": [0, 13.74976, 3.5109], "rotation": [-42.38074, -49.80749, 71.99903], "uv": [64, 0]},
						{"origin": [-9.5, 11.29976, 1.5109], "size": [3, 0, 1], "pivot": [0, 13.74976, 3.5109], "rotation": [-42.38074, -49.80749, 71.99903], "uv": [57, 65]},
						{"origin": [-9.5, 13.29976, 4.5109], "size": [4, 1, 0], "pivot": [0, 13.74976, 3.5109], "rotation": [-42.38074, -49.80749, 71.99903], "uv": [90, 89]},
						{"origin": [-10.5, -0.60024, -1.4891], "size": [5, 4, 4], "pivot": [0, 6.74976, 3.5109], "rotation": [-17.01347, -6.50075, 54.2434], "uv": [36, 89]},
						{"origin": [-10.5, -1.60024, 0.5109], "size": [3, 1, 0], "pivot": [0, 6.74976, 3.5109], "rotation": [-17.01347, -6.50075, 54.2434], "uv": [79, 65]},
						{"origin": [-10.2, -4.10024, -1.0891], "size": [5, 3, 3], "pivot": [0, 6.74976, 3.5109], "rotation": [-19.00071, -2.40636, 82.97185], "uv": [0, 98]},
						{"origin": [-10.2, -5.10024, 0.4109], "size": [3, 1, 0], "pivot": [0, 6.74976, 3.5109], "rotation": [-19.00071, -2.40636, 82.97185], "uv": [76, 17]},
						{"origin": [-12.41102, 13.64859, -1.5751], "size": [5, 2, 2], "pivot": [-9.91102, 15.74859, -0.5751], "rotation": [-54.86444, 40.55078, 26.35754], "uv": [84, 103]},
						{"origin": [-11.41102, 12.64859, -0.5751], "size": [3, 1, 0], "pivot": [-9.91102, 15.74859, -0.5751], "rotation": [-54.86444, 40.55078, 26.35754], "uv": [76, 16]},
						{"origin": [-12.41102, 15.64859, -0.5751], "size": [4, 1, 0], "pivot": [-9.91102, 15.74859, -0.5751], "rotation": [-54.86444, 40.55078, 26.35754], "uv": [90, 88]},
						{"origin": [-12.41102, 14.64859, -2.5751], "size": [5, 0, 1], "pivot": [-9.91102, 15.74859, -0.5751], "rotation": [-54.86444, 40.55078, 26.35754], "uv": [51, 52]},
						{"origin": [-13.6271, 12.81126, 0.23411], "size": [5, 2, 2], "inflate": 0.001, "pivot": [-11.1271, 14.91126, 1.23411], "rotation": [-134.44851, 29.4912, -84.26019], "uv": [28, 103]},
						{"origin": [-13.6271, 11.81126, 1.23411], "size": [5, 1, 0], "inflate": 0.001, "pivot": [-11.1271, 14.91126, 1.23411], "rotation": [-134.44851, 29.4912, -84.26019], "uv": [0, 47]},
						{"origin": [-13.6271, 13.81126, -0.76589], "size": [5, 0, 1], "inflate": 0.001, "pivot": [-11.1271, 14.91126, 1.23411], "rotation": [-134.44851, 29.4912, -84.26019], "uv": [26, 52]},
						{"origin": [-16.8271, 13.11126, -0.16589], "size": [5, 1, 1], "inflate": 0.001, "pivot": [-11.1271, 14.91126, 1.23411], "rotation": [-143.37219, 20.53611, -110.79011], "uv": [81, 55]},
						{"origin": [-16.8271, 13.51126, -1.16589], "size": [3, 0, 1], "inflate": 0.001, "pivot": [-11.1271, 14.91126, 1.23411], "rotation": [-143.37219, 20.53611, -110.79011], "uv": [9, 11]},
						{"origin": [-16.8271, 13.51126, 0.83411], "size": [3, 0, 1], "inflate": 0.001, "pivot": [-11.1271, 14.91126, 1.23411], "rotation": [-143.37219, 20.53611, -110.79011], "uv": [9, 11]},
						{"origin": [-12.84087, 11.69009, -0.27369], "size": [2, 2, 6], "pivot": [-10.34087, 13.29009, 0.12631], "rotation": [-94.73285, -20.08679, 17.02385], "uv": [0, 7]},
						{"origin": [-11.84087, 10.69009, -0.27369], "size": [0, 1, 6], "pivot": [-10.34087, 13.29009, 0.12631], "rotation": [-94.73285, -20.08679, 17.02385], "uv": [0, 9]},
						{"origin": [-11.84087, 13.69009, 1.72631], "size": [0, 1, 4], "pivot": [-10.34087, 13.29009, 0.12631], "rotation": [-94.73285, -20.08679, 17.02385], "uv": [0, 42]},
						{"origin": [-13.84087, 12.69009, -0.27369], "size": [1, 0, 6], "pivot": [-10.34087, 13.29009, 0.12631], "rotation": [-94.73285, -20.08679, 17.02385], "uv": [5, 0]},
						{"origin": [-14.30859, 7.01159, -1.57456], "size": [1, 1, 3], "pivot": [-14.10859, 8.51159, -0.07456], "rotation": [-89.55817, -2.56244, 66.62689], "uv": [84, 0]},
						{"origin": [-14.00859, 6.01159, 0.12544], "size": [0, 1, 1], "pivot": [-14.10859, 8.51159, -0.07456], "rotation": [-89.55817, -2.56244, 66.62689], "uv": [2, 0]},
						{"origin": [-14.00859, 8.01159, -0.27456], "size": [0, 1, 1], "pivot": [-14.10859, 8.51159, -0.07456], "rotation": [-89.55817, -2.56244, 66.62689], "uv": [2, 0]},
						{"origin": [10.8478, 6.45304, -7.00023], "size": [3, 2, 2], "pivot": [11.5478, 10.85304, -6.10023], "rotation": [7.00767, 52.48141, 34.13508], "uv": [107, 6]},
						{"origin": [10.8478, 7.45304, -8.00023], "size": [3, 0, 1], "pivot": [11.5478, 10.85304, -6.10023], "rotation": [7.00767, 52.48141, 34.13508], "uv": [57, 67]},
						{"origin": [10.8478, 7.45304, -5.00023], "size": [3, 0, 1], "pivot": [11.5478, 10.85304, -6.10023], "rotation": [7.00767, 52.48141, 34.13508], "uv": [57, 67]},
						{"origin": [10.8478, 8.45304, -6.00023], "size": [3, 1, 0], "pivot": [11.5478, 10.85304, -6.10023], "rotation": [7.00767, 52.48141, 34.13508], "uv": [32, 86]},
						{"origin": [10.8478, 5.45304, -6.00023], "size": [3, 1, 0], "pivot": [11.5478, 10.85304, -6.10023], "rotation": [7.00767, 52.48141, 34.13508], "uv": [32, 86]}
					]
				},
				{
					"name": "bone4",
					"parent": "thorns",
					"pivot": [-15.82741, 11.01583, 7.64928],
					"rotation": [0, 0, 62.5],
					"cubes": [
						{"origin": [-10.42741, 5.81583, 6.54928], "size": [6, 2, 2], "inflate": 0.001, "pivot": [-15.82741, 11.01583, 7.64928], "rotation": [-22.90088, -19.0925, -129.78839], "uv": [101, 48]},
						{"origin": [-10.42741, 7.81583, 7.54928], "size": [6, 1, 0], "inflate": 0.001, "pivot": [-15.82741, 11.01583, 7.64928], "rotation": [-22.90088, -19.0925, -129.78839], "uv": [88, 23]},
						{"origin": [-10.42741, 4.81583, 7.54928], "size": [6, 1, 0], "inflate": 0.001, "pivot": [-15.82741, 11.01583, 7.64928], "rotation": [-22.90088, -19.0925, -129.78839], "uv": [88, 23]},
						{"origin": [-9.92741, -3.48417, 6.84928], "size": [1, 5, 1], "inflate": 0.001, "pivot": [-15.82741, 11.01583, 7.64928], "rotation": [-6.07325, -28.90525, -169.62362], "uv": [86, 108]},
						{"origin": [-8.92741, -3.48417, 7.34928], "size": [1, 5, 0], "inflate": 0.001, "pivot": [-15.82741, 11.01583, 7.64928], "rotation": [-6.07325, -28.90525, -169.62362], "uv": [54, 75]},
						{"origin": [-9.42741, -3.48417, 7.84928], "size": [0, 4, 1], "inflate": 0.001, "pivot": [-15.82741, 11.01583, 7.64928], "rotation": [-6.07325, -28.90525, -169.62362], "uv": [0, 37]},
						{"origin": [-10.92741, -1.48417, 7.34928], "size": [1, 1, 0], "inflate": 0.001, "pivot": [-15.82741, 11.01583, 7.64928], "rotation": [-6.07325, -28.90525, -169.62362], "uv": [2, 0]},
						{"origin": [-10.42741, 6.81583, 5.54928], "size": [6, 0, 1], "inflate": 0.001, "pivot": [-15.82741, 11.01583, 7.64928], "rotation": [-22.90088, -19.0925, -129.78839], "uv": [40, 60]},
						{"origin": [-9.42741, -3.48417, 5.84928], "size": [0, 4, 1], "inflate": 0.001, "pivot": [-15.82741, 11.01583, 7.64928], "rotation": [-6.07325, -28.90525, -169.62362], "uv": [0, 37]},
						{"origin": [-10.42741, 6.81583, 8.54928], "size": [6, 0, 1], "inflate": 0.001, "pivot": [-15.82741, 11.01583, 7.64928], "rotation": [-22.90088, -19.0925, -129.78839], "uv": [40, 60]}
					]
				},
				{
					"name": "grass",
					"parent": "torso",
					"pivot": [0, 6.74976, 3.5109]
				},
				{
					"name": "bone",
					"parent": "grass",
					"pivot": [0.16016, 11.98206, -8.62046],
					"cubes": [
						{"origin": [-6.4, 8.29976, -6.9891], "size": [9, 4, 9], "pivot": [0, 8.04976, 3.5109], "rotation": [-50.07427, -60.38631, 37.90511], "uv": [54, 48]},
						{"origin": [3.07759, 14.67166, -6.72803], "size": [2, 0, 5], "pivot": [3.97759, 15.37166, -4.22803], "rotation": [18.56369, -70.4549, -35.67051], "uv": [6, 6]},
						{"origin": [5.26757, 13.75115, -2.01503], "size": [9, 0, 3], "pivot": [9.76757, 14.75115, -0.71503], "rotation": [-25.07427, -60.38631, 37.90511], "uv": [55, 61]},
						{"origin": [5.26757, 18.05115, -2.21503], "size": [9, 0, 3], "pivot": [9.76757, 14.75115, -0.71503], "rotation": [-105.07427, -60.38631, 37.90511], "uv": [63, 95]},
						{"origin": [-7.1, 8.29976, 1.5891], "size": [9, 4, 10], "pivot": [0.9, 8.04976, 2.8891], "rotation": [57.94495, 81.24769, 50.00685], "uv": [32, 28]},
						{"origin": [-1, 8.29976, -5.1891], "size": [9, 4, 10], "pivot": [0, 8.04976, 3.5109], "rotation": [-83.81944, 67.59398, -75.13359], "uv": [0, 38]},
						{"origin": [-3.07103, 13.64583, -8.18434], "size": [4, 0, 10], "pivot": [-2.57103, 13.64583, -3.18434], "rotation": [-85.88258, 55.14203, -77.47023], "uv": [42, 42]},
						{"origin": [0.56956, 12.84665, -2.92423], "size": [0, 3, 6], "pivot": [0.56956, 14.84665, -0.92423], "rotation": [79.42709, 77.07633, 88.83833], "uv": [34, 66]},
						{"origin": [-3, 8.29976, -6.1891], "size": [7, 4, 11], "pivot": [0, 8.04976, 3.5109], "rotation": [-26.694, 86.71882, -35.09176], "uv": [51, 13]},
						{"origin": [-10.93263, 9.89088, -2.04747], "size": [9, 0, 11], "pivot": [-6.43263, 9.39088, 2.75253], "rotation": [-4.194, 86.71882, -35.09176], "uv": [35, 0]},
						{"origin": [1.93263, 9.89088, -3.04747], "size": [9, 0, 11], "pivot": [6.43263, 9.39088, 2.75253], "rotation": [-4.194, -86.71882, 35.09176], "uv": [35, 0], "mirror": true},
						{"origin": [-4, 8.29976, -6.7891], "size": [7, 4, 11], "pivot": [0, 8.04976, 3.5109], "rotation": [-26.694, -86.71882, 35.09176], "uv": [27, 42]},
						{"origin": [-1.7, 8.29976, 4.3891], "size": [9, 4, 9], "pivot": [0.9, 8.04976, 2.8891], "rotation": [19.01483, -66.68269, -9.92563], "uv": [0, 52]},
						{"origin": [0.7699, 15.28093, 4.62488], "size": [6, 0, 3], "pivot": [5.8699, 14.88093, 7.32488], "rotation": [49.35, 37.45817, -1.91699], "uv": [21, 65]},
						{"origin": [-8.7699, 15.28093, 4.62488], "size": [9, 0, 3], "pivot": [-5.8699, 14.88093, 7.32488], "rotation": [49.35, -37.45817, 1.91699], "uv": [24, 57]},
						{"origin": [1.1, 6.99976, -1.1891], "size": [11, 4, 7], "pivot": [0, 6.74976, 3.5109], "rotation": [-76.41864, 79.93553, -67.47083], "uv": [29, 61]},
						{"origin": [0.25893, 12.63589, -8.79572], "size": [0, 2, 7], "pivot": [0.25893, 13.63589, -5.29572], "rotation": [76.95604, 79.52401, 86.31544], "uv": [34, 17]},
						{"origin": [-0.83984, 11.98206, -12.12046], "size": [2, 0, 7], "pivot": [0.16016, 11.98206, -8.62046], "rotation": [10.52007, 86.7762, 12.24714], "uv": [0, 0]}
					]
				},
				{
					"name": "cactus",
					"parent": "grass",
					"pivot": [0, 12, 1],
					"rotation": [-2.5, 0, 0],
					"cubes": [
						{"origin": [-3, 13, -0.6], "size": [6, 3, 6], "pivot": [0, 2, 0], "rotation": [-2.5, 0, 0], "uv": [74, 32]},
						{"origin": [-3.5, 16, -1], "size": [7, 8, 7], "pivot": [0, 2, 0], "rotation": [-2.5, 0, 0], "uv": [58, 65]},
						{"origin": [-0.1, 16.5, -2.5], "size": [0, 10, 10], "pivot": [0, 2, 0], "rotation": [-2.5, 0, 0], "uv": [60, 18]},
						{"origin": [-0.1, 16.37239, -1.6518], "size": [0, 10, 10], "pivot": [-0.1, 21.37239, 3.3482], "rotation": [-90, -87.5, 90], "uv": [60, 18]},
						{"origin": [-0.1, 16.37239, -2.7518], "size": [0, 10, 12], "pivot": [-0.1, 21.37239, 3.3482], "rotation": [-176.46671, -44.94549, 177.50238], "uv": [0, 53]},
						{"origin": [-0.1, 16.37239, -2.7518], "size": [0, 10, 12], "pivot": [-0.1, 21.37239, 3.3482], "rotation": [-3.53329, -44.94549, 2.49762], "uv": [0, 53]},
						{"origin": [-2.5, 24, 0], "size": [5, 2, 5], "pivot": [0, 2, 0], "rotation": [-2.5, 0, 0], "uv": [75, 88]},
						{"origin": [-1, 24.8, 1.5], "size": [2, 2, 2], "pivot": [0, 2, 0], "rotation": [-2.5, 0, 0], "uv": [34, 107]},
						{"origin": [0.3, 25.46782, 2.55757], "size": [2, 1, 2], "inflate": 0.001, "pivot": [1.5, 26.16782, 3.55757], "rotation": [-2.41492, -0.64686, -14.98637], "uv": [89, 42]},
						{"origin": [-2.3, 25.46782, 2.55757], "size": [2, 1, 2], "inflate": 0.001, "pivot": [-1.5, 26.16782, 3.55757], "rotation": [-2.41492, 0.64686, 14.98637], "uv": [71, 88]},
						{"origin": [-2.31229, 25.07148, 2.54689], "size": [2, 1, 2], "inflate": 0.001, "pivot": [0, 25.92311, 3.54689], "rotation": [90, 75, 92.5], "uv": [76, 61]},
						{"origin": [0.31229, 25.07148, 2.54689], "size": [2, 1, 2], "inflate": 0.001, "pivot": [0, 25.92311, 3.54689], "rotation": [-90, 75, -87.5], "uv": [32, 87]},
						{"origin": [0.5, 18.8559, 1.7042], "size": [6, 3, 3], "pivot": [4, 20.3559, 3.7042], "rotation": [-2.46207, -0.43399, -9.99067], "uv": [95, 61]},
						{"origin": [0.9924, 17.56445, 3.20846], "size": [7, 6, 0], "pivot": [4.4924, 20.46445, 3.20846], "rotation": [-2.46207, -0.43399, -9.99067], "uv": [104, 104]},
						{"origin": [1.0924, 17.56445, 3.20846], "size": [7, 6, 0], "pivot": [4.4924, 20.46445, 3.20846], "rotation": [-92.46207, -0.43399, -9.99067], "uv": [104, 104]},
						{"origin": [-8.2, 18.89611, 3.76144], "size": [7, 3, 4], "pivot": [-4, 19.39611, 2.76144], "rotation": [-2.1647, 18.922, 34.32337], "uv": [59, 80]},
						{"origin": [-9.7, 17.39611, 5.76144], "size": [9, 6, 0], "pivot": [-4, 19.39611, 2.76144], "rotation": [-2.1647, 18.922, 34.32337], "uv": [94, 112]},
						{"origin": [-8.12494, 16.71281, 6.02216], "size": [9, 7, 0], "pivot": [-3.62494, 20.21281, 6.02216], "rotation": [-92.1647, 18.922, 34.32337], "uv": [94, 118]}
					]
				},
				{
					"name": "head",
					"parent": "torso",
					"pivot": [0, 6.75, -2.5],
					"cubes": [
						{"origin": [-6.5, 5, -11.5], "size": [13, 6, 8], "uv": [0, 24]},
						{"origin": [-6.5, 4, -8], "size": [13, 1, 3], "inflate": 0.01, "uv": [61, 8]},
						{"origin": [-7.5, 4.5, -9.75], "size": [1, 4, 4], "uv": [94, 104]},
						{"origin": [6.5, 4.5, -9.75], "size": [1, 4, 4], "uv": [0, 38]},
						{"origin": [-3.5, 5, -12.5], "size": [7, 2, 1], "uv": [101, 52]},
						{"origin": [-6.05, 4, -11.4], "size": [1, 1, 0], "inflate": 0.01, "pivot": [-5.05, 5, -11.4], "rotation": [10, 12.5, 47.5], "uv": [0, 24]},
						{"origin": [5.05, 4, -11.4], "size": [1, 1, 0], "inflate": 0.01, "pivot": [5.05, 5, -11.4], "rotation": [10, -12.5, -47.5], "uv": [0, 25]}
					]
				},
				{
					"name": "jaw",
					"parent": "head",
					"pivot": [0, 5.25, -8.25],
					"cubes": [
						{"origin": [-6.5, 4, -11], "size": [13, 1, 3], "uv": [60, 42]},
						{"origin": [-5, 4, -12], "size": [10, 1, 1], "uv": [60, 46]},
						{"origin": [-4.5, 4.5, -11.85], "size": [1, 1, 0], "pivot": [-4.5, 5, -11.85], "rotation": [-12.5, -15, 35], "uv": [6, 24]},
						{"origin": [-4, 4.5, -11.85], "size": [1, 1, 0], "pivot": [-4, 5, -11.85], "rotation": [-12.5, -15, 35], "uv": [0, 24]},
						{"origin": [3, 4.5, -11.85], "size": [1, 1, 0], "pivot": [4, 5, -11.85], "rotation": [-12.5, 15, -35], "uv": [6, 24]},
						{"origin": [3.5, 4.5, -11.85], "size": [1, 1, 0], "pivot": [4.5, 5, -11.85], "rotation": [-12.5, 15, -35], "uv": [0, 24]}
					]
				},
				{
					"name": "eyes",
					"parent": "head",
					"pivot": [0, 9, -11]
				},
				{
					"name": "eye_right",
					"parent": "eyes",
					"pivot": [-4.25, 8.68301, -11.501],
					"cubes": [
						{"origin": [-5.75, 7.18301, -11.51], "size": [3, 3, 0], "pivot": [-4.25, 8.68301, -11.505], "rotation": [0, 0, 30], "uv": [76, 13]}
					]
				},
				{
					"name": "eyelid_right",
					"parent": "eye_right",
					"pivot": [-4.25, 8.68301, -10.905],
					"cubes": [
						{"origin": [-6, 7.25, -11.41], "size": [3, 3, 1], "inflate": 0.01, "pivot": [-4.5, 8.25, -11.5], "rotation": [0, 0, 30], "uv": [78, 107]}
					]
				},
				{
					"name": "eye_left",
					"parent": "eyes",
					"pivot": [4.25, 8.68301, -11.505],
					"cubes": [
						{"origin": [2.75, 7.18301, -11.51], "size": [3, 3, 0], "pivot": [4.25, 8.68301, -11.505], "rotation": [0, 0, -30], "uv": [0, 10]}
					]
				},
				{
					"name": "eyelid_left",
					"parent": "eye_left",
					"pivot": [4.25, 8.68301, -10.905],
					"cubes": [
						{"origin": [3, 7.25, -11.41], "size": [3, 3, 1], "inflate": 0.01, "pivot": [4.5, 8.25, -10.5], "rotation": [0, 0, -30], "uv": [70, 107]}
					]
				},
				{
					"name": "ears",
					"parent": "head",
					"pivot": [0, 10.25, -7]
				},
				{
					"name": "ear_right",
					"parent": "ears",
					"pivot": [-3.75, 10.75, -8.25],
					"rotation": [0, -45, -20],
					"cubes": [
						{"origin": [-3.75, 10.5, -10.25], "size": [0, 4, 6], "uv": [85, 93]}
					]
				},
				{
					"name": "ear_left",
					"parent": "ears",
					"pivot": [3.75, 10.5, -8.25],
					"rotation": [0, 45, 20],
					"cubes": [
						{"origin": [3.75, 10.5, -10.25], "size": [0, 4, 6], "uv": [46, 5]}
					]
				},
				{
					"name": "leg_front_right",
					"parent": "body",
					"pivot": [-6.75, 7.5, -1.75],
					"rotation": [0, 2.5, 0],
					"cubes": [
						{"origin": [-9.25, 0, -4.25], "size": [5, 9, 5], "uv": [39, 75]},
						{"origin": [-8.75, 0, -5.15], "size": [0, 1, 1], "pivot": [-8.75, 0.5, -4.25], "rotation": [0, 15, 0], "uv": [2, 2]},
						{"origin": [-6.75, 0, -5.25], "size": [0, 1, 1], "uv": [2, 2]},
						{"origin": [-4.75, 0, -5.15], "size": [0, 1, 1], "pivot": [-4.75, 0.5, -4.25], "rotation": [0, -15, 0], "uv": [2, 2]}
					]
				},
				{
					"name": "leg_front_left",
					"parent": "body",
					"pivot": [6.75, 7.5, -1.75],
					"rotation": [0, -2.5, 0],
					"cubes": [
						{"origin": [4.25, 0, -4.25], "size": [5, 9, 5], "uv": [19, 72]},
						{"origin": [4.75, 0, -5.15], "size": [0, 1, 1], "pivot": [4.75, 0.5, -4.25], "rotation": [0, 15, 0], "uv": [2, 2]},
						{"origin": [6.75, 0, -5.25], "size": [0, 1, 1], "uv": [2, 2]},
						{"origin": [8.75, 0, -5.15], "size": [0, 1, 1], "pivot": [8.75, 0.5, -4.25], "rotation": [0, -15, 0], "uv": [2, 2]}
					]
				},
				{
					"name": "leg_back_right",
					"parent": "body",
					"pivot": [-7, 6.5, 7.25],
					"rotation": [0, 2.5, 0],
					"cubes": [
						{"origin": [-9.5, 3, 4.25], "size": [5, 5, 6], "inflate": 0.01, "uv": [79, 61]}
					]
				},
				{
					"name": "leg_back_right2",
					"parent": "leg_back_right",
					"pivot": [-7, 3, 7.25],
					"cubes": [
						{"origin": [-9.5, 0, 5.25], "size": [5, 4, 5], "uv": [81, 46]},
						{"origin": [-9, 0, 4.35], "size": [0, 1, 1], "pivot": [-9, 0.5, 5.25], "rotation": [0, 15, 0], "uv": [2, 2]},
						{"origin": [-7, 0, 4.25], "size": [0, 1, 1], "uv": [2, 2]},
						{"origin": [-5, 0, 4.35], "size": [0, 1, 1], "pivot": [-5, 0.5, 5.25], "rotation": [0, -15, 0], "uv": [2, 1]}
					]
				},
				{
					"name": "leg_back_left",
					"parent": "body",
					"pivot": [7, 6.5, 7.25],
					"rotation": [0, -2.5, 0],
					"cubes": [
						{"origin": [4.5, 3, 4.25], "size": [5, 5, 6], "inflate": 0.01, "uv": [76, 12]}
					]
				},
				{
					"name": "leg_back_left2",
					"parent": "leg_back_left",
					"pivot": [7, 3, 7.25],
					"cubes": [
						{"origin": [4.5, 0, 5.25], "size": [5, 4, 5], "uv": [0, 81]},
						{"origin": [5, 0, 4.35], "size": [0, 1, 1], "pivot": [5, 0.5, 5.25], "rotation": [0, 15, 0], "uv": [2, 1]},
						{"origin": [7, 0, 4.25], "size": [0, 1, 1], "uv": [2, 1]},
						{"origin": [9, 0, 4.35], "size": [0, 1, 1], "pivot": [9, 0.5, 5.25], "rotation": [0, -15, 0], "uv": [2, 1]}
					]
				}
			]
		}
	]
}