{
	"format_version": "1.12.0",
	"minecraft:geometry": [
		{
			"description": {
				"identifier": "geometry.pikachu_male",
				"texture_width": 64,
				"texture_height": 64,
				"visible_bounds_width": 5,
				"visible_bounds_height": 5,
				"visible_bounds_offset": [0, 1.5, 0]
			},
			"bones": [
				{
					"name": "pikachu",
					"pivot": [0, 0, 0]
				},
				{
					"name": "body",
					"parent": "pikachu",
					"pivot": [0, 0, 0]
				},
				{
					"name": "torso",
					"parent": "body",
					"pivot": [0, 8, 0.5],
					"cubes": [
						{"origin": [-4.5, 1.75, -3], "size": [9, 13, 7], "uv": [0, 25]}
					]
				},
				{
					"name": "head",
					"parent": "torso",
					"pivot": [0, 12.75, 0.25],
					"cubes": [
						{"origin": [-5, 12.75, -3.75], "size": [10, 8, 8], "uv": [0, 0]},
						{"origin": [0.4, 20.75, -3], "size": [0, 6, 7], "pivot": [0, 23.75, -0.25], "rotation": [0, -20, 0], "uv": [32, 35]},
						{"origin": [-0.5, 15.25, -4.5], "size": [1, 1, 0], "inflate": 0.01, "uv": [3, 0]},
						{"origin": [-1.5, 13.75, -4.5], "size": [3, 1, 0], "inflate": 0.01, "uv": [0, 6]},
						{"origin": [-2.5, 13.25, -4.5], "size": [5, 3, 2], "uv": [44, 31]}
					]
				},
				{
					"name": "eyes",
					"parent": "head",
					"pivot": [0, 17, -3.825],
					"cubes": [
						{"origin": [1.75, 16.25, -3.75], "size": [2, 2, 0], "inflate": 0.01, "uv": [0, 25]},
						{"origin": [-3.75, 16.25, -3.75], "size": [2, 2, 0], "inflate": 0.01, "uv": [0, 25], "mirror": true}
					]
				},
				{
					"name": "ear_left",
					"parent": "head",
					"pivot": [3.7, 20.6, 1.25],
					"rotation": [-17.7257, -17.10476, 26.54222],
					"cubes": [
						{"origin": [1.97909, 20.91729, 1.29671], "size": [6, 1, 1], "inflate": 0.01, "pivot": [3.7, 21.1, 1.75], "rotation": [15.34721, 12.06754, 23.28396], "uv": [28, 6]},
						{"origin": [1.47909, 21.16729, 1.79671], "size": [6, 5, 1], "inflate": 0.01, "pivot": [3.7, 21.1, 1.75], "rotation": [15.34721, 12.06754, 23.28396], "uv": [42, 6]},
						{"origin": [0.97909, 20.91729, 1.29671], "size": [1, 5, 1], "inflate": 0.01, "pivot": [3.7, 21.1, 1.75], "rotation": [15.34721, 12.06754, 23.28396], "uv": [4, 0]},
						{"origin": [6.97909, 21.91729, 1.29671], "size": [1, 4, 1], "inflate": 0.01, "pivot": [3.7, 21.1, 1.75], "rotation": [15.34721, 12.06754, 23.28396], "uv": [0, 0]},
						{"origin": [0.97909, 25.91729, 1.29671], "size": [7, 1, 1], "inflate": 0.01, "pivot": [3.7, 21.1, 1.75], "rotation": [15.34721, 12.06754, 23.28396], "uv": [34, 17]}
					]
				},
				{
					"name": "ear_right",
					"parent": "head",
					"pivot": [-3.7, 20.6, 1.25],
					"rotation": [-17.7257, 17.10476, -26.54222],
					"cubes": [
						{"origin": [-7.97909, 20.91729, 1.29671], "size": [6, 1, 1], "inflate": 0.01, "pivot": [-3.7, 21.1, 1.75], "rotation": [15.34721, -12.06754, -23.28396], "uv": [28, 6], "mirror": true},
						{"origin": [-7.47909, 21.16729, 1.79671], "size": [6, 5, 1], "inflate": 0.01, "pivot": [-3.7, 21.1, 1.75], "rotation": [15.34721, -12.06754, -23.28396], "uv": [42, 6], "mirror": true},
						{"origin": [-1.97909, 20.91729, 1.29671], "size": [1, 5, 1], "inflate": 0.01, "pivot": [-3.7, 21.1, 1.75], "rotation": [15.34721, -12.06754, -23.28396], "uv": [4, 0], "mirror": true},
						{"origin": [-7.97909, 21.91729, 1.29671], "size": [1, 4, 1], "inflate": 0.01, "pivot": [-3.7, 21.1, 1.75], "rotation": [15.34721, -12.06754, -23.28396], "uv": [0, 0], "mirror": true},
						{"origin": [-7.97909, 25.91729, 1.29671], "size": [7, 1, 1], "inflate": 0.01, "pivot": [-3.7, 21.1, 1.75], "rotation": [15.34721, -12.06754, -23.28396], "uv": [34, 17], "mirror": true}
					]
				},
				{
					"name": "arm_left",
					"parent": "torso",
					"pivot": [4.5, 12.5, -0.5],
					"cubes": [
						{"origin": [4.5, 9.5, -2], "size": [6, 3, 3], "uv": [28, 0]}
					]
				},
				{
					"name": "arm_right",
					"parent": "torso",
					"pivot": [-4.5, 12.5, -0.5],
					"cubes": [
						{"origin": [-10.5, 9.5, -2], "size": [6, 3, 3], "uv": [28, 0], "mirror": true}
					]
				},
				{
					"name": "tail",
					"parent": "torso",
					"pivot": [0, 2.75, 3],
					"rotation": [-27.5, 0, 0],
					"cubes": [
						{"origin": [0, 1.05, 3], "size": [0, 8, 17], "inflate": 0.01, "pivot": [0, 0, 0], "rotation": [17.5, 0, 0], "uv": [0, 0]},
						{"origin": [-3.5, 4.05, 20], "size": [7, 7, 7], "inflate": 0.01, "pivot": [0, 0, 0], "rotation": [17.5, 0, 0], "uv": [1, 47]}
					]
				},
				{
					"name": "leg_left",
					"parent": "body",
					"pivot": [3.5, 5.5, -0.5],
					"cubes": [
						{"origin": [2, 1.5, -3.5], "size": [3, 5, 6], "uv": [32, 31]},
						{"origin": [2.25, 1, -1.25], "size": [2, 1, 3], "uv": [42, 12]}
					]
				},
				{
					"name": "foot_left",
					"parent": "leg_left",
					"pivot": [3.25, 1, 0.25],
					"cubes": [
						{"origin": [1.75, 0, -3], "size": [3, 1, 5], "uv": [31, 11]}
					]
				},
				{
					"name": "leg_right",
					"parent": "body",
					"pivot": [-3.5, 5.5, -0.5],
					"cubes": [
						{"origin": [-5, 1.5, -3.5], "size": [3, 5, 6], "uv": [32, 31], "mirror": true},
						{"origin": [-4.25, 1, -1.25], "size": [2, 1, 3], "uv": [42, 12], "mirror": true}
					]
				},
				{
					"name": "foot_right",
					"parent": "leg_right",
					"pivot": [-3.25, 1, 0.25],
					"cubes": [
						{"origin": [-4.75, 0, -3], "size": [3, 1, 5], "uv": [31, 11], "mirror": true}
					]
				}
			]
		}
	]
}