{
	"format_version": "1.12.0",
	"minecraft:geometry": [
		{
			"description": {
				"identifier": "geometry.blastoise",
				"texture_width": 256,
				"texture_height": 256,
				"visible_bounds_width": 7,
				"visible_bounds_height": 6,
				"visible_bounds_offset": [0, 2, 0]
			},
			"bones": [
				{
					"name": "blastoise",
					"pivot": [0, 0, 0]
				},
				{
					"name": "body",
					"parent": "blastoise",
					"pivot": [0, 16, 0]
				},
				{
					"name": "torso",
					"parent": "body",
					"pivot": [0, 16, 0],
					"cubes": [
						{"origin": [-9, 5, -6.5], "size": [18, 22, 13], "uv": [0, 0]}
					]
				},
				{
					"name": "cloudlegs",
					"parent": "torso",
					"pivot": [12.5, 10, 0],
					"cubes": [
						{"origin": [-9.9, 2.5, -4.5], "size": [6, 12, 7], "pivot": [-12.5, 10, 0], "rotation": [-7.5, 0, 42.5], "uv": [126, 173]},
						{"origin": [-11.3, 5.5, -2.5], "size": [6, 9, 4], "pivot": [-12.5, 10, 0], "rotation": [0, 0, 55], "uv": [82, 98]},
						{"origin": [-8.9, 3.5, -4.5], "size": [6, 11, 8], "pivot": [-12.5, 10, 0], "rotation": [0, 0, 42.5], "uv": [0, 171]},
						{"origin": [2.9, 3.5, -4.5], "size": [6, 11, 8], "pivot": [12.5, 10, 0], "rotation": [0, 0, -42.5], "uv": [98, 172]},
						{"origin": [3.9, 4.5, -3.5], "size": [6, 10, 6], "pivot": [12.5, 10, 0], "rotation": [0, 0, -42.5], "uv": [152, 173]},
						{"origin": [4.9, 5.5, -2.5], "size": [6, 9, 4], "pivot": [12.5, 10, 0], "rotation": [0, 0, -42.5], "uv": [31, 116]}
					]
				},
				{
					"name": "thorns",
					"parent": "torso",
					"pivot": [5, 24.5, 10],
					"cubes": [
						{"origin": [0, 16, 6.5], "size": [0, 3, 8], "uv": [0, 41]},
						{"origin": [0, 25.8, 5.5], "size": [0, 3, 7], "pivot": [0, 26.5, 9.5], "rotation": [30, 0, 0], "uv": [39, 72]},
						{"origin": [8.20883, 10.63929, 5.26606], "size": [0, 3, 7], "pivot": [8.20883, 12.13929, 9.76606], "rotation": [-32.86873, 8.33367, -39.64557], "uv": [0, 45]},
						{"origin": [5.39945, 5.78279, 5.49075], "size": [0, 3, 6], "pivot": [4.39945, 8.98279, 10.49075], "rotation": [-41.22559, 22.11789, -14.89699], "uv": [0, 0]},
						{"origin": [7.85302, 18.63667, 5.65535], "size": [0, 3, 7], "pivot": [7.85302, 18.73667, 12.65535], "rotation": [6.37401, 20.43588, 21.9006], "uv": [62, 43]},
						{"origin": [7.5, 27.7, 7.5], "size": [0, 3, 7], "pivot": [5, 24.1, 10], "rotation": [26.80856, 13.47157, 35.3335], "uv": [0, 70]},
						{"origin": [-5.39945, 5.78279, 5.49075], "size": [0, 3, 6], "pivot": [-4.39945, 8.98279, 10.49075], "rotation": [-41.22559, -22.11789, 14.89699], "uv": [0, 0], "mirror": true},
						{"origin": [-8.20883, 10.63929, 5.26606], "size": [0, 3, 7], "pivot": [-8.20883, 12.13929, 9.76606], "rotation": [-32.86873, -8.33367, 39.64557], "uv": [0, 45], "mirror": true},
						{"origin": [-7.85302, 18.63667, 5.65535], "size": [0, 3, 7], "pivot": [-7.85302, 18.73667, 12.65535], "rotation": [6.37401, -20.43588, -21.9006], "uv": [62, 43], "mirror": true},
						{"origin": [-7.5, 27.7, 7.5], "size": [0, 3, 7], "pivot": [-5, 24.1, 10], "rotation": [26.80856, -13.47157, -35.3335], "uv": [0, 70], "mirror": true}
					]
				},
				{
					"name": "head",
					"parent": "torso",
					"pivot": [0, 25, -2.25]
				},
				{
					"name": "head_correction",
					"parent": "head",
					"pivot": [0, 25, -2.25]
				},
				{
					"name": "head_ai",
					"parent": "head_correction",
					"pivot": [0, 25, -2.25]
				},
				{
					"name": "head_angle",
					"parent": "head_ai",
					"pivot": [0, 25, -2.25],
					"cubes": [
						{"origin": [-5, 25, -7.75], "size": [10, 9, 9], "uv": [82, 142]},
						{"origin": [-4.5, 27, -10.75], "size": [9, 3, 3], "inflate": 0.01, "uv": [56, 44]},
						{"origin": [-3.25, 26.5, -10.25], "size": [1, 1, 0], "pivot": [-2.75, 27, -10.25], "rotation": [15, 15, 45], "uv": [0, 5]},
						{"origin": [2.25, 26.5, -10.25], "size": [1, 1, 0], "pivot": [2.75, 27, -10.25], "rotation": [15, -15, -45], "uv": [0, 4]}
					]
				},
				{
					"name": "eyelid_left",
					"parent": "head_angle",
					"pivot": [3.41, 31, -7.16],
					"cubes": [
						{"origin": [1.91, 30, -7.66], "size": [3, 2, 1], "inflate": 0.01, "uv": [66, 0]}
					]
				},
				{
					"name": "eyelid_right",
					"parent": "head_angle",
					"pivot": [-3.41, 31, -7.16],
					"cubes": [
						{"origin": [-4.91, 30, -7.66], "size": [3, 2, 1], "inflate": 0.01, "uv": [39, 65]}
					]
				},
				{
					"name": "ears",
					"parent": "head_angle",
					"pivot": [0, 34, -2.25]
				},
				{
					"name": "ear_left",
					"parent": "ears",
					"pivot": [3.5, 33.25, -1.75],
					"rotation": [0, 0, 30],
					"cubes": [
						{"origin": [1.80139, 33.25, -3.79146], "size": [5, 10, 2], "pivot": [3.20139, 34.75, -1.79146], "rotation": [-73.82454, -52.13058, 66.95174], "uv": [0, 65]},
						{"origin": [2.80139, 37.25, -3.79146], "size": [5, 8, 2], "pivot": [4.20139, 34.75, -1.79146], "rotation": [-73.82454, -52.13058, 66.95174], "uv": [102, 49]}
					]
				},
				{
					"name": "ear_right",
					"parent": "ears",
					"pivot": [-3.5, 33.25, -1.75],
					"rotation": [0, 0, -30],
					"cubes": [
						{"origin": [-6.80139, 33.25, -3.79146], "size": [5, 10, 2], "pivot": [-3.20139, 34.75, -1.79146], "rotation": [-73.82454, 52.13058, -66.95174], "uv": [0, 65], "mirror": true},
						{"origin": [-7.80139, 37.25, -3.79146], "size": [5, 8, 2], "pivot": [-4.20139, 34.75, -1.79146], "rotation": [-73.82454, 52.13058, -66.95174], "uv": [102, 49], "mirror": true}
					]
				},
				{
					"name": "jaw",
					"parent": "head_angle",
					"pivot": [0, 27, -7.5],
					"cubes": [
						{"origin": [-4.5, 25, -9.5], "size": [9, 2, 2], "inflate": 0.01, "uv": [39, 75]},
						{"origin": [-4, 25, -10.5], "size": [8, 2, 1], "uv": [76, 50]},
						{"origin": [-2.75, 26.25, -10.25], "size": [1, 1, 0], "pivot": [-2.25, 26.75, -10.25], "rotation": [-5, 5, -45], "uv": [0, 3]},
						{"origin": [-3.75, 26.25, -10], "size": [1, 1, 0], "pivot": [-3.25, 26.75, -10], "rotation": [-15, 15, -45], "uv": [0, 2]},
						{"origin": [1.75, 26.25, -10.25], "size": [1, 1, 0], "pivot": [2.25, 26.75, -10.25], "rotation": [-5, -5, 45], "uv": [0, 1]},
						{"origin": [2.75, 26.25, -10], "size": [1, 1, 0], "pivot": [3.25, 26.75, -10], "rotation": [-15, -15, 45], "uv": [0, 0]}
					]
				},
				{
					"name": "arm_left",
					"parent": "torso",
					"pivot": [9, 25, -1.5],
					"cubes": [
						{"origin": [7, 20, -4.5], "size": [4, 5, 6], "uv": [42, 44]}
					]
				},
				{
					"name": "arm_left2",
					"parent": "arm_left",
					"pivot": [13, 22.5, 1.5],
					"cubes": [
						{"origin": [11, 17, -5.5], "size": [7, 11, 10], "uv": [110, 151]},
						{"origin": [14, 22.7, 1.5], "size": [5, 6, 7], "uv": [49, 0]},
						{"origin": [10, 24, -1.5], "size": [7, 5, 12], "uv": [142, 139]},
						{"origin": [9, 24.7, 4.5], "size": [9, 7, 9], "uv": [157, 22]}
					]
				},
				{
					"name": "arm_left3",
					"parent": "arm_left2",
					"pivot": [18, 22.5, 1.5],
					"cubes": [
						{"origin": [18, 20, -4.5], "size": [5, 5, 6], "uv": [36, 93]},
						{"origin": [21.66733, 23, -4.80697], "size": [3, 0, 2], "pivot": [22.21321, 22.5, -3.90958], "rotation": [15, 35, 20], "uv": [0, 9]},
						{"origin": [22.75, 23, -3], "size": [3, 0, 3], "pivot": [23, 22.5, -1.5], "rotation": [0, 0, 15], "uv": [0, 0]},
						{"origin": [21.66733, 23, -0.19303], "size": [3, 0, 2], "pivot": [22.21321, 22.5, 0.90958], "rotation": [-15, -35, 20], "uv": [0, 3]}
					]
				},
				{
					"name": "arm_right",
					"parent": "torso",
					"pivot": [-9, 25, -1.5],
					"cubes": [
						{"origin": [-11, 20, -4.5], "size": [4, 5, 6], "uv": [42, 44], "mirror": true}
					]
				},
				{
					"name": "arm_right2",
					"parent": "arm_right",
					"pivot": [-13, 22.5, 1.5],
					"cubes": [
						{"origin": [-18, 17, -5.5], "size": [7, 11, 10], "uv": [110, 151], "mirror": true},
						{"origin": [-19, 22.5, 1.5], "size": [5, 6, 7], "uv": [49, 0], "mirror": true},
						{"origin": [-17, 24.7, -1.5], "size": [7, 5, 12], "uv": [142, 139], "mirror": true},
						{"origin": [-18, 25.2, 4.5], "size": [9, 7, 9], "uv": [157, 22], "mirror": true}
					]
				},
				{
					"name": "arm_right3",
					"parent": "arm_right2",
					"pivot": [-18, 22.5, 1.5],
					"cubes": [
						{"origin": [-23, 20, -4.5], "size": [5, 5, 6], "uv": [36, 93], "mirror": true},
						{"origin": [-24.66733, 23, -4.80697], "size": [3, 0, 2], "pivot": [-22.21321, 22.5, -3.90958], "rotation": [15, -35, -20], "uv": [0, 9], "mirror": true},
						{"origin": [-25.75, 23, -3], "size": [3, 0, 3], "pivot": [-23, 22.5, -1.5], "rotation": [0, 0, -15], "uv": [0, 0], "mirror": true},
						{"origin": [-24.66733, 23, -0.19303], "size": [3, 0, 2], "pivot": [-22.21321, 22.5, 0.90958], "rotation": [-15, 35, -20], "uv": [0, 3], "mirror": true}
					]
				},
				{
					"name": "cloud",
					"parent": "torso",
					"pivot": [0, 6.5, 6.5],
					"cubes": [
						{"origin": [5.9, 6.3, 0.1], "size": [6, 6, 4], "pivot": [12.5, 10, 0], "rotation": [0, 0, -62.5], "uv": [84, 23]},
						{"origin": [6, -2, -8.5], "size": [5, 9, 5], "uv": [0, 35]},
						{"origin": [-13.7, -6, 1.8], "size": [18, 11, 12], "pivot": [0, 0, 0], "rotation": [22.5, 0, 0], "uv": [58, 75]},
						{"origin": [-11.2, -5.8, -6.2], "size": [20, 10, 12], "pivot": [0, 0, 0], "rotation": [-5, 0, 0], "uv": [50, 53]},
						{"origin": [-18.9, -1.8, -10.5], "size": [13, 7, 9], "pivot": [-2, 0, 0], "rotation": [0, 0, -10], "uv": [138, 57]},
						{"origin": [-18, -2.8, -8.5], "size": [12, 10, 13], "uv": [84, 0]},
						{"origin": [-5, -4.2, 4.5], "size": [10, 8, 8], "pivot": [0, 0, 0], "rotation": [25, 0, 0], "uv": [166, 95]},
						{"origin": [-3, -2.2, 3.5], "size": [6, 8, 14], "pivot": [0, 0, 0], "rotation": [25, 0, 0], "uv": [140, 107]},
						{"origin": [-3.4, -4.7, -11.7], "size": [12, 11, 12], "pivot": [0, 0, 0], "rotation": [-12.5, 0, 0], "uv": [0, 93]},
						{"origin": [-11.1, -1.9, -12.7], "size": [10, 10, 13], "pivot": [0, 0, 0], "rotation": [-12.08681, -3.21132, -14.65993], "uv": [96, 98]},
						{"origin": [-16, 0.1, -7.7], "size": [9, 10, 8], "pivot": [-2, 0, 0], "rotation": [5.04608, -1.08089, -4.88206], "uv": [38, 159]},
						{"origin": [-7.8, -5.7, -13.7], "size": [9, 9, 12], "pivot": [0, 0, 0], "rotation": [-12.68664, -9.76061, 2.18558], "uv": [46, 120]},
						{"origin": [0.7, 5.2, -6.5], "size": [9, 6, 14], "pivot": [12.5, 10, 0], "rotation": [0, 0, -77.5], "uv": [106, 61]},
						{"origin": [-1.3, 7.2, -0.5], "size": [9, 7, 11], "pivot": [12.5, 10, 0], "rotation": [0, 20, -77.5], "uv": [42, 141]},
						{"origin": [-1.88625, -3.52872, -0.52075], "size": [10, 9, 11], "pivot": [5.41375, 4.37128, 7.87925], "rotation": [0, 17.5, -77.5], "uv": [0, 134]},
						{"origin": [-1.88625, -2.52872, -7.52075], "size": [6, 9, 10], "pivot": [5.41375, 4.37128, 7.87925], "rotation": [0, 2.5, -77.5], "uv": [168, 129]},
						{"origin": [-0.3, 3.2, -0.5], "size": [8, 6, 9], "pivot": [12.5, 10, 0], "rotation": [0, 0, -77.5], "uv": [169, 38]}
					]
				},
				{
					"name": "bone",
					"parent": "cloud",
					"pivot": [-1, 4.91787, 9.89016],
					"cubes": [
						{"origin": [-6, -13.7, 9.8], "size": [10, 8, 9], "pivot": [0, -1.8, 0], "rotation": [45, 0, 0], "uv": [155, 73]},
						{"origin": [-0.88625, 1.67128, 6.37925], "size": [9, 10, 8], "pivot": [5.41375, 2.57128, 7.87925], "rotation": [-40, 20, -77.5], "uv": [72, 160]},
						{"origin": [1.2, -0.26584, 18.49826], "size": [10, 8, 9], "pivot": [3.5, 1.43416, 22.99826], "rotation": [37.5, 0, 0], "uv": [154, 0]},
						{"origin": [-10, 9.14951, 18.11544], "size": [9, 8, 12], "pivot": [-6, 12.64951, 21.11544], "rotation": [69.3531, -14.0761, 5.23619], "uv": [127, 37]},
						{"origin": [-9.42291, 18.43709, 19.90927], "size": [9, 8, 12], "pivot": [-4.92291, 21.53709, 25.90927], "rotation": [89.36837, -6.57656, 5.15119], "uv": [88, 121]},
						{"origin": [-11, 8.14951, 12.11544], "size": [9, 8, 12], "pivot": [-6, 12.64951, 21.11544], "rotation": [69.3531, -14.0761, 5.23619], "uv": [124, 11]},
						{"origin": [-8.2, 18.91787, 14.39016], "size": [10, 5, 15], "pivot": [-1, 11.91787, 24.89016], "rotation": [70, 0, 0], "uv": [89, 29]},
						{"origin": [-3.2, 18.81787, 26.39016], "size": [8, 3, 15], "pivot": [-1, 11.91787, 24.89016], "rotation": [70, 0, 0], "uv": [0, 116]},
						{"origin": [-4.1, 7.21787, 35.39016], "size": [10, 8, 14], "pivot": [-1, 11.91787, 24.89016], "rotation": [95, 0, 0], "uv": [48, 98]},
						{"origin": [-7.1, 10.21787, 42.39016], "size": [10, 8, 9], "pivot": [-1, 11.91787, 24.89016], "rotation": [95, 0, 0], "uv": [0, 154]},
						{"origin": [-8.1, 4.21787, 36.39016], "size": [10, 9, 19], "pivot": [-1, 11.91787, 24.89016], "rotation": [95, 0, 0], "uv": [0, 65]},
						{"origin": [-6.1, 5.21787, 22.39016], "size": [11, 10, 20], "pivot": [-1, 11.91787, 24.89016], "rotation": [77.5, 0, 0], "uv": [0, 35]},
						{"origin": [-3.3, 4.01787, 9.29016], "size": [11, 9, 20], "pivot": [-1, 11.91787, 24.89016], "rotation": [37.5, 0, 0], "uv": [42, 15]},
						{"origin": [-2, -0.04068, 7.38075], "size": [6, 8, 14], "pivot": [0, 5.95932, 12.38075], "rotation": [60, 0, 0], "uv": [129, 81]},
						{"origin": [1.2, -3.74771, 30.03767], "size": [9, 8, 9], "inflate": -0.001, "pivot": [3.5, -2.04771, 24.53767], "rotation": [75, 0, 0], "uv": [144, 156]},
						{"origin": [6.8, -6.54771, 36.03767], "size": [6, 6, 6], "inflate": -0.001, "pivot": [2.5, -2.04771, 24.53767], "rotation": [74.65279, 12.06754, -3.28396], "uv": [73, 0]},
						{"origin": [4.78259, 13.9584, 22.94811], "size": [6, 6, 9], "inflate": -0.001, "pivot": [7.78259, 16.9584, 28.94811], "rotation": [74.9453, -4.82922, 1.29717], "uv": [171, 164]},
						{"origin": [2.2, 12.3851, 15.73812], "size": [5, 10, 14], "pivot": [4.7, 17.3851, 22.73812], "rotation": [70.4377, 4.2453, 11.76782], "uv": [116, 127]},
						{"origin": [0, 8.91787, 33.39016], "size": [7, 8, 8], "pivot": [-1, 11.91787, 24.89016], "rotation": [70, 0, 0], "uv": [172, 148]}
					]
				}
			]
		}
	]
}