{
  "portraitScale": 1.5,
  "portraitTranslation": [0.0, 0.5, 0.0],
  "profileScale": 0.8,
  "profileTranslation": [0.0, 0.5, 0.0],
  "head": "bush",
  "poses": {
      "standing": {
        "poseName": "standing",
        "transformTicks": 10,
        "poseTypes": ["STAND", "NONE", "PORTRAIT", "PROFILE"],
        "animations": [
          "look",
          "bedrock(spiritomb_x, ground_idle)"
        ]
      },
	  "walking": {
        "poseName": "walking",
        "transformTicks": 10,
        "poseTypes": ["WALK"],
        "animations": [
          "look",
          "bedrock(spiritomb_x, ground_walk)"
        ]
      }
	}
}