{
 "portraitScale": 1.9,
  "portraitTranslation": [-0.4, -0.3, 0.0],
  "profileScale": 0.9,
  "profileTranslation": [-0.0, 0.35, 0.0],
  "head": "head",
  "poses": {
    "standing": {
        "poseName": "standing",
        "transformTicks": 10,
        "poseTypes": ["STAND", "NONE", "PORTRAIT", "PROFILE"],
        "animations": [
          "look",
          "bedrock(obsideon, ground_idle)"
        ],
        "quirks": [
          {
            "name": "blink",
            "animations": ["bedrock(obsideon, blink)"]
          }
        ]
      },
	  "walking": {
        "poseName": "walking",
        "transformTicks": 10,
        "poseTypes": ["WALK"],
        "animations": [
          "look",
          "bedrock(obsideon, ground_walk)"
        ],
        "quirks": [
          {
            "name": "blink",
            "animations": ["bedrock(obsideon, blink)"]
          }
        ]
      }
  }
}