{
    "head": "head",
    "portraitScale": 2.5,
    "portraitTranslation": [0.1, -1.1, 0],
    "profileScale": 1.2,
    "profileTranslation": [0, -0.0, 0],
    "poses": {
      "standing": {
        "poseName": "standing",
        "transformTicks": 10,
        "poseTypes": ["STAND", "WALK", "NONE", "PORTRAIT", "PROFILE", "FLOAT"],
        "animations": [
          "look",
          "bedrock(foliat, ground_idle)"
        ],
        "quirks": [
          {
            "name": "blink",
            "animations": ["bedrock(foliat, blink)"]
          }
        ]
      },
	  "sleeping": {
        "poseName": "sleeping",
        "transformTicks": 10,
        "poseTypes": ["SLEEP"],
        "animations": [
          "look",
          "bedrock(foliat, sleep)"
        ]
       },
	  "shoulder_left":{
        "poseName":"shoulder_left",
        "transformTicks": 10,
        "poseTypes": [ "SHOULDER_LEFT" ],
        "animations": [ "bedrock(foliat, ground_idle)" ]
		},
	  "shoulder_right":{
        "poseName":"shoulder_right",
        "transformTicks": 10,
        "poseTypes": [ "SHOULDER_RIGHT" ],
        "animations": [ "bedrock(foliat, ground_idle)" ]
		}
    }
  }