{
	"format_version": "1.8.0",
	"animations": {
		"animation.floressum.ground_idle": {
			"loop": true,
			"animation_length": 5.625,
			"bones": {
				"wing_right": {
					"rotation": [95.18163, 72.56343, 4.91235],
					"position": [0.5, 1.9, -4.3]
				},
				"wing_right2": {
					"rotation": [0, 0, 0]
				},
				"wing_right3": {
					"rotation": [0, 0, 0]
				},
				"wing_left": {
					"rotation": [87.35528, -72.72796, 3.09731],
					"position": [0.1, 0.9, -2.7]
				},
				"wing_left2": {
					"rotation": [0, 0, 0]
				},
				"wing_left3": {
					"rotation": [0, 0, 0]
				},
				"tail": {
					"rotation": ["50-1*math.sin(q.anim_time*90*2-20)", 0, 0]
				},
				"toe_outer_right": {
					"rotation": [0, 5, 0]
				},
				"torso": {
					"position": [0, "0+0.1*math.sin(q.anim_time*90*1.5)", 0]
				},
				"neck": {
					"rotation": ["0-1*math.sin(q.anim_time*90*1.5-20)", 0, 0]
				},
				"head_ai": {
					"position": [0, 1, 0]
				},
				"head": {
					"position": [0, -1, -0.1]
				},
				"wing_left_back": {
					"rotation": [74.90986, -28.73889, 20.53518],
					"position": [1.1, 0.3, -2.2]
				},
				"wing_right_back": {
					"rotation": [-104.9099, 28.7389, -20.5352],
					"position": [-0.4, -2, -2.4]
				}
			}
		},
		"animation.floressum.air_idle": {
			"loop": true,
			"animation_length": 4.04167,
			"bones": {
				"wing_left": {
					"rotation": [
						"0.1499+Math.cos((query.anim_time-0.2)*720)*4",
						"12.4739-30-Math.sin((q.anim_time)*40*15)*30",
						"-15.9727+Math.sin((q.anim_time)*200*10)*85"
					]
				},
				"wing_left3": {
					"rotation": [0, 0, "0+Math.sin((q.anim_time-(1.2/10))*90*10)*10"]
				},
				"tail": {
					"rotation": ["40-2*math.sin(q.anim_time*90*4-30)", 0, 0]
				},
				"leg_right": {
					"rotation": [15, 0, 0],
					"position": [0, 0.9, -1.45]
				},
				"leg_right2": {
					"rotation": [-67.5, 0, 0],
					"position": [0, 0.125, -1.425]
				},
				"foot_right": {
					"rotation": [28, 0, 0]
				},
				"claw_back_right": {
					"rotation": [-45, 0, 0]
				},
				"toe_outer_right": {
					"rotation": [30, 0, 0],
					"position": [0, 0.1, -0.1]
				},
				"leg_left": {
					"rotation": [15, 0, 0],
					"position": [0, 1, -1.55]
				},
				"leg_left2": {
					"rotation": [-65, 0, 0],
					"position": [0, 0.1, -1.4]
				},
				"body": {
					"rotation": [-10, 0, 0],
					"position": [0, "Math.sin((q.anim_time-(1.1/10))*90*3)*0.5", 0]
				},
				"toe_back_right": {
					"rotation": [22.5, 0, 0],
					"position": [0, -0.2, 0.1]
				},
				"claw_inner_right": {
					"rotation": [45, 0, 0]
				},
				"claw_back_left": {
					"rotation": [-45, 0, 0]
				},
				"claw_inner_left": {
					"rotation": [45, 0, 0]
				},
				"claw_outer_left": {
					"rotation": [45, 0, 0]
				},
				"neck": {
					"rotation": ["30+1.1*math.sin(q.anim_time*90*4+60)", 0, 0]
				},
				"head": {
					"rotation": [-15, 0, 0],
					"position": [0, -1.1, -0.3]
				},
				"toe_outer_left2": {
					"rotation": [30, 0, 0]
				},
				"toe_inner_left2": {
					"rotation": [30, 0, 0]
				},
				"toe_inner_right2": {
					"rotation": [30, 0, 0]
				},
				"hair2": {
					"rotation": ["0-1*math.sin(q.anim_time*90*4-30)", 0, 0]
				},
				"hair3": {
					"rotation": ["0-0.5*math.sin(q.anim_time*90*8-30)", 0, 0]
				},
				"wing_right": {
					"rotation": ["1.2649+Math.cos((query.anim_time-0.2)*720)*4", "49.9545-30+Math.sin((q.anim_time)*40*15)*30", "12.3471-Math.sin((q.anim_time)*200*10)*85"]
				},
				"wing_right3": {
					"rotation": [0, 0, "0-Math.sin((q.anim_time-(1.2/10))*90*10)*10"]
				},
				"head_ai": {
					"position": [0, 1.7, 0]
				},
				"bone": {
					"rotation": [-15, "Math.sin((q.anim_time-(1.1/15))*90*2)*0.5", 0]
				},
				"wing_left_back": {
					"rotation": [0, "25+Math.sin((q.anim_time)*40*15)*30", "-5+Math.sin((q.anim_time)*200*15)*50"]
				},
				"wing_right_back": {
					"rotation": [0, "-25-Math.sin((q.anim_time)*40*15)*30", "5-Math.sin((q.anim_time)*200*15)*50"]
				},
				"foot_right2": {
					"rotation": [22.5, 0, 0],
					"position": [0, -0.1, 0.1]
				},
				"bone14": {
					"rotation": [42.5, 0, 0]
				},
				"toe_back_right2": {
					"rotation": [32.5, 0, 0],
					"position": [0, -0.2, 0.3]
				},
				"toe_outer_right2": {
					"rotation": [25, 0, 0],
					"position": [0, 0.1, -0.2]
				},
				"bone15": {
					"rotation": [44.96759, -0.21305, -0.34466]
				},
				"bone17": {
					"rotation": [27.5, 0, 0]
				},
				"bone18": {
					"rotation": [-107.5, 0, 0]
				},
				"bone9": {
					"rotation": [-102.5, 0, 0]
				},
				"bone19": {
					"rotation": [27.5, 0, 0]
				},
				"bone20": {
					"rotation": [50, 0, 0]
				},
				"wing_left6": {
					"rotation": [0, 0, "0+Math.sin((q.anim_time-(1.2/10))*90*10)*10"]
				},
				"wing_right6": {
					"rotation": [0, 0, "0-Math.sin((q.anim_time-(1.2/10))*90*10)*10"]
				},
				"bone2": {
					"position": [0, 0, 0]
				}
			}
		},
		"animation.floressum.air_fly": {
			"loop": true,
			"animation_length": 7.08333,
			"bones": {
				"wing_left": {
					"rotation": ["0.7084+Math.cos((query.anim_time-0.2)*720)*4", "-17.477+Math.sin((q.anim_time)*40*15)*30", "-3.9533+Math.sin((q.anim_time)*120*15)*50"],
					"position": [-0.1, 0, 0]
				},
				"wing_left3": {
					"rotation": [0, 0, "Math.sin((q.anim_time-(1.2/15))*90*15)*30"]
				},
				"torso": {
					"rotation": [-22.5, 0, 0]
				},
				"tail": {
					"rotation": ["7.5+1*math.sin(q.anim_time*90*8)", 0, 0]
				},
				"leg_right": {
					"position": [0, 0.9, -1.45]
				},
				"leg_right2": {
					"rotation": [-67.5, 0, 0],
					"position": [0, 0.125, -1.425]
				},
				"foot_right": {
					"rotation": [28, 0, 0]
				},
				"claw_back_right": {
					"rotation": [-45, 0, 0]
				},
				"toe_outer_right": {
					"rotation": [30, 0, 0],
					"position": [0, 0.1, -0.1]
				},
				"leg_left": {
					"position": [0, 1, -1.55]
				},
				"leg_left2": {
					"rotation": [-65, 0, 0],
					"position": [0, 0.1, -1.4]
				},
				"body": {
					"rotation": [12.5, 0, 0],
					"position": [0, "Math.sin((q.anim_time-(1.1/15))*90*2)*0.5", 0]
				},
				"head": {
					"rotation": [-10, 0, 0],
					"position": [0, -1.7, -0.2]
				},
				"toe_back_right": {
					"rotation": [22.5, 0, 0],
					"position": [0, -0.2, 0.1]
				},
				"claw_inner_right": {
					"rotation": [45, 0, 0]
				},
				"claw_back_left": {
					"rotation": [-45, 0, 0]
				},
				"claw_inner_left": {
					"rotation": [45, 0, 0]
				},
				"claw_outer_left": {
					"rotation": [45, 0, 0]
				},
				"neck": {
					"rotation": ["63+1*math.sin(q.anim_time*90*2)", 0, 0]
				},
				"toe_outer_left2": {
					"rotation": [60, 0, 0]
				},
				"toe_inner_left2": {
					"rotation": [60, 0, 0]
				},
				"hair2": {
					"rotation": ["0+1*math.sin(q.anim_time*90*8)", 0, 0]
				},
				"hair3": {
					"rotation": ["32.5+1*math.sin(q.anim_time*90*8)", 0, 0]
				},
				"head_ai": {
					"rotation": [-37.5, 0, 0],
					"position": [0, 2, 3.1]
				},
				"wing_right": {
					"rotation": ["-1.1653-Math.cos((query.anim_time-0.2)*720)*4", "17.4969-Math.sin((q.anim_time)*40*15)*30", "5.4027-Math.sin((q.anim_time)*120*15)*50"],
					"position": [0.1, 0, 0]
				},
				"wing_right3": {
					"rotation": [0, 0, "-Math.sin((q.anim_time-(1.2/15))*90*15)*30"]
				},
				"bone": {
					"rotation": [-20, "Math.sin((q.anim_time-(1.1/15))*90*2)*0.5", 0],
					"position": [0, 0, -0.15]
				},
				"wing_left_back": {
					"rotation": [0, "30-Math.sin((q.anim_time)*rotationspeed*15)*30", "5+Math.sin((q.anim_time)*wingspeed*15)*50"]
				},
				"wing_right_back": {
					"rotation": [0, "-30+Math.sin((q.anim_time)*rotationspeed*15)*30", "-5-Math.sin((q.anim_time)*wingspeed*15)*50"]
				},
				"foot_right2": {
					"rotation": [22.5, 0, 0],
					"position": [0, -0.1, 0.1]
				},
				"bone14": {
					"rotation": [42.5, 0, 0]
				},
				"toe_back_right2": {
					"rotation": [32.5, 0, 0],
					"position": [0, -0.2, 0.3]
				},
				"toe_outer_right2": {
					"rotation": [25, 0, 0],
					"position": [0, 0.1, -0.2]
				},
				"bone15": {
					"rotation": [44.96759, -0.21305, -0.34466]
				},
				"bone17": {
					"rotation": [27.5, 0, 0]
				},
				"bone18": {
					"rotation": [-107.5, 0, 0]
				},
				"bone9": {
					"rotation": [-102.5, 0, 0]
				},
				"bone19": {
					"rotation": [27.5, 0, 0]
				},
				"bone20": {
					"rotation": [50, 0, 0]
				},
				"wing_left6": {
					"rotation": [0, 0, "0+Math.sin((q.anim_time-(1.2/15))*90*15)*30"]
				},
				"wing_right6": {
					"rotation": [0, 0, "0-Math.sin((q.anim_time-(1.2/15))*90*15)*30"]
				}
			}
		},
		"animation.floressum.sleep": {
			"loop": true,
			"bones": {
				"torso": {
					"rotation": ["12.5+0.4*math.sin(q.anim_time*90*1.5)", 0, 0],
					"position": [0, -3, 0]
				},
				"crest": {
					"rotation": [7.5, 0, 0]
				},
				"eyelid_right": {
					"position": [-0.1, 0, -0.1]
				},
				"eyelid_left": {
					"position": [0.1, 0, -0.1]
				},
				"wing_left": {
					"rotation": [130.06207, -70.99367, -41.65108],
					"position": [0, 0.9, -3.2]
				},
				"wing_left2": {
					"rotation": [0, 0, 0],
					"position": [-1.5, 0, 0]
				},
				"wing_left3": {
					"rotation": [0, 0, 0]
				},
				"tail": {
					"rotation": [50, 0, 0]
				},
				"toe_outer_left": {
					"rotation": [0, 5, 0]
				},
				"toe_inner_left": {
					"rotation": [0, -5, 0]
				},
				"toe_outer_right": {
					"rotation": [0, -5, 0]
				},
				"toe_inner_right": {
					"rotation": [0, 5, 0]
				},
				"wing_right": {
					"rotation": [128.93002, 70.56671, 40.58212],
					"position": [0.3, 1.5, -4.5]
				},
				"wing_right2": {
					"rotation": [0, 0, 0]
				},
				"wing_right3": {
					"rotation": [0, 0, 0]
				},
				"wing_left_back": {
					"rotation": [80.43923, -34.76073, 6.16562],
					"position": [0.6, 0, -2.4]
				},
				"wing_right_back": {
					"rotation": [81.16121, 32.29283, -5.34055],
					"position": [-0.8, 0.3, -2.6]
				}
			}
		},
		"animation.floressum.blink": {
			"animation_length": 0.16667,
			"bones": {
				"eyelid_right": {
					"position": {
						"0.0": [0, 0, -1.091],
						"0.125": [0, 0, -0.091],
						"0.1667": [0, 0, 0]
					}
				},
				"eyelid_left": {
					"position": {
						"0.0": [0, 0, -1.091],
						"0.125": [0, 0, -0.091],
						"0.1667": [0, 0, 0]
					}
				}
			}
		}
	}
}