{
	"format_version": "1.8.0",
	"animations": {
		"animation.ivysaur_egho.ground_idle": {
			"loop": true,
			"animation_length": 5.70833,
			"bones": {
				"torso": {
					"rotation": ["math.sin(q.anim_time*90*3)*0.2", 0, 0],
					"position": [
						"math.clamp(math.sin(q.anim_time*90*3)*0.1,-0.18,0.18)+math.clamp(math.sin(q.anim_time*90*3)*0.1,-1,1)",
						"math.clamp(math.sin(q.anim_time*90*6+180)*0.1,-0.03,0.03)+math.clamp(math.sin(q.anim_time*90*6+180)*0.05,-0.5,0.5)",
						0
					]
				},
				"bulb": {
					"rotation": [0, 0, "math.clamp(math.sin(q.anim_time*90*3-30)*2,-1.8,1.8)+math.clamp(math.sin(q.anim_time*90*3-30)*1,-1,1)"],
					"position": [0, 0, 0]
				},
				"head": {
					"rotation": [0, 0, "math.clamp(math.sin(q.anim_time*90*3+60)*0.6,-0.3,0.3)+math.clamp(math.sin(q.anim_time*90*3+60)*1.2,-1.2,1.2)"]
				},
				"leg_front_right": {
					"rotation": [0, 0, "math.clamp(math.sin(q.anim_time*90*3)*2,-1,1)+math.clamp(math.sin(q.anim_time*90*3)*1,-1,1)"],
					"position": ["math.clamp(math.sin(q.anim_time*90*3)*0.2,-0.1,0.1)+math.clamp(math.sin(q.anim_time*90*3)*0.08,-1,1)", 0, 0]
				},
				"leg_front_left": {
					"rotation": [0, 0, "math.clamp(math.sin(q.anim_time*90*3)*2,-1,1)+math.clamp(math.sin(q.anim_time*90*3)*1,-1,1)"],
					"position": ["math.clamp(math.sin(q.anim_time*90*3)*0.2,-0.1,0.1)+math.clamp(math.sin(q.anim_time*90*3)*0.08,-1,1)", 0, 0]
				},
				"leg_back_right": {
					"rotation": [0, 0, "math.clamp(math.sin(q.anim_time*90*3)*2,-1,1)+math.clamp(math.sin(q.anim_time*90*3)*1,-1,1)"],
					"position": ["math.clamp(math.sin(q.anim_time*90*3)*0.2,-0.1,0.1)+math.clamp(math.sin(q.anim_time*90*3)*0.08,-1,1)", 0, 0]
				},
				"leg_back_left": {
					"rotation": [0, 0, "math.clamp(math.sin(q.anim_time*90*3)*2,-1,1)+math.clamp(math.sin(q.anim_time*90*3)*1,-1,1)"],
					"position": ["math.clamp(math.sin(q.anim_time*90*3)*0.2,-0.1,0.1)+math.clamp(math.sin(q.anim_time*90*3)*0.08,-1,1)", 0, 0]
				},
				"bone": {
					"rotation": [0, -60, 0],
					"position": [1.1, 0, 0]
				},
				"bone2": {
					"rotation": [-29.91378, -31.92228, 29.61293],
					"position": [0.7, 0, 0.4]
				},
				"bone3": {
					"rotation": [0, 0, 12.5]
				},
				"bone4": {
					"rotation": [0, 62.5, 0],
					"position": [-1.6, 0, 0]
				},
				"bone5": {
					"rotation": [0, 12.5, -7.5]
				},
				"bone6": {
					"rotation": [0, 12.5, 0],
					"position": [0, 0, -0.7]
				},
				"bone7": {
					"rotation": [0.44067, 9.99038, 12.53852]
				},
				"bone8": {
					"rotation": [0, 17.5, 0]
				},
				"bone9": {
					"rotation": [0, -2.5, -40]
				},
				"bone10": {
					"rotation": [-29.15172, 20.43663, 76.5527],
					"position": [0.2, 0, -0.6]
				},
				"bone11": {
					"rotation": [0, 37.5, 10],
					"position": [-1.5, -0.4, 0]
				},
				"bone12": {
					"rotation": [0, 0, -10],
					"position": [0.4, 0, -0.6]
				},
				"bone13": {
					"rotation": [-22.01816, -4.75113, -11.57518],
					"position": [0.8, 0, -0.9]
				},
				"bone14": {
					"rotation": [0, 35, 0],
					"position": [0, 0, -1]
				},
				"bone15": {
					"rotation": [9.04209, -50.34446, -62.92541],
					"position": [-5, 6.1, 7]
				},
				"bone16": {
					"rotation": [35, 0, 0],
					"position": [0, -1.1, -0.4]
				},
				"bone17": {
					"rotation": [67.5, 0, 0],
					"position": [0, -1.4, 0]
				},
				"bone18": {
					"rotation": [-17.5, 0, 0]
				},
				"bone19": {
					"rotation": [-136.8569, 7.13136, 10.29284],
					"position": [-0.6, -1.1, -2.2]
				},
				"bone20": {
					"rotation": [-12.5, 0, 0],
					"position": [0, -0.4, -0.6]
				}
			}
		},
		"animation.ivysaur_egho.ground_walk": {
			"loop": true,
			"animation_length": 2,
			"bones": {
				"bulb": {
					"rotation": ["-4*(math.sin(q.anim_time*90*6)*1+1)", 0, 0]
				},
				"head": {
					"rotation": [0, 0, 0]
				},
				"leg_front_right": {
					"rotation": [
						"math.clamp(math.sin(-q.anim_time*90*3)*40,-50,5)+math.clamp(math.sin(q.anim_time*90*3)*40,-50,5)+math.clamp(math.sin(-q.anim_time*90*6)*25,-15,50)",
						0,
						0
					],
					"position": [-0.1, "-math.clamp(0.5*(math.sin(q.anim_time*90*6+30)*1.5),-1,0)", 0]
				},
				"leg_front_left": {
					"rotation": [
						"math.clamp(math.sin(-q.anim_time*90*3)*40,-50,5)+math.clamp(math.sin(q.anim_time*90*3)*40,-50,5)+math.clamp(math.sin(-q.anim_time*90*6)*25,-15,50)",
						0,
						0
					],
					"position": [0.1, "-math.clamp(0.5*(math.sin(q.anim_time*90*6+30)*1.5),-1,0)", 0]
				},
				"leg_back_right": {
					"rotation": ["math.clamp(math.sin(q.anim_time*90*6)*20,-17.5,50)-math.clamp(math.sin(-q.anim_time*90*6)*3,0,8)", 0, 0],
					"position": [
						0,
						"-math.clamp(math.sin(q.anim_time*90*6)*1.5,0,2)-math.clamp(math.sin(-q.anim_time*90*6)*0.5,0,2)",
						"-0.25+math.clamp(math.sin(q.anim_time*90*6-30)*1,0,2)"
					]
				},
				"leg_back_left": {
					"rotation": ["math.clamp(math.sin(q.anim_time*90*6)*20,-17.5,50)-math.clamp(math.sin(-q.anim_time*90*6)*3,0,8)", 0, 0],
					"position": [
						0,
						"-math.clamp(math.sin(q.anim_time*90*6)*1.5,0,2)-math.clamp(math.sin(-q.anim_time*90*6)*0.5,0,2)",
						"-0.25+math.clamp(math.sin(q.anim_time*90*6-30)*1,0,2)"
					]
				},
				"body": {
					"rotation": ["6*(math.sin(q.anim_time*90*6-120)*1+1)", 0, 0],
					"position": [0, "math.clamp(1*(math.sin(q.anim_time*90*6)*1.5),0,2)", "-math.clamp(math.sin(q.anim_time*90*6-30)*1.5,0,2)"]
				},
				"bone": {
					"rotation": [0, -60, 0],
					"position": [1.1, 0, 0]
				},
				"bone2": {
					"rotation": [-29.91378, -31.92228, 29.61293],
					"position": [0.7, 0, 0.4]
				},
				"bone3": {
					"rotation": [0, 0, 12.5]
				},
				"bone4": {
					"rotation": [0, 62.5, 0],
					"position": [-1.6, 0, 0]
				},
				"bone5": {
					"rotation": [0, 12.5, -7.5]
				},
				"bone6": {
					"rotation": [0, 12.5, 0],
					"position": [0, 0, -0.7]
				},
				"bone7": {
					"rotation": [0.44067, 9.99038, 12.53852]
				},
				"bone8": {
					"rotation": [0, 17.5, 0]
				},
				"bone9": {
					"rotation": [0, -2.5, -40]
				},
				"bone10": {
					"rotation": [-29.15172, 20.43663, 76.5527],
					"position": [0.2, 0, -0.6]
				},
				"bone11": {
					"rotation": [0, 37.5, 10],
					"position": [-1.5, -0.4, 0]
				},
				"bone12": {
					"rotation": [0, 0, -10],
					"position": [0.4, 0, -0.6]
				},
				"bone13": {
					"rotation": [-22.01816, -4.75113, -11.57518],
					"position": [0.8, 0, -0.9]
				},
				"bone14": {
					"rotation": [0, 35, 0],
					"position": [0, 0, -1]
				},
				"bone15": {
					"rotation": [-10, -46, -57.5],
					"position": [-3.5, 5.8, 6.2]
				},
				"bone16": {
					"rotation": [35, 0, 0],
					"position": [0, -1.1, -0.4]
				},
				"bone17": {
					"rotation": [67.5, 0, 0],
					"position": [0, -1.4, 0]
				},
				"bone18": {
					"rotation": [-17.5, 0, 0]
				},
				"bone19": {
					"rotation": [-136.8569, 7.13136, 10.29284],
					"position": [-0.6, -1.1, -2.2]
				},
				"bone20": {
					"rotation": [-12.5, 0, 0],
					"position": [0, -0.4, -0.6]
				}
			}
		},
		"animation.ivysaur_egho.blink": {
			"animation_length": 0.16667,
			"bones": {
				"eyelid_right": {
					"position": {
						"0.0": [-0.1, 0, -0.1],
						"0.125": [-0.1, 0, -0.1],
						"0.1667": [0, 0, 0]
					}
				},
				"eyelid_left": {
					"position": {
						"0.0": [0.1, 0, -0.1],
						"0.125": [0.1, 0, -0.1],
						"0.1667": [0, 0, 0]
					}
				}
			}
		}
	}
}