{
  "implemented": true,
  "name": "joltikx",
  "nationalPokedexNumber": 595,
  "primaryType": "bug",
  "secondaryType": "ice",
  "abilities": [
    "compoundeyes",
    "shielddust",
    "h:refrigerate"
  ],
  "baseStats": {
    "hp": 50,
    "attack": 47,
    "defence": 40,
    "special_attack": 57,
    "special_defence": 40,
    "speed": 85
  },
  "behaviour": {
    "resting": {
        "canSleep": true,
        "willSleepOnBed": false,        "depth": "normal",
        "light": "0-6"
    },
    "moving": {
        "fly": {
            "canFly": false
        },
        "canLook": true,
        "walk": {
            "canWalk": true,
            "avoidsLand": false
        },
        "swim": {
            "swimSpeed": 0.1,
            "canSwimInWater": true,
            "canBreatheUnderwater": false
        },
        "wanderChance": 1.0
    }
  },
  "catchRate": 45,
  "maleRatio": 0.5,
  "shoulderMountable": false,
  "baseExperienceYield": 64,
  "experienceGroup": "medium_fast",
  "eggCycles": 50,
  "eggGroups": [
    "undiscovered"
  ],
  "moves": [
    "1:beatup",
    "1:furycutter",
    "4:powdersnow",
    "8:bugbite",
    "12:icywind",
    "16:mist",
    "20:frostbreath",
    "24:agility",
    "28:suckerpunch",
    "32:slash",
    "37:freezedry",
    "40:screech",
    "44:bugbuzz",
    "48:blizzard",
    "tm:toxic",
    "tm:hail",
    "tm:hiddenpower",
    "tm:icebeam",
    "tm:blizzard",
    "tm:lightscreen",
    "tm:protect",
    "tm:raindance",
    "tm:return",
    "tm:doubleteam",
    "tm:leechlife",
    "tm:facade",
    "tm:rest",
    "tm:attract",
    "tm:thief",
    "tm:round",
    "tm:frostbreath",
    "tm:xscissor",
    "tm:infestation",
    "tm:swagger",
    "tm:substitute",
    "tutor:bounce",
    "tutor:bugbite",
    "tutor:icywind",
    "tutor:secretpower",
    "tutor:signalbeam",
    "tutor:snore",
    "tutor:strugglebug"  ],
  "labels": [
    "xenoverse",
    "gen5"
  ],
  "pokedex": [
    "cobblemon.species.joltikx.desc"
  ],
  "evolutions": [
    {
      "id": "joltikx_galvantulax",
      "variant": "level_up",
      "result": "galvantulax",
      "consumeHeldItem": false,
      "learnableMoves": [],
      "requirements": [
        {
          "variant": "level",
          "minLevel": 36
        }
      ]   
 }
  ],
  "baseScale": 0.4,
  "hitbox": {
    "width": 0.6,
    "height": 0.6,
    "fixed": false
  },
  "baseFriendship": 70,
  "evYield": {
    "hp": 0,
    "attack": 0,
    "defence": 0,
    "special_attack": 0,
    "special_defence": 0,
    "speed": 1
  },
  "height": 1,
  "weight": 3,
  "aspects": [],
"features": [

  ],  "cannotDynamax": false
}