{
	"head": "head",
  "portraitScale": 1.8,
  "portraitTranslation": [0.0, 0.2, 0.0],
  "profileScale": 0.7,
  "profileTranslation": [0.0, 0.6, 0.0],
  "poses": {
      "standing": {
        "poseName": "standing",
        "transformTicks": 10,
        "poseTypes": ["STAND", "NONE", "PORTRAIT", "PROFILE"],
        "animations": [
          "look",
          "bedrock(pikachu_x_female, ground_idle)"
        ],
        "quirks": [
          {
            "name": "blink",
            "animations": ["bedrock(pikachu_x_female, blink)"]
          }
        ]
      },
	  "walking": {
        "poseName": "walking",
        "transformTicks": 10,
        "poseTypes": ["WALK"],
        "animations": [
          "look",
          "bedrock(pikachu_x_female, ground_walk)"
        ],
        "quirks": [
          {
            "name": "blink",
            "animations": ["bedrock(pikachu_x_female, blink)"]
          }
        ]
      }
	}
}