{
	
  "portraitScale": 2,
  "portraitTranslation": [0.0, -0.0, 0.0],
  "profileScale": 0.7,
  "profileTranslation": [0.0, 0.75, 0.0],
  "faint": "bedrock(charmander_egho, faint)",
  "head": "head",
    "poses": {
      "standing": {
        "poseName": "standing",
        "transformTicks": 10,
        "poseTypes": ["STAND", "NONE", "FLOAT", "SWIM", "PORTRAIT", "PROFILE"],
        "animations": [
          "look",
          "bedrock(charmander_egho, ground_idle)"
        ],
        "quirks": [
          {
            "name": "blink",
            "animations": ["bedrock(charmander_egho, blink)"]
          }
        ]
      },
      "walking": {
        "poseName": "walking",
        "transformTicks": 10,
        "poseTypes": ["WALK"],
        "animations": [
          "look",
          "bedrock(charmander_egho, ground_walk)"
        ],
        "quirks": [
          {
            "name": "blink",
            "animations": ["bedrock(charmander_egho, blink)"]
          }
        ]
      }
    }
  
}