{
    "head": "head",
    "portraitScale": 1.9,
    "portraitTranslation": [-0.4, 0.58, 0],
    "profileScale": 0.8,
    "profileTranslation": [0, 0.6, 0],
    "poses": {
      "standing": {
        "poseName": "standing",
        "transformTicks": 10,
        "poseTypes": ["STAND", "NONE", "PORTRAIT", "PROFILE"],
        "animations": [
          "look",
          "bedrock(pyroat, ground_idle)"
        ],
        "quirks": [
          {
            "name": "blink",
            "animations": ["bedrock(pyroat, blink)"]
          }
        ]
      },
	  "walking": {
        "poseName": "walking",
        "transformTicks": 10,
        "poseTypes": ["WALK"],
        "animations": [
          "look",
          "bedrock(pyroat, ground_walk)"
        ],
        "quirks": [
          {
            "name": "blink",
            "animations": ["bedrock(pyroat, blink)"]
          }
        ]
      }
	}
  }