{
  "portraitScale": 2.3,
  "portraitTranslation": [0.0, -1.1, 0.0],
  "profileScale": 1,
  "profileTranslation": [0.0, 0.1, 0.0],
    "poses": {
      "standing": {
        "poseName": "standing",
        "transformTicks": 10,
        "poseTypes": ["STAND", "NONE", "WALK", "PORTRAIT", "PROFILE"],
        "animations": [
          "bedrock(katuna, ground_idle)"
        ]
      },
      "swimming": {
        "poseName": "swimming",
        "transformTicks": 10,
        "poseTypes": ["SWIM"],
        "animations": [
          "bedrock(katuna, water_swim)"
        ]
      },
      "floating": {
        "poseName": "floating",
        "transformTicks": 10,
        "poseTypes": ["FLOAT"],
        "animations": [
          "bedrock(katuna, water_idle)"
        ]
      }
    }
}