{
	"format_version": "1.12.0",
	"minecraft:geometry": [
		{
			"description": {
				"identifier": "geometry.shyleon",
				"texture_width": 48,
				"texture_height": 48,
				"visible_bounds_width": 4,
				"visible_bounds_height": 2.5,
				"visible_bounds_offset": [0, 0.75, 0]
			},
			"bones": [
				{
					"name": "root",
					"pivot": [0, 0, 0]
				},
				{
					"name": "head",
					"parent": "root",
					"pivot": [0, 8, 0]
				},
				{
					"name": "head_2",
					"parent": "head",
					"pivot": [0, 8, 0]
				},
				{
					"name": "mask",
					"parent": "head_2",
					"pivot": [0, 9.9, -0.3],
					"cubes": [
						{"origin": [-0.4, 9.6, -3.1], "size": [4, 7, 1], "inflate": -0.2, "pivot": [3.7, 11.75, -2.85], "rotation": [0, -18.5, 0], "uv": [26, 21]},
						{"origin": [-3.6, 9.6, -3.1], "size": [4, 7, 1], "inflate": -0.2, "pivot": [-3.7, 11.75, -2.85], "rotation": [0, 18.5, 0], "uv": [26, 21], "mirror": true},
						{"origin": [-0.4, 9.6, -3.1], "size": [4, 7, 1], "inflate": -0.2, "pivot": [3.7, 11.75, -2.85], "rotation": [0, -18.5, 0], "uv": [26, 21]}
					]
				},
				{
					"name": "eye_hole",
					"parent": "mask",
					"pivot": [0, 13.1, -6.225],
					"cubes": [
						{"origin": [1.7, 13.4, -4.675], "size": [2, 1, 1], "inflate": -0.4, "pivot": [0, 13.1, -6.225], "rotation": [2.5, -18.5, -5], "uv": [19, 13]},
						{"origin": [1.1, 12.2, -4.675], "size": [3, 2, 1], "inflate": -0.4, "pivot": [0, 13.1, -6.225], "rotation": [2.5, -18.5, -5], "uv": [9, 22]},
						{"origin": [1.7, 12, -4.675], "size": [2, 1, 1], "inflate": -0.4, "pivot": [0, 13.1, -6.225], "rotation": [2.5, -18.5, -5], "uv": [13, 13]},
						{"origin": [-3.7, 13.4, -4.675], "size": [2, 1, 1], "inflate": -0.4, "pivot": [0, 13.1, -6.225], "rotation": [2.5, 18.5, 5], "uv": [19, 13], "mirror": true},
						{"origin": [-4.1, 12.2, -4.675], "size": [3, 2, 1], "inflate": -0.4, "pivot": [0, 13.1, -6.225], "rotation": [2.5, 18.5, 5], "uv": [9, 22], "mirror": true},
						{"origin": [-3.7, 12, -4.675], "size": [2, 1, 1], "inflate": -0.4, "pivot": [0, 13.1, -6.225], "rotation": [2.5, 18.5, 5], "uv": [13, 13], "mirror": true}
					]
				},
				{
					"name": "top",
					"parent": "eye_hole",
					"pivot": [-2, 8.65, 1.65],
					"cubes": [
						{"origin": [-2.5, 10.15, -2.8], "size": [5, 5, 5], "uv": [0, 0]}
					]
				},
				{
					"name": "neck",
					"parent": "top",
					"pivot": [0, 11, -3.4],
					"cubes": [
						{"origin": [-2, 8.9, -2.9], "size": [4, 3, 5], "inflate": -0.1, "uv": [15, 5]}
					]
				},
				{
					"name": "torso",
					"parent": "head",
					"pivot": [0, 2.05, 0]
				},
				{
					"name": "top_torso",
					"parent": "torso",
					"pivot": [0, 6.05, 0],
					"cubes": [
						{"origin": [-1.5, 7, -2.1], "size": [3, 2, 4], "uv": [22, 13]}
					]
				},
				{
					"name": "bottom_torso",
					"parent": "top_torso",
					"pivot": [0, 8.05, -2],
					"cubes": [
						{"origin": [0.5, 3.1, -2.25], "size": [2, 4, 4], "inflate": -0.2, "uv": [14, 22]},
						{"origin": [-2.5, 3.1, -2.25], "size": [2, 4, 4], "inflate": -0.2, "uv": [14, 22], "mirror": true},
						{"origin": [-2, 2.85, -2.75], "size": [4, 5, 5], "inflate": -0.2, "uv": [0, 10]}
					]
				},
				{
					"name": "tail",
					"parent": "bottom_torso",
					"pivot": [0, 4.05, 1.75],
					"cubes": [
						{"origin": [-1, 3.1, 0.9], "size": [2, 2, 5], "inflate": 0.2, "uv": [0, 20]}
					]
				},
				{
					"name": "tail_mid_1",
					"parent": "tail",
					"pivot": [0, 3.95, 5.5],
					"cubes": [
						{"origin": [-1, 2.9, 5], "size": [2, 2, 5], "inflate": -0.1, "uv": [13, 15]}
					]
				},
				{
					"name": "tail_mid_2",
					"parent": "tail_mid_1",
					"pivot": [0, 3.7, 9.5],
					"cubes": [
						{"origin": [-1, 2.8, 9], "size": [2, 2, 4], "inflate": -0.3, "uv": [28, 0]}
					]
				},
				{
					"name": "tail_tip_1",
					"parent": "tail_mid_2",
					"pivot": [0, 4.2, 12.05],
					"cubes": [
						{"origin": [-1, 2.7, 11.55], "size": [2, 2, 4], "inflate": -0.5, "uv": [0, 27]}
					]
				},
				{
					"name": "tail_tip_2",
					"parent": "tail_tip_1",
					"pivot": [0, 3.75, 14.75],
					"cubes": [
						{"origin": [-1, 2.675, 13.85], "size": [2, 2, 3], "inflate": -0.6, "uv": [0, 33]},
						{"origin": [-1, 2.95631, 14.80238], "size": [2, 2, 2], "inflate": -0.5, "pivot": [0, 3.45, 15.85], "rotation": [-25, 0, 0], "uv": [33, 29]}
					]
				},
				{
					"name": "thigh_left",
					"parent": "torso",
					"pivot": [2.85, 6.025, 0.15],
					"cubes": [
						{"origin": [1.35, 1.9, -1.55], "size": [2, 4, 3], "inflate": -0.1, "uv": [23, 29]}
					]
				},
				{
					"name": "bone2",
					"parent": "thigh_left",
					"pivot": [3.075, 4.1, -1.05],
					"rotation": [0, 5, 0],
					"cubes": [
						{"origin": [2.475, 3.05311, 0.1425], "size": [1, 2, 1], "uv": [0, 20]},
						{"origin": [2.475, 3.05311, -0.8575], "size": [1, 2, 1], "uv": [0, 10]},
						{"origin": [2.475, 3.05311, -1.8575], "size": [1, 2, 1], "uv": [0, 0]}
					]
				},
				{
					"name": "leg_left",
					"parent": "thigh_left",
					"pivot": [2.35, 2.775, 0.65],
					"cubes": [
						{"origin": [1.85, 1.09657, -0.17287], "size": [1, 2, 1], "inflate": 0.3, "pivot": [2.25, 3.3, 0.35], "rotation": [20, 0, 0], "uv": [22, 22]}
					]
				},
				{
					"name": "feet_left",
					"parent": "leg_left",
					"pivot": [2.85, 1.775, 1.15],
					"cubes": [
						{"origin": [1.35, 0.70708, -1.18514], "size": [2, 1, 3], "pivot": [2.25, 1.55, 1], "rotation": [20, 0, 0], "uv": [33, 16]}
					]
				},
				{
					"name": "toe_left",
					"parent": "feet_left",
					"pivot": [2.85, 0.525, -0.85]
				},
				{
					"name": "toe_1",
					"parent": "toe_left",
					"pivot": [2.85, 0.525, -0.85],
					"cubes": [
						{"origin": [2.35, 0.01364, -2.80417], "size": [1, 1, 2], "uv": [24, 0]}
					]
				},
				{
					"name": "toe_2",
					"parent": "toe_left",
					"pivot": [1.85, 0.525, -0.85],
					"cubes": [
						{"origin": [1.35, 0.01364, -2.80417], "size": [1, 1, 2], "uv": [8, 27]}
					]
				},
				{
					"name": "thigh_right",
					"parent": "torso",
					"pivot": [-2.85, 5.775, 0.15],
					"cubes": [
						{"origin": [-3.35, 1.9, -1.55], "size": [2, 4, 3], "inflate": -0.1, "uv": [23, 29], "mirror": true}
					]
				},
				{
					"name": "bone",
					"parent": "thigh_right",
					"pivot": [-3.075, 4.1, -1.05],
					"rotation": [0, -5, 0],
					"cubes": [
						{"origin": [-3.475, 3.05311, 0.1425], "size": [1, 2, 1], "uv": [0, 20], "mirror": true},
						{"origin": [-3.475, 3.05311, -0.8575], "size": [1, 2, 1], "uv": [0, 10], "mirror": true},
						{"origin": [-3.475, 3.05311, -1.8575], "size": [1, 2, 1], "uv": [0, 0], "mirror": true}
					]
				},
				{
					"name": "leg_right",
					"parent": "thigh_right",
					"pivot": [-2.85, 3.525, 0.15],
					"cubes": [
						{"origin": [-2.85, 1.09657, -0.17287], "size": [1, 2, 1], "inflate": 0.3, "pivot": [-2.25, 3.3, 0.35], "rotation": [20, 0, 0], "uv": [22, 22], "mirror": true}
					]
				},
				{
					"name": "feet_right",
					"parent": "leg_right",
					"pivot": [-2.85, 1.525, 1.05],
					"cubes": [
						{"origin": [-3.35, 0.70708, -1.18514], "size": [2, 1, 3], "pivot": [-2.25, 1.55, 1], "rotation": [20, 0, 0], "uv": [33, 16], "mirror": true}
					]
				},
				{
					"name": "toe_right",
					"parent": "feet_right",
					"pivot": [-2.85, 0.525, -0.85]
				},
				{
					"name": "toe_3",
					"parent": "toe_right",
					"pivot": [-2.85, 0.525, -0.85],
					"cubes": [
						{"origin": [-3.35, 0.01364, -2.80417], "size": [1, 1, 2], "uv": [24, 0], "mirror": true}
					]
				},
				{
					"name": "toe_4",
					"parent": "toe_right",
					"pivot": [-1.85, 0.525, -0.85],
					"cubes": [
						{"origin": [-2.35, 0.01364, -2.80417], "size": [1, 1, 2], "uv": [8, 27], "mirror": true}
					]
				},
				{
					"name": "arm_right",
					"parent": "torso",
					"pivot": [-1, 8.4, -1.05],
					"cubes": [
						{"origin": [-4.6, 7.5, -1], "size": [4, 2, 2], "inflate": -0.2, "uv": [10, 31], "mirror": true}
					]
				},
				{
					"name": "arm_mid_right",
					"parent": "arm_right",
					"pivot": [-4.1, 8.4, -0.05],
					"cubes": [
						{"origin": [-8.05, 7.5, -1], "size": [4, 2, 2], "uv": [32, 11], "mirror": true}
					]
				},
				{
					"name": "right_claws",
					"parent": "arm_mid_right",
					"pivot": [-7.8, 8.4, -0.05],
					"rotation": [0, 0, -15],
					"cubes": [
						{"origin": [-8.65659, 9.1038, 0.05], "size": [2, 1, 0], "pivot": [-8.05, 9.4, 0.1], "rotation": [0, 0, 35], "uv": [0, 13], "mirror": true},
						{"origin": [-8.63159, 8.4038, 0.65], "size": [2, 0, 1], "pivot": [-8.05, 8.4, 1.05], "rotation": [0, 35, 0], "uv": [0, 4], "mirror": true},
						{"origin": [-8.63159, 8.4038, -1.65], "size": [2, 0, 1], "pivot": [-8.05, 8.4, -1.05], "rotation": [0, -35, 0], "uv": [0, 3], "mirror": true}
					]
				},
				{
					"name": "arm_left",
					"parent": "torso",
					"pivot": [1.55, 8.25, -0.3],
					"cubes": [
						{"origin": [1.1, 7.25, -1], "size": [4, 2, 2], "inflate": -0.2, "uv": [10, 31]}
					]
				},
				{
					"name": "arm_mid_left",
					"parent": "arm_left",
					"pivot": [4.3, 8.25, -0.25],
					"cubes": [
						{"origin": [4.25, 7.25, -1], "size": [4, 2, 2], "uv": [32, 11]}
					]
				},
				{
					"name": "left_claws",
					"parent": "arm_mid_left",
					"pivot": [8, 8.15, 0],
					"rotation": [0, 0, 15],
					"cubes": [
						{"origin": [6.85659, 8.8538, -0.05], "size": [2, 1, 0], "pivot": [8.25, 9.15, -0.1], "rotation": [0, 0, -35], "uv": [0, 13]},
						{"origin": [6.83159, 8.1538, 0.65], "size": [2, 0, 1], "pivot": [8.25, 8.15, 0.85], "rotation": [0, -35, 0], "uv": [0, 4]},
						{"origin": [6.83159, 8.1538, -1.65], "size": [2, 0, 1], "pivot": [8.25, 8.15, -1.25], "rotation": [0, 35, 0], "uv": [0, 3]}
					]
				},
				{
					"name": "left",
					"parent": "head",
					"pivot": [0, 10, 0],
					"cubes": [
						{"origin": [0.4, 8.05, 0.05], "size": [3, 1, 3], "inflate": -0.1, "pivot": [2, 8.55, 1.95], "rotation": [-35.74762, 50.79145, 3.83446], "uv": [28, 6]},
						{"origin": [0.5, 7.95, -3.45], "size": [3, 1, 3], "pivot": [2, 8.45, -2.25], "rotation": [35.74762, -50.79145, 3.83446], "uv": [15, 0]}
					]
				},
				{
					"name": "right",
					"parent": "head",
					"pivot": [0, 10, 0],
					"cubes": [
						{"origin": [-3.5, 7.95, -3.45], "size": [3, 1, 3], "pivot": [-2, 8.45, -2.25], "rotation": [35.74762, 50.79145, -3.83446], "uv": [15, 0], "mirror": true},
						{"origin": [-3.4, 8.05, 0.05], "size": [3, 1, 3], "inflate": -0.1, "pivot": [-2, 8.55, 1.95], "rotation": [-35.74762, -50.79145, -3.83446], "uv": [28, 6], "mirror": true}
					]
				}
			]
		}
	]
}