{
	"format_version": "1.12.0",
	"minecraft:geometry": [
		{
			"description": {
				"identifier": "geometry.unknown",
				"texture_width": 64,
				"texture_height": 64,
				"visible_bounds_width": 3,
				"visible_bounds_height": 2.5,
				"visible_bounds_offset": [0, 0.75, 0]
			},
			"bones": [
				{
					"name": "bulbasaur",
					"pivot": [0, 0, 0]
				},
				{
					"name": "body",
					"parent": "bulbasaur",
					"pivot": [0, 4.4981, 0.5436]
				},
				{
					"name": "torso",
					"parent": "body",
					"pivot": [0, 4.4981, 0.54358],
					"cubes": [
						{"origin": [-4, 1.9981, -4.95642], "size": [8, 5, 11], "pivot": [0, 4.4981, 0.54358], "rotation": [-5, 0, 0], "uv": [0, 0]}
					]
				},
				{
					"name": "bulb",
					"parent": "torso",
					"pivot": [0, 6, 2.25],
					"rotation": [-15, 0, 0],
					"cubes": [
						{"origin": [-3.5, 6, -1.75], "size": [7, 7, 7], "uv": [0, 31]},
						{"origin": [0.4, 5.5, -2.8], "size": [0, 9, 10], "pivot": [0, 6, 2.25], "rotation": [0, 90, 0], "uv": [0, 6]},
						{"origin": [0, 5.5, -3.25], "size": [0, 9, 10], "uv": [0, 6]},
						{"origin": [0, 5.5, -4.25], "size": [0, 9, 12], "pivot": [0.025, 10, 1.825], "rotation": [0, 45, 0], "uv": [28, 19], "mirror": true},
						{"origin": [0, 5.5, -4.25], "size": [0, 9, 12], "pivot": [-0.025, 10, 1.825], "rotation": [0, -45, 0], "uv": [28, 19]}
					]
				},
				{
					"name": "head",
					"parent": "torso",
					"pivot": [0, 4.5, -3.5],
					"rotation": [-5, 0, 0],
					"cubes": [
						{"origin": [-4.5, 4.5, -8.25], "size": [9, 6, 6], "inflate": 0.01, "uv": [16, 19]},
						{"origin": [-4.5, 3.5, -6.25], "size": [9, 1, 3], "inflate": 0.01, "uv": [27, 0]},
						{"origin": [-4.25, 4, -7.5], "size": [1, 1, 0], "pivot": [-3.75, 4.5, -7.75], "rotation": [30, 25, 50], "uv": [0, 1]},
						{"origin": [3.25, 4, -7.5], "size": [1, 1, 0], "pivot": [3.75, 4.5, -7.75], "rotation": [30, -25, -50], "uv": [0, 0]}
					]
				},
				{
					"name": "jaw",
					"parent": "head",
					"pivot": [0, 4.5, -6.25],
					"cubes": [
						{"origin": [-4.5, 3.5, -8], "size": [9, 1, 2], "uv": [22, 16]}
					]
				},
				{
					"name": "eyes",
					"parent": "head",
					"pivot": [0, 7.5, -7.45]
				},
				{
					"name": "eye_right",
					"parent": "eyes",
					"pivot": [-3.515, 7.5, -7.265],
					"cubes": [
						{"origin": [-4.515, 6, -8.265], "size": [2, 3, 2], "inflate": 0.01, "uv": [8, 25]}
					]
				},
				{
					"name": "eyelid_right",
					"parent": "eye_right",
					"pivot": [-3.415, 7.5, -7.165],
					"cubes": [
						{"origin": [-4.415, 6, -8.165], "size": [2, 3, 2], "inflate": 0.01, "uv": [0, 25]}
					]
				},
				{
					"name": "eye_left",
					"parent": "eyes",
					"pivot": [3.515, 7.5, -7.265],
					"cubes": [
						{"origin": [2.515, 6, -8.265], "size": [2, 3, 2], "uv": [0, 5]}
					]
				},
				{
					"name": "eyelid_left",
					"parent": "eye_left",
					"pivot": [3.415, 7.5, -7.165],
					"cubes": [
						{"origin": [2.415, 6, -8.165], "size": [2, 3, 2], "inflate": 0.01, "pivot": [3.415, 7.5, -7.165], "rotation": [0, -90, 0], "uv": [0, 0]}
					]
				},
				{
					"name": "ears",
					"parent": "head",
					"pivot": [0, 10.5, -4.75]
				},
				{
					"name": "ear_right",
					"parent": "ears",
					"pivot": [-2.75, 10.125, -5],
					"rotation": [0, 40, -17.5],
					"cubes": [
						{"origin": [-4.75, 10, -5], "size": [4, 3, 0], "uv": [27, 7]}
					]
				},
				{
					"name": "ear_left",
					"parent": "ears",
					"pivot": [2.75, 10.125, -5],
					"rotation": [0, -40, 17.5],
					"cubes": [
						{"origin": [0.75, 10, -5], "size": [4, 3, 0], "uv": [27, 4]}
					]
				},
				{
					"name": "leg_front_right",
					"parent": "body",
					"pivot": [-2.75, 4, -3],
					"cubes": [
						{"origin": [-4.25, 0, -4.5], "size": [3, 5, 3], "uv": [28, 40]}
					]
				},
				{
					"name": "leg_front_left",
					"parent": "body",
					"pivot": [2.75, 4, -3],
					"cubes": [
						{"origin": [1.25, 0, -4.5], "size": [3, 5, 3], "uv": [38, 4]}
					]
				},
				{
					"name": "leg_back_right",
					"parent": "body",
					"pivot": [-2.75, 3, 4],
					"cubes": [
						{"origin": [-4.25, 0, 2.5], "size": [3, 4, 3], "uv": [41, 16]}
					]
				},
				{
					"name": "leg_back_left",
					"parent": "body",
					"pivot": [2.75, 3, 4],
					"cubes": [
						{"origin": [1.25, 0, 2.5], "size": [3, 4, 3], "uv": [40, 40]}
					]
				}
			]
		}
	]
}