{
	"format_version": "1.12.0",
	"minecraft:geometry": [
		{
			"description": {
				"identifier": "geometry.fearow",
				"texture_width": 128,
				"texture_height": 128,
				"visible_bounds_width": 7,
				"visible_bounds_height": 2.5,
				"visible_bounds_offset": [0, 0.75, 0]
			},
			"bones": [
				{
					"name": "fearow",
					"pivot": [0, 0, 0]
				},
				{
					"name": "body",
					"parent": "fearow",
					"pivot": [0, 7.45832, 1.45452],
					"cubes": [
						{"origin": [-3.5, 5, -3.5], "size": [7, 7, 10], "pivot": [-0.5, 8, 1], "rotation": [-5, 0, 0], "uv": [25, 17]},
						{"origin": [-5, 3.42446, -4.31828], "size": [10, 7, 0], "pivot": [0, 8.42446, 1.18172], "rotation": [-22.5, 0, 0], "uv": [45, 34]},
						{"origin": [-5, 7.13154, -6.98037], "size": [10, 7, 0], "pivot": [-0.5, 7.13154, -1.48037], "rotation": [-72.5, 0, 0], "uv": [31, 41]}
					]
				},
				{
					"name": "neck",
					"parent": "body",
					"pivot": [-0.5, 10.85, -3.15],
					"cubes": [
						{"origin": [-1, 9.5, -10.25], "size": [2, 2, 7], "pivot": [-0.5, 9.5, 1.25], "rotation": [-5, 0, 0], "uv": [0, 43]},
						{"origin": [-1, 10.07575, -13.8203], "size": [2, 2, 4], "pivot": [0, 11.07575, -12.3203], "rotation": [10, 0, 0], "uv": [14, 48]}
					]
				},
				{
					"name": "head",
					"parent": "neck",
					"pivot": [0, 10.81174, -13.81376],
					"cubes": [
						{"origin": [-1.5, 9.57575, -19.8203], "size": [3, 4, 6], "pivot": [0, 11.07575, -12.3203], "rotation": [10, 0, 0], "uv": [13, 38]},
						{"origin": [2.45698, 7.59475, -15.5858], "size": [0, 7, 8], "pivot": [0.95698, 11.09475, -12.0858], "rotation": [10.34527, 14.76689, 2.66399], "uv": [0, 0]},
						{"origin": [-2.45698, 7.59475, -15.5858], "size": [0, 7, 8], "pivot": [-0.95698, 11.09475, -12.0858], "rotation": [10.34527, -14.76689, -2.66399], "uv": [0, 0], "mirror": true},
						{"origin": [-2.02, 9.41621, -16.88867], "size": [0, 7, 10], "pivot": [-1.02, 13.91621, -16.48867], "rotation": [0, 32.5, -90], "uv": [25, 24]},
						{"origin": [-1, 11.57575, -26.8203], "size": [2, 1, 7], "pivot": [0, 11.07575, -12.3203], "rotation": [10, 0, 0], "uv": [44, 41]},
						{"origin": [-1.001, 9.86222, -26.73202], "size": [2, 1, 1], "inflate": 0.001, "pivot": [-0.001, 10.36222, -26.23202], "rotation": [-17.5, 0, 0], "uv": [0, 35]},
						{"origin": [-0.999, 8.52511, -26.60716], "size": [2, 1, 4], "inflate": -0.001, "pivot": [0.001, 9.02511, -25.10716], "rotation": [17.5, 0, 0], "uv": [26, 48]}
					]
				},
				{
					"name": "eyes",
					"parent": "head",
					"pivot": [0, 11.26107, -18.23962],
					"cubes": [
						{"origin": [-1.55, 9.26107, -19.73962], "size": [1, 4, 4], "inflate": 0.001, "pivot": [-1.55, 11.26107, -18.23962], "rotation": [17.5, 0, 0], "uv": [0, 15], "mirror": true},
						{"origin": [0.55, 9.26107, -19.73962], "size": [1, 4, 4], "inflate": 0.001, "pivot": [1.55, 11.26107, -18.23962], "rotation": [17.5, 0, 0], "uv": [0, 15]},
						{"origin": [-0.95, 12.26107, -20.23962], "size": [2, 1, 2], "pivot": [1.55, 11.26107, -18.23962], "rotation": [17.5, 0, 0], "uv": [7, 0]}
					]
				},
				{
					"name": "jaw",
					"parent": "head",
					"pivot": [0, 9.77609, -19.70097],
					"cubes": [
						{"origin": [-0.5, 10.57575, -23.8203], "size": [1, 1, 5], "pivot": [0, 11.07575, -12.3203], "rotation": [10, 0, 0], "uv": [0, 0]}
					]
				},
				{
					"name": "leftwing",
					"parent": "body",
					"pivot": [3, 11.5, -1],
					"cubes": [
						{"origin": [3, 11.4, -3.6], "size": [7, 0, 5], "inflate": 0.02, "uv": [0, 38]}
					]
				},
				{
					"name": "leftwing2",
					"parent": "leftwing",
					"pivot": [10, 11.5, 0],
					"cubes": [
						{"origin": [10, 11.4, -1.6], "size": [7, 0, 11], "inflate": 0.02, "uv": [0, 27]}
					]
				},
				{
					"name": "leftwing3",
					"parent": "leftwing2",
					"pivot": [17, 11.5, 0],
					"cubes": [
						{"origin": [17, 11.4, -1.6], "size": [26, 0, 16], "inflate": 0.02, "uv": [0, 0]}
					]
				},
				{
					"name": "rightwing4",
					"parent": "body",
					"pivot": [-4, 11, -1],
					"cubes": [
						{"origin": [-10, 11.4, -3.6], "size": [7, 0, 5], "inflate": 0.02, "uv": [0, 38], "mirror": true}
					]
				},
				{
					"name": "rightwing5",
					"parent": "rightwing4",
					"pivot": [-10, 11.5, 0],
					"cubes": [
						{"origin": [-17, 11.4, -1.6], "size": [7, 0, 11], "inflate": 0.02, "uv": [0, 27], "mirror": true}
					]
				},
				{
					"name": "rightwing6",
					"parent": "rightwing5",
					"pivot": [-17, 11.5, 0],
					"cubes": [
						{"origin": [-43, 11.4, -1.6], "size": [26, 0, 16], "inflate": 0.02, "uv": [0, 0], "mirror": true}
					]
				},
				{
					"name": "tail",
					"parent": "body",
					"pivot": [0, 7.5, 6.25],
					"cubes": [
						{"origin": [-6, 10, 6.25], "size": [12, 0, 11], "inflate": 0.02, "pivot": [0, 7.5, 11.25], "rotation": [5, 0, 0], "uv": [0, 16]}
					]
				},
				{
					"name": "leftleg",
					"parent": "body",
					"pivot": [1.75, 5, 3],
					"cubes": [
						{"origin": [1.25, 1, 2.5], "size": [1, 4, 1], "uv": [5, 31]}
					]
				},
				{
					"name": "leftfoot",
					"parent": "leftleg",
					"pivot": [1.75, 2, 3],
					"cubes": [
						{"origin": [0.75, 0, 1.25], "size": [2, 1, 3], "uv": [0, 27]},
						{"origin": [0.91384, 0, -1.74628], "size": [0, 1, 3], "inflate": 0.02, "pivot": [0.91384, 0.5, 0.25372], "rotation": [0, 5, 0], "uv": [0, 28]},
						{"origin": [1.75, 0, -1.75], "size": [0, 1, 3], "inflate": 0.02, "uv": [6, 12]},
						{"origin": [2.58616, 0, -1.74628], "size": [0, 1, 3], "inflate": 0.02, "pivot": [2.58616, 0.5, 0.25372], "rotation": [0, -5, 0], "uv": [7, 1]},
						{"origin": [1.75, 0, 4.25], "size": [0, 1, 3], "inflate": 0.02, "uv": [7, 0]}
					]
				},
				{
					"name": "rightleg",
					"parent": "body",
					"pivot": [-1.75, 5, 3],
					"cubes": [
						{"origin": [-2.25, 1, 2.5], "size": [1, 4, 1], "uv": [0, 0]}
					]
				},
				{
					"name": "rightfoot",
					"parent": "rightleg",
					"pivot": [-1.75, 2, 3],
					"cubes": [
						{"origin": [-2.75, 0, 1.25], "size": [2, 1, 3], "uv": [0, 23]},
						{"origin": [-0.91384, 0, -1.74628], "size": [0, 1, 3], "inflate": 0.02, "pivot": [-0.91384, 0.5, 0.25372], "rotation": [0, -5, 0], "uv": [6, 4]},
						{"origin": [-1.75, 0, -1.75], "size": [0, 1, 3], "inflate": 0.02, "uv": [6, 3]},
						{"origin": [-2.58616, 0, -1.74628], "size": [0, 1, 3], "inflate": 0.02, "pivot": [-2.58616, 0.5, 0.25372], "rotation": [0, 5, 0], "uv": [0, 4]},
						{"origin": [-1.75, 0, 4.25], "size": [0, 1, 3], "inflate": 0.02, "uv": [0, 3]}
					]
				}
			]
		}
	]
}