{
	"format_version": "1.8.0",
	"animations": {
		"animation.skelachone.ground_idle": {
			"loop": true,
			"bones": {
				"body": {
					"rotation": ["(math.cos(query.anim_time*240-90)*3)", "(math.cos(query.anim_time*480)*2)", 0],
					"position": [0, "(math.cos(query.anim_time*240)*1)+8", 0]
				},
				"head": {
					"rotation": ["(math.cos(query.anim_time*240)*2)+5", 0, 0]
				},
				"jaw": {
					"rotation": ["(math.cos(query.anim_time*480-90)*4)+5", 0, 0]
				},
				"left_fin1": {
					"rotation": [0, 0, "(math.cos(query.anim_time*480)*2)+45"]
				},
				"left_fin2": {
					"rotation": [0, "(math.cos(query.anim_time*480-90)*4)", 0]
				},
				"right_fin1": {
					"rotation": [0, 0, "-(math.cos(query.anim_time*480)*2)-45"]
				},
				"right_fin2": {
					"rotation": [0, "-(math.cos(query.anim_time*480-90)*4)", 0]
				},
				"tail1": {
					"rotation": [0, "(math.cos(query.anim_time*480-45)*2)", 0]
				},
				"tail2": {
					"rotation": [0, "(math.cos(query.anim_time*480-90)*4)", 0]
				},
				"tail3": {
					"rotation": [0, "(math.cos(query.anim_time*480-135)*4)", 0]
				},
				"tail4": {
					"rotation": [0, "(math.cos(query.anim_time*480-180)*4)", 0]
				}
			}
		},
		"animation.skelachone.water_idle": {
			"loop": true,
			"bones": {
				"body": {
					"rotation": ["(math.cos(query.anim_time*240-90)*3)", "(math.cos(query.anim_time*480)*2)", 0],
					"position": [0, "(math.cos(query.anim_time*240)*1)+8", 0]
				},
				"head": {
					"rotation": ["(math.cos(query.anim_time*240)*2)+5", 0, 0]
				},
				"jaw": {
					"rotation": ["(math.cos(query.anim_time*480-90)*4)+5", 0, 0]
				},
				"left_fin1": {
					"rotation": [0, 0, "(math.cos(query.anim_time*480)*2)+45"]
				},
				"left_fin2": {
					"rotation": [0, "(math.cos(query.anim_time*480-90)*4)", 0]
				},
				"right_fin1": {
					"rotation": [0, 0, "-(math.cos(query.anim_time*480)*2)-45"]
				},
				"right_fin2": {
					"rotation": [0, "-(math.cos(query.anim_time*480-90)*4)", 0]
				},
				"tail1": {
					"rotation": [0, "(math.cos(query.anim_time*480-45)*2)", 0]
				},
				"tail2": {
					"rotation": [0, "(math.cos(query.anim_time*480-90)*4)", 0]
				},
				"tail3": {
					"rotation": [0, "(math.cos(query.anim_time*480-135)*4)", 0]
				},
				"tail4": {
					"rotation": [0, "(math.cos(query.anim_time*480-180)*4)", 0]
				}
			}
		},
		"animation.skelachone.faint": {
			"loop": true,
			"animation_length": 4.125,
			"bones": {
				"body": {
					"rotation": {
						"0.0": ["(math.cos(query.anim_time*240-90)*3)", "(math.cos(query.anim_time*480)*2)", 0],
						"0.0417": [0, 2, 0],
						"0.5833": [0, 2, 0],
						"0.75": ["(math.cos(query.anim_time*240-90)*3)", "(math.cos(query.anim_time*480)*2)", 0],
						"0.7917": [0.62857, 1.97714, 2.05712],
						"0.8333": [1.48772, 1.9459, 4.8689],
						"0.875": [2.40655, 1.91249, 7.87599],
						"1.4167": [15.50905, 1.43603, 50.7569],
						"1.9583": [29.06837, 0.94297, 95.13285],
						"2.5": [42.59005, 0.45127, 139.38563],
						"2.7917": [49.68805, 0.19316, 162.61543],
						"2.9167": [52.59345, 0.08751, 172.12401],
						"2.9583": [53.51228, 0.0541, 175.1311],
						"3.0": [54.37143, 0.02286, 177.94288],
						"3.0417": [55, 0, 180]
					},
					"position": {
						"0.0": [0, "(math.cos(query.anim_time*240)*1)+8", 0],
						"0.0417": [0, 8.90188, 0],
						"0.0833": [0, 8.75674, 0],
						"0.625": [0, 6.45988, 0],
						"1.1667": [0, 4.0885, 0],
						"1.3333": [0, 3.40199, 0],
						"1.375": [0, 3.24326, 0],
						"1.4167": [0, 3.09812, 0],
						"1.4583": [0, "(math.cos(query.anim_time*240)*1)+2", 0],
						"1.5": [0, 3.23024, 0.00512],
						"1.5417": [0, 3.53879, 0.01197],
						"1.5833": [0, 3.86695, 0.01927],
						"2.125": [0, 8.51495, 0.12255],
						"2.6667": [0, 13.32186, 0.22937],
						"3.2083": [0, 18.14272, 0.3365],
						"3.7083": [0, 22.53196, 0.43404],
						"3.9167": [0, 24.29459, 0.47321],
						"3.9583": [0, 24.63305, 0.48073],
						"4.0": [0, 24.96121, 0.48803],
						"4.0417": [0, 25.26976, 0.49488],
						"4.0833": [0, "(math.cos(query.anim_time*240)*0.5)+25", "(math.cos(query.anim_time*240)*0.5)"]
					}
				},
				"head": {
					"rotation": {
						"0.0": ["(math.cos(query.anim_time*240)*2)+5", 0, 0],
						"0.0417": [6.51698, 0, 0],
						"0.0833": [5.71426, 0, 0],
						"0.625": [-7.79164, 0, 0],
						"0.7917": [-11.71426, 0, 0],
						"0.8333": [-12.51698, 0, 0],
						"0.875": ["(math.cos(query.anim_time*240)*2)-15", 0, 0],
						"0.9167": [-12.49672, 0, 0],
						"1.4583": [-1.71112, 0, 0],
						"2.0": [9.70826, 0, 0],
						"2.5417": [20.90638, 0, 0],
						"2.7083": [23.99672, 0, 0],
						"2.75": ["(math.cos(query.anim_time*240)*2)+22.5", 0, 0]
					}
				},
				"jaw": {
					"rotation": {
						"0.0": ["(math.cos(query.anim_time*480-90)*4)+5", 0, 0],
						"0.0417": [5.48302, 0, 0],
						"0.0833": [6.28574, 0, 0],
						"0.625": [19.79164, 0, 0],
						"0.7917": [23.71426, 0, 0],
						"0.8333": [24.51698, 0, 0],
						"0.875": ["(math.cos(query.anim_time*480-90)*4)+25", 0, 0],
						"0.9167": [24.66448, 0, 0],
						"1.4583": [17.47408, 0, 0],
						"2.0": [9.86116, 0, 0],
						"2.5417": [2.39575, 0, 0],
						"2.7083": [0.33552, 0, 0],
						"2.75": [0, 0, 0]
					}
				},
				"left_fin1": {
					"rotation": {
						"0.0": [0, 0, "(math.cos(query.anim_time*480)*2)+45"],
						"0.0417": [0, 0, 46.02198],
						"0.0833": [0, 0, 44.55918],
						"0.625": [0, 0, 21.29559],
						"1.0833": [0, 0, 1.11814],
						"1.25": [0, 0, -5.7107],
						"1.2917": [0, 0, -7.26294],
						"1.3333": [0, 0, -8.6521],
						"1.375": [0, 0, -9.49],
						"1.4167": [0, 0, -8.11596],
						"1.4583": [0, 0, -6.20522],
						"2.0": [0, 0, 23.30588],
						"2.5": [0, 0, 51.18296],
						"2.6667": [0, 0, 59.91221],
						"2.7083": [0, 0, 61.92639],
						"2.75": [0, 0, 63.76457],
						"2.7917": [0, 0, 65]
					}
				},
				"left_fin2": {
					"rotation": {
						"0.0": [0, "(math.cos(query.anim_time*480-90)*4)", 0],
						"0.0417": [0, 0, 0],
						"0.5833": [0, 0, 0],
						"1.125": [0, 0, 0],
						"1.6667": [0, 0, 0],
						"2.2083": [0, 0, 0],
						"2.75": [0, 0, 0],
						"2.7917": [0, 0, 0]
					}
				},
				"right_fin1": {
					"rotation": {
						"0.0": [0, 0, "-(math.cos(query.anim_time*480)*2)-45"],
						"0.0417": [0, 0, -47.1752],
						"0.5833": [0, 0, -50.5925],
						"1.125": [0, 0, -54.18968],
						"1.6667": [0, 0, -57.81032],
						"2.2083": [0, 0, -61.4075],
						"2.75": [0, 0, -64.8248],
						"2.7917": [0, 0, -65]
					}
				},
				"right_fin2": {
					"rotation": {
						"0.0": [0, "-(math.cos(query.anim_time*480-90)*4)", 0],
						"0.0417": [0, 0, 0],
						"0.5833": [0, 0, 0],
						"1.125": [0, 0, 0],
						"1.6667": [0, 0, 0],
						"2.2083": [0, 0, 0],
						"2.75": [0, 0, 0],
						"2.7917": [0, 0, 0]
					}
				},
				"tail1": {
					"rotation": {
						"0.0": [0, "(math.cos(query.anim_time*480-45)*2)", 0],
						"0.0417": [0.14446, 1.41421, 0],
						"0.5833": [3.31975, 1.41421, 0],
						"1.125": [6.68025, 1.41421, 0],
						"1.6667": [9.85554, 1.41421, 0],
						"1.7083": [10, "(math.cos(query.anim_time*480-45)*2)", 0],
						"1.75": [8.99399, 1.41421, 0],
						"1.7917": [7.39365, 1.41421, 0],
						"1.8333": [5.60274, 1.41421, 0],
						"2.375": [-21.08319, 1.41421, 0],
						"2.5833": [-31.20964, 1.41421, 0],
						"2.625": [-33.10274, 1.41421, 0],
						"2.6667": [-34.89365, 1.41421, 0],
						"2.7083": [-36.49399, 1.41421, 0],
						"2.75": [-37.5, "(math.cos(query.anim_time*480-45)*2)", 0]
					}
				},
				"tail2": {
					"rotation": {
						"0.0": [0, "(math.cos(query.anim_time*480-90)*4)", 0],
						"0.0417": [0.25281, 0, 0],
						"0.5833": [5.80956, 0, 0],
						"1.125": [11.69044, 0, 0],
						"1.625": [16.8842, 0, 0],
						"1.6667": [17.24719, 0, 0],
						"1.7083": [17.5, "0+(math.cos(query.anim_time*480-90)*4)", 0],
						"1.75": [16.44104, 0, 0],
						"1.7917": [14.75648, 0, 0],
						"1.8333": [12.8713, 0, 0],
						"2.375": [-15.21915, 0, 0],
						"2.5833": [-25.87857, 0, 0],
						"2.625": [-27.8713, 0, 0],
						"2.6667": [-29.75648, 0, 0],
						"2.7083": [-31.44104, 0, 0],
						"2.75": [-32.5, "0+(math.cos(query.anim_time*480-90)*4)", 0]
					}
				},
				"tail3": {
					"rotation": {
						"0.0": [0, "(math.cos(query.anim_time*480-135)*4)", 0],
						"0.0417": [0.21669, -2.82843, 0],
						"0.5833": [4.97962, -2.82843, 0],
						"1.125": [10.02038, -2.82843, 0],
						"1.625": [14.47217, -2.82843, 0],
						"1.7083": [15, "(math.cos(query.anim_time*480-135)*4)", 0],
						"1.75": [13.83514, -2.82843, 0],
						"1.7917": [11.98212, -2.82843, 0],
						"1.8333": [9.90843, -2.82843, 0],
						"2.375": [-20.99106, -2.82843, 0],
						"2.5833": [-32.71643, -2.82843, 0],
						"2.625": [-34.90843, -2.82843, 0],
						"2.6667": [-36.98212, -2.82843, 0],
						"2.7083": [-38.83514, -2.82843, 0],
						"2.75": [-40, "0+(math.cos(query.anim_time*480-135)*4)", 0]
					}
				},
				"tail4": {
					"rotation": {
						"0.0": [0, "(math.cos(query.anim_time*480-180)*4)", 0],
						"0.0417": [0.10835, -4, 0],
						"0.5833": [2.48981, -4, 0],
						"1.125": [5.01019, -4, 0],
						"1.6667": [7.39165, -4, 0],
						"1.7083": [7.5, "0+(math.cos(query.anim_time*480-180)*4)", 0],
						"1.75": [7.23526, -4, 0],
						"2.2917": [0.42082, -4, 0],
						"2.6667": [-4.31412, -4, 0],
						"2.7083": [-4.73526, -4, 0],
						"2.75": [-5, "(math.cos(query.anim_time*480-180)*4)", 0]
					}
				},
				"left_pupil": {
					"position": {
						"1.1667": [0, 0, 0],
						"1.375": [-0.075, 0, 0]
					}
				},
				"right_pupil": {
					"position": {
						"1.1667": [0, 0, 0],
						"1.375": [0.075, 0, 0]
					}
				}
			}
		},
		"animation.skelachone.ground_walk": {
			"loop": true,
			"bones": {
				"body": {
					"rotation": ["(math.cos(query.anim_time*240-90)*3)", "(math.cos(query.anim_time*480)*2)", 0],
					"position": [0, "(math.cos(query.anim_time*240)*2)+8", "(math.cos(query.anim_time*240-45)*1)"]
				},
				"head": {
					"rotation": ["(math.cos(query.anim_time*240)*2)+5", 0, 0]
				},
				"left_fin1": {
					"rotation": [0, 0, "(math.cos(query.anim_time*480)*2)+45"]
				},
				"left_fin2": {
					"rotation": [0, "(math.cos(query.anim_time*480-90)*4)-15", 0]
				},
				"right_fin1": {
					"rotation": [0, 0, "-(math.cos(query.anim_time*480)*2)-45"]
				},
				"right_fin2": {
					"rotation": [0, "-(math.cos(query.anim_time*480-90)*4)+15", 0]
				},
				"tail1": {
					"rotation": [0, "(math.cos(query.anim_time*480-45)*2)", 0]
				},
				"tail2": {
					"rotation": [0, "(math.cos(query.anim_time*480-90)*4)", 0]
				},
				"tail3": {
					"rotation": [0, "(math.cos(query.anim_time*480-135)*4)", 0]
				},
				"tail4": {
					"rotation": [0, "(math.cos(query.anim_time*480-180)*4)", 0]
				},
				"jaw": {
					"rotation": ["(math.cos(query.anim_time*480-90)*4)+5", 0, 0]
				}
			}
		},
		"animation.skelachone.water_swim": {
			"loop": true,
			"bones": {
				"body": {
					"rotation": ["(math.cos(query.anim_time*240-90)*3)", "(math.cos(query.anim_time*480)*2)", 0],
					"position": [0, "(math.cos(query.anim_time*240)*2)+8", "(math.cos(query.anim_time*240-45)*1)"]
				},
				"head": {
					"rotation": ["(math.cos(query.anim_time*240)*2)+5", 0, 0]
				},
				"left_fin1": {
					"rotation": [0, 0, "(math.cos(query.anim_time*480)*2)+45"]
				},
				"left_fin2": {
					"rotation": [0, "(math.cos(query.anim_time*480-90)*4)-15", 0]
				},
				"right_fin1": {
					"rotation": [0, 0, "-(math.cos(query.anim_time*480)*2)-45"]
				},
				"right_fin2": {
					"rotation": [0, "-(math.cos(query.anim_time*480-90)*4)+15", 0]
				},
				"tail1": {
					"rotation": [0, "(math.cos(query.anim_time*480-45)*2)", 0]
				},
				"tail2": {
					"rotation": [0, "(math.cos(query.anim_time*480-90)*4)", 0]
				},
				"tail3": {
					"rotation": [0, "(math.cos(query.anim_time*480-135)*4)", 0]
				},
				"tail4": {
					"rotation": [0, "(math.cos(query.anim_time*480-180)*4)", 0]
				},
				"jaw": {
					"rotation": ["(math.cos(query.anim_time*480-90)*4)+5", 0, 0]
				}
			}
		}
	},
	"geckolib_format_version": 2
}