{
	"format_version": "1.8.0",
	"animations": {
		"animation.tentyrant.water_idle": {
			"loop": true,
			"bones": {
				"body": {
					"rotation": ["5-1.3*(math.sin(q.anim_time*90*2-70)*2+1)", 0, 0],
					"position": [0, "3.5-0.3*(math.sin(q.anim_time*90*2-40)*4+1)", 0]
				},
				"left_coat1": {
					"rotation": [0, 0, "-18*math.clamp(math.sin(q.anim_time*90*2-75)*0.75+0.5,0,5)"]
				},
				"left_coat2": {
					"rotation": ["-18*math.clamp(math.sin(q.anim_time*90*2-75)*0.75+0.5,0,5)", 0, 0]
				},
				"left_coat3": {
					"rotation": ["18*math.clamp(math.sin(q.anim_time*90*2-75)*0.75+0.5,0,5)", 0, 0]
				},
				"left_front_tentacle1": {
					"rotation": ["-18*math.clamp(math.sin(q.anim_time*90*2)*0.5+1.5,0,5)", 10, "-18*math.clamp(math.sin(q.anim_time*90*2)*0.5+1.5,0,5)"]
				},
				"left_front_tentacle2": {
					"rotation": ["10-18*math.clamp(math.sin(q.anim_time*90*2-45)*0.5+1.5,0,5)", 0, "40-18*math.clamp(math.sin(q.anim_time*90*2-45)*0.5+1.5,0,5)"]
				},
				"left_front_tentacle3": {
					"rotation": ["10-18*math.clamp(math.sin(q.anim_time*90*2-90)*0.5+1.5,0,5)", 0, "40-18*math.clamp(math.sin(q.anim_time*90*2-90)*0.5+1.5,0,5)"]
				},
				"right_front_tentacle1": {
					"rotation": ["-18*math.clamp(math.sin(q.anim_time*90*2)*0.5+1.5,0,5)", -10, "18*math.clamp(math.sin(q.anim_time*90*2)*0.5+1.5,0,5)"]
				},
				"right_front_tentacle2": {
					"rotation": ["-10-18*math.clamp(math.sin(q.anim_time*90*2-45)*0.5+1.5,0,5)", 0, "-40+18*math.clamp(math.sin(q.anim_time*90*2-45)*0.5+1.5,0,5)"]
				},
				"right_front_tentacle3": {
					"rotation": ["-10+18*math.clamp(math.sin(q.anim_time*90*2-90)*0.5+1.5,0,5)", 0, "-40+18*math.clamp(math.sin(q.anim_time*90*2-90)*0.5+1.5,0,5)"]
				},
				"right_back_tentacle1": {
					"rotation": ["18*math.clamp(math.sin(q.anim_time*90*2)*0.5+1.5,0,5)", 0, "18*math.clamp(math.sin(q.anim_time*90*2)*0.5+1.5,0,5)"]
				},
				"right_back_tentacle2": {
					"rotation": ["10+18*math.clamp(math.sin(q.anim_time*90*2-45)*0.5+1.5,0,5)", 0, "10-18*math.clamp(math.sin(q.anim_time*90*2-45)*0.5+1.5,0,5)"]
				},
				"right_back_tentacle3": {
					"rotation": ["10-18*math.clamp(math.sin(q.anim_time*90*2-45)*0.5+1.5,0,5)", 0, "10-18*math.clamp(math.sin(q.anim_time*90*2-45)*0.5+1.5,0,5)"]
				},
				"left_back_tentacle1": {
					"rotation": ["18*math.clamp(math.sin(q.anim_time*90*2)*0.5+1.5,0,5)", 0, "-18*math.clamp(math.sin(q.anim_time*90*2)*0.5+1.5,0,5)"]
				},
				"left_back_tentacle2": {
					"rotation": ["10+18*math.clamp(math.sin(q.anim_time*90*2-45)*0.5+1.5,0,5)", 0, "-10+18*math.clamp(math.sin(q.anim_time*90*2-45)*0.5+1.5,0,5)"]
				},
				"left_back_tentacle3": {
					"rotation": ["10-18*math.clamp(math.sin(q.anim_time*90*2-45)*0.5+1.5,0,5)", 0, "-10+18*math.clamp(math.sin(q.anim_time*90*2-45)*0.5+1.5,0,5)"]
				},
				"right_coat1": {
					"rotation": [0, 0, "18*math.clamp(math.sin(q.anim_time*90*2-75)*0.75+0.5,0,5)"]
				},
				"right_coat2": {
					"rotation": ["-18*math.clamp(math.sin(q.anim_time*90*2-75)*0.75+0.5,0,5)", 0, 0]
				},
				"right_coat3": {
					"rotation": ["18*math.clamp(math.sin(q.anim_time*90*2-75)*0.75+0.5,0,5)", 0, 0]
				}
			}
		},
		"animation.tentyrant.water_swim": {
			"loop": true,
			"bones": {
				"body": {
					"rotation": ["5-1.3*(math.sin(q.anim_time*90*2-70)*2+1)", 0, 0],
					"position": [0, "3.5-0.3*(math.sin(q.anim_time*90*2-40)*4+1)", 0]
				},
				"left_coat1": {
					"rotation": [0, 0, "-18*math.clamp(math.sin(q.anim_time*90*2-75)*0.75+0.5,0,5)"]
				},
				"left_coat2": {
					"rotation": ["-18*math.clamp(math.sin(q.anim_time*90*2-75)*0.75+0.5,0,5)", 0, 0]
				},
				"left_coat3": {
					"rotation": ["18*math.clamp(math.sin(q.anim_time*90*2-75)*0.75+0.5,0,5)", 0, 0]
				},
				"left_front_tentacle1": {
					"rotation": ["-18*math.clamp(math.sin(q.anim_time*90*2)*0.5+1.5,0,5)", 10, "-18*math.clamp(math.sin(q.anim_time*90*2)*0.5+1.5,0,5)"]
				},
				"left_front_tentacle2": {
					"rotation": ["10-18*math.clamp(math.sin(q.anim_time*90*2-45)*0.5+1.5,0,5)", 0, "40-18*math.clamp(math.sin(q.anim_time*90*2-45)*0.5+1.5,0,5)"]
				},
				"left_front_tentacle3": {
					"rotation": ["10-18*math.clamp(math.sin(q.anim_time*90*2-90)*0.5+1.5,0,5)", 0, "40-18*math.clamp(math.sin(q.anim_time*90*2-90)*0.5+1.5,0,5)"]
				},
				"right_front_tentacle1": {
					"rotation": ["-18*math.clamp(math.sin(q.anim_time*90*2)*0.5+1.5,0,5)", -10, "18*math.clamp(math.sin(q.anim_time*90*2)*0.5+1.5,0,5)"]
				},
				"right_front_tentacle2": {
					"rotation": ["-10-18*math.clamp(math.sin(q.anim_time*90*2-45)*0.5+1.5,0,5)", 0, "-40+18*math.clamp(math.sin(q.anim_time*90*2-45)*0.5+1.5,0,5)"]
				},
				"right_front_tentacle3": {
					"rotation": ["-10+18*math.clamp(math.sin(q.anim_time*90*2-90)*0.5+1.5,0,5)", 0, "-40+18*math.clamp(math.sin(q.anim_time*90*2-90)*0.5+1.5,0,5)"]
				},
				"right_back_tentacle1": {
					"rotation": ["18*math.clamp(math.sin(q.anim_time*90*2)*0.5+1.5,0,5)", 0, "18*math.clamp(math.sin(q.anim_time*90*2)*0.5+1.5,0,5)"]
				},
				"right_back_tentacle2": {
					"rotation": ["10+18*math.clamp(math.sin(q.anim_time*90*2-45)*0.5+1.5,0,5)", 0, "10-18*math.clamp(math.sin(q.anim_time*90*2-45)*0.5+1.5,0,5)"]
				},
				"right_back_tentacle3": {
					"rotation": ["10-18*math.clamp(math.sin(q.anim_time*90*2-45)*0.5+1.5,0,5)", 0, "10-18*math.clamp(math.sin(q.anim_time*90*2-45)*0.5+1.5,0,5)"]
				},
				"left_back_tentacle1": {
					"rotation": ["18*math.clamp(math.sin(q.anim_time*90*2)*0.5+1.5,0,5)", 0, "-18*math.clamp(math.sin(q.anim_time*90*2)*0.5+1.5,0,5)"]
				},
				"left_back_tentacle2": {
					"rotation": ["10+18*math.clamp(math.sin(q.anim_time*90*2-45)*0.5+1.5,0,5)", 0, "-10+18*math.clamp(math.sin(q.anim_time*90*2-45)*0.5+1.5,0,5)"]
				},
				"left_back_tentacle3": {
					"rotation": ["10-18*math.clamp(math.sin(q.anim_time*90*2-45)*0.5+1.5,0,5)", 0, "-10+18*math.clamp(math.sin(q.anim_time*90*2-45)*0.5+1.5,0,5)"]
				},
				"right_coat1": {
					"rotation": [0, 0, "18*math.clamp(math.sin(q.anim_time*90*2-75)*0.75+0.5,0,5)"]
				},
				"right_coat2": {
					"rotation": ["-18*math.clamp(math.sin(q.anim_time*90*2-75)*0.75+0.5,0,5)", 0, 0]
				},
				"right_coat3": {
					"rotation": ["18*math.clamp(math.sin(q.anim_time*90*2-75)*0.75+0.5,0,5)", 0, 0]
				}
			}
		},
		"animation.tentyrant.ground_idle": {
			"loop": true,
			"bones": {
				"body": {
					"rotation": ["5-1.3*(math.sin(q.anim_time*90*2-70)*2+1)", 0, 0],
					"position": [0, "3.5-0.3*(math.sin(q.anim_time*90*2-40)*4+1)", 0]
				},
				"left_coat1": {
					"rotation": [0, 0, "-18*math.clamp(math.sin(q.anim_time*90*2-75)*0.75+0.5,0,5)"]
				},
				"left_coat2": {
					"rotation": ["-18*math.clamp(math.sin(q.anim_time*90*2-75)*0.75+0.5,0,5)", 0, 0]
				},
				"left_coat3": {
					"rotation": ["18*math.clamp(math.sin(q.anim_time*90*2-75)*0.75+0.5,0,5)", 0, 0]
				},
				"left_front_tentacle1": {
					"rotation": ["-18*math.clamp(math.sin(q.anim_time*90*2)*0.5+1.5,0,5)", 10, "-18*math.clamp(math.sin(q.anim_time*90*2)*0.5+1.5,0,5)"]
				},
				"left_front_tentacle2": {
					"rotation": ["10-18*math.clamp(math.sin(q.anim_time*90*2-45)*0.5+1.5,0,5)", 0, "40-18*math.clamp(math.sin(q.anim_time*90*2-45)*0.5+1.5,0,5)"]
				},
				"left_front_tentacle3": {
					"rotation": ["10-18*math.clamp(math.sin(q.anim_time*90*2-90)*0.5+1.5,0,5)", 0, "40-18*math.clamp(math.sin(q.anim_time*90*2-90)*0.5+1.5,0,5)"]
				},
				"right_front_tentacle1": {
					"rotation": ["-18*math.clamp(math.sin(q.anim_time*90*2)*0.5+1.5,0,5)", -10, "18*math.clamp(math.sin(q.anim_time*90*2)*0.5+1.5,0,5)"]
				},
				"right_front_tentacle2": {
					"rotation": ["-10-18*math.clamp(math.sin(q.anim_time*90*2-45)*0.5+1.5,0,5)", 0, "-40+18*math.clamp(math.sin(q.anim_time*90*2-45)*0.5+1.5,0,5)"]
				},
				"right_front_tentacle3": {
					"rotation": ["-10+18*math.clamp(math.sin(q.anim_time*90*2-90)*0.5+1.5,0,5)", 0, "-40+18*math.clamp(math.sin(q.anim_time*90*2-90)*0.5+1.5,0,5)"]
				},
				"right_back_tentacle1": {
					"rotation": ["18*math.clamp(math.sin(q.anim_time*90*2)*0.5+1.5,0,5)", 0, "18*math.clamp(math.sin(q.anim_time*90*2)*0.5+1.5,0,5)"]
				},
				"right_back_tentacle2": {
					"rotation": ["10+18*math.clamp(math.sin(q.anim_time*90*2-45)*0.5+1.5,0,5)", 0, "10-18*math.clamp(math.sin(q.anim_time*90*2-45)*0.5+1.5,0,5)"]
				},
				"right_back_tentacle3": {
					"rotation": ["10-18*math.clamp(math.sin(q.anim_time*90*2-45)*0.5+1.5,0,5)", 0, "10-18*math.clamp(math.sin(q.anim_time*90*2-45)*0.5+1.5,0,5)"]
				},
				"left_back_tentacle1": {
					"rotation": ["18*math.clamp(math.sin(q.anim_time*90*2)*0.5+1.5,0,5)", 0, "-18*math.clamp(math.sin(q.anim_time*90*2)*0.5+1.5,0,5)"]
				},
				"left_back_tentacle2": {
					"rotation": ["10+18*math.clamp(math.sin(q.anim_time*90*2-45)*0.5+1.5,0,5)", 0, "-10+18*math.clamp(math.sin(q.anim_time*90*2-45)*0.5+1.5,0,5)"]
				},
				"left_back_tentacle3": {
					"rotation": ["10-18*math.clamp(math.sin(q.anim_time*90*2-45)*0.5+1.5,0,5)", 0, "-10+18*math.clamp(math.sin(q.anim_time*90*2-45)*0.5+1.5,0,5)"]
				},
				"right_coat1": {
					"rotation": [0, 0, "18*math.clamp(math.sin(q.anim_time*90*2-75)*0.75+0.5,0,5)"]
				},
				"right_coat2": {
					"rotation": ["-18*math.clamp(math.sin(q.anim_time*90*2-75)*0.75+0.5,0,5)", 0, 0]
				},
				"right_coat3": {
					"rotation": ["18*math.clamp(math.sin(q.anim_time*90*2-75)*0.75+0.5,0,5)", 0, 0]
				}
			}
		},
		"animation.tentyrant.ground_walk": {
			"loop": true,
			"bones": {
				"body": {
					"rotation": ["5-1.3*(math.sin(q.anim_time*90*2-70)*2+1)", 0, 0],
					"position": [0, "3.5-0.3*(math.sin(q.anim_time*90*2-40)*4+1)", 0]
				},
				"left_coat1": {
					"rotation": [0, 0, "-18*math.clamp(math.sin(q.anim_time*90*2-75)*0.75+0.5,0,5)"]
				},
				"left_coat2": {
					"rotation": ["-18*math.clamp(math.sin(q.anim_time*90*2-75)*0.75+0.5,0,5)", 0, 0]
				},
				"left_coat3": {
					"rotation": ["18*math.clamp(math.sin(q.anim_time*90*2-75)*0.75+0.5,0,5)", 0, 0]
				},
				"left_front_tentacle1": {
					"rotation": ["-18*math.clamp(math.sin(q.anim_time*90*2)*0.5+1.5,0,5)", 10, "-18*math.clamp(math.sin(q.anim_time*90*2)*0.5+1.5,0,5)"]
				},
				"left_front_tentacle2": {
					"rotation": ["10-18*math.clamp(math.sin(q.anim_time*90*2-45)*0.5+1.5,0,5)", 0, "40-18*math.clamp(math.sin(q.anim_time*90*2-45)*0.5+1.5,0,5)"]
				},
				"left_front_tentacle3": {
					"rotation": ["10-18*math.clamp(math.sin(q.anim_time*90*2-90)*0.5+1.5,0,5)", 0, "40-18*math.clamp(math.sin(q.anim_time*90*2-90)*0.5+1.5,0,5)"]
				},
				"right_front_tentacle1": {
					"rotation": ["-18*math.clamp(math.sin(q.anim_time*90*2)*0.5+1.5,0,5)", -10, "18*math.clamp(math.sin(q.anim_time*90*2)*0.5+1.5,0,5)"]
				},
				"right_front_tentacle2": {
					"rotation": ["-10-18*math.clamp(math.sin(q.anim_time*90*2-45)*0.5+1.5,0,5)", 0, "-40+18*math.clamp(math.sin(q.anim_time*90*2-45)*0.5+1.5,0,5)"]
				},
				"right_front_tentacle3": {
					"rotation": ["-10+18*math.clamp(math.sin(q.anim_time*90*2-90)*0.5+1.5,0,5)", 0, "-40+18*math.clamp(math.sin(q.anim_time*90*2-90)*0.5+1.5,0,5)"]
				},
				"right_back_tentacle1": {
					"rotation": ["18*math.clamp(math.sin(q.anim_time*90*2)*0.5+1.5,0,5)", 0, "18*math.clamp(math.sin(q.anim_time*90*2)*0.5+1.5,0,5)"]
				},
				"right_back_tentacle2": {
					"rotation": ["10+18*math.clamp(math.sin(q.anim_time*90*2-45)*0.5+1.5,0,5)", 0, "10-18*math.clamp(math.sin(q.anim_time*90*2-45)*0.5+1.5,0,5)"]
				},
				"right_back_tentacle3": {
					"rotation": ["10-18*math.clamp(math.sin(q.anim_time*90*2-45)*0.5+1.5,0,5)", 0, "10-18*math.clamp(math.sin(q.anim_time*90*2-45)*0.5+1.5,0,5)"]
				},
				"left_back_tentacle1": {
					"rotation": ["18*math.clamp(math.sin(q.anim_time*90*2)*0.5+1.5,0,5)", 0, "-18*math.clamp(math.sin(q.anim_time*90*2)*0.5+1.5,0,5)"]
				},
				"left_back_tentacle2": {
					"rotation": ["10+18*math.clamp(math.sin(q.anim_time*90*2-45)*0.5+1.5,0,5)", 0, "-10+18*math.clamp(math.sin(q.anim_time*90*2-45)*0.5+1.5,0,5)"]
				},
				"left_back_tentacle3": {
					"rotation": ["10-18*math.clamp(math.sin(q.anim_time*90*2-45)*0.5+1.5,0,5)", 0, "-10+18*math.clamp(math.sin(q.anim_time*90*2-45)*0.5+1.5,0,5)"]
				},
				"right_coat1": {
					"rotation": [0, 0, "18*math.clamp(math.sin(q.anim_time*90*2-75)*0.75+0.5,0,5)"]
				},
				"right_coat2": {
					"rotation": ["-18*math.clamp(math.sin(q.anim_time*90*2-75)*0.75+0.5,0,5)", 0, 0]
				},
				"right_coat3": {
					"rotation": ["18*math.clamp(math.sin(q.anim_time*90*2-75)*0.75+0.5,0,5)", 0, 0]
				}
			}
		}
	},
	"geckolib_format_version": 2
}