{
  "enabled": true,
  "neededInstalledMods": [],
  "neededUninstalledMods": [],
  "spawns": [
    {
      "id": "ehgosquirtle-1",
      "pokemon": "ehgosquirtle",
      "presets": [
          "natural"
      ],
      "type": "pokemon",
      "context": "grounded",
      "bucket": "ultra-rare",
      "level": "3-22",
      "weight": 8.0,
      "condition": {
"biomes": [ "#cobblemon:is_mountain",
"#cobblemon:is_highlands" ],
        "canSeeSky": true
      },
      "anticondition": {
"biomes": [ "#cobblemon:is_freezing" ]    }
    }
  ]
}