{
  "enabled": true,
  "neededInstalledMods": [],
  "neededUninstalledMods": [],
  "spawns": [
    {
      "id": "ehgoblastoise-1",
      "pokemon": "ehgoblastoise",
      "presets": [
          "natural"
      ],
      "type": "pokemon",
      "context": "grounded",
      "bucket": "ultra-rare",
      "level": "36-49",
      "weight": 0.2,
      "condition": {
"biomes": [ "#cobblemon:is_mountain",
"#cobblemon:is_highlands" ],
        "canSeeSky": true
      },
      "anticondition": {
"biomes": [ "#cobblemon:is_freezing" ]    }
    }
  ]
}