{
  "implemented": true,
  "name": "foliat",
  "nationalPokedexNumber": 1101,
  "primaryType": "grass",
  "abilities": [
    "overgrow",
    "h:galewings"
  ],
  "baseStats": {
    "hp": 42,
    "attack": 42,
    "defence": 45,
    "special_attack": 68,
    "special_defence": 46,
    "speed": 75
  },
  "behaviour": {
    "resting": {
        "canSleep": true,
        "willSleepOnBed": true,        "depth": "normal",
        "light": "0-6"
    },
    "moving": {
        "fly": {
            "canFly": false
        },
        "canLook": true,
        "walk": {
            "canWalk": true,
            "avoidsLand": false
        },
        "swim": {
            "swimSpeed": 0.1,
            "canSwimInWater": true,
            "canBreatheUnderwater": false
        },
        "wanderChance": 1.0
    }
  },
  "catchRate": 45,
  "maleRatio": 0.875,
  "shoulderMountable": true,
  "baseExperienceYield": 28,
  "experienceGroup": "medium_slow",
  "eggCycles": 41,
  "eggGroups": [
    "grass",
    "flying"
  ],
  "drops": {
    "amount": "2",
    "entries": [
      {
        "item": "minecraft:melon_seeds",
        "quantityRange": "1-2",
        "percentage": 50
      },
      {
        "item": "minecraft:feather",
        "quantityRange": "1-2",
        "percentage": 50
      }
    ]
  },
  "moves": [
    "1:tackle",
    "4:growl",
    "7:absorb",
    "10:peck",
    "13:megadrain",
    "16:pluck",
    "19:grasswhistle",
    "22:leaftornado",
    "25:agility",
    "28:aerialace",
    "31:gigadrain",
    "37:synthesis",
    "40:drillpeck",
    "43:solarbeam",
    "49:mirrormove",
    "tm:toxic",
    "tm:hiddenpower",
    "tm:sunnyday",
    "tm:protect",
    "tm:safeguard",
    "tm:frustration",
    "tm:solarbeam",
    "tm:return",
    "tm:doubleteam",
    "tm:reflect",
    "tm:aerialace",
    "tm:facade",
    "tm:rest",
    "tm:attract",
    "tm:gigadrain",
    "tm:energyball",
    "tm:endure",
    "tm:flash",
    "tm:swordsdance",
    "tm:dreameater",
    "tm:grassknot",
    "tm:swagger",
    "tm:uturn",
    "tm:substitute",
    "tm:sleeptalk",
    "tm:bulletseed",
    "tm:cut",
    "tutor:bounce",
    "tutor:endeavor",
    "tutor:grasspledge",
    "tutor:secretpower",
    "tutor:seedbomb",
    "tutor:swift",
    "tutor:synthesis",
    "tutor:worryseed",
    "egg:leechseed",
    "egg:leafblade",
    "egg:magicalleaf",
    "egg:sleeppowder",
    "egg:stunspore",
    "egg:worryseed",
    "egg:drillpeck",
    "egg:mirrormove",
    "egg:razorwind",
    "egg:whirlwind",
    "egg:sweetscent"  ],
  "labels": [
    "sage"
  ],
  "pokedex": [
    "cobblemon.species.foliat.desc"
  ],
  "evolutions": [
    {
      "id": "foliat_florabri",
      "variant": "level_up",
      "result": "florabri",
      "consumeHeldItem": false,
      "learnableMoves": [],
      "requirements": [
        {
          "variant": "level",
          "minLevel": 16
        }
      ]   
 }
  ],
  "baseScale": 0.9,
  "hitbox": {
    "width": 0.3,
    "height": 0.3,
    "fixed": false
  },
  "baseFriendship": 70,
  "evYield": {
    "hp": 0,
    "attack": 0,
    "defence": 0,
    "special_attack": 0,
    "special_defence": 0,
    "speed": 1
  },
  "height": 3,
  "weight": 15,
  "aspects": [],
"features": [

  ],  "cannotDynamax": false
}