{
  "implemented": true,
  "name": "iguadium",
  "nationalPokedexNumber": 1108,
  "primaryType": "water",
  "secondaryType": "fighting",
  "abilities": [
    "torrent",
    "h:toughclaws"
  ],
  "baseStats": {
    "hp": 75,
    "attack": 75,
    "defence": 83,
    "special_attack": 60,
    "special_defence": 60,
    "speed": 60
  },
  "behaviour": {
    "resting": {
        "canSleep": true,
        "willSleepOnBed": false,        "depth": "normal",
        "light": "0-6"
    },
    "moving": {
        "fly": {
            "canFly": false
        },
        "canLook": true,
        "walk": {
            "canWalk": true,
            "avoidsLand": false
        },
        "swim": {
            "swimSpeed": 0.1,
            "canSwimInWater": true,
            "canBreatheUnderwater": false
        },
        "wanderChance": 1.0
    }
  },
  "catchRate": 45,
  "maleRatio": 0.875,
  "shoulderMountable": false,
  "baseExperienceYield": 145,
  "experienceGroup": "medium_slow",
  "eggCycles": 41,
  "eggGroups": [
    "water_1",
    "monster"
  ],
  "drops": {
    "amount": "4",
    "entries": [
      {
        "item": "minecraft:prismarine",
        "quantityRange": "1-2",
        "percentage": 50
      },
      {
        "item": "minecraft:leather",
        "quantityRange": "1-1",
        "percentage": 50
      }
    ]
  },
  "moves": [
    "1:scratch",
    "1:tailwhip",
    "7:watergun",
    "11:bite",
    "14:waterpulse",
    "17:bide",
    "18:armthrust",
    "22:scaryface",
    "26:brine",
    "35:submission",
    "48:aquatail",
    "52:hammerarm",
    "56:quickguard",
    "61:hydropump",
    "65:closecombat",
    "tm:honeclaws",
    "tm:dragonclaw",
    "tm:toxic",
    "tm:hail",
    "tm:bulkup",
    "tm:hiddenpower",
    "tm:taunt",
    "tm:icebeam",
    "tm:blizzard",
    "tm:protect",
    "tm:raindance",
    "tm:frustration",
    "tm:earthquake",
    "tm:return",
    "tm:dig",
    "tm:brickbreak",
    "tm:doubleteam",
    "tm:rocktomb",
    "tm:aerialace",
    "tm:facade",
    "tm:rest",
    "tm:attract",
    "tm:lowsweep",
    "tm:focusblast",
    "tm:scald",
    "tm:fling",
    "tm:endure",
    "tm:rocksmash",
    "tm:shadowclaw",
    "tm:payback",
    "tm:retaliate",
    "tm:stoneedge",
    "tm:bulldoze",
    "tm:rockslide",
    "tm:workup",
    "tm:poisonjab",
    "tm:grassknot",
    "tm:swagger",
    "tm:substitute",
    "tm:focuspunch",
    "tm:sleeptalk",
    "tm:waterpulse",
    "tm:cut",
    "tm:surf",
    "tm:strength",
    "tm:dive",
    "tm:waterfall",
    "tutor:ancientpower",
    "tutor:aquatail",
    "tutor:avalanche",
    "tutor:counter",
    "tutor:doubleedge",
    "tutor:dragonpulse",
    "tutor:endeavor",
    "tutor:fling",
    "tutor:icepunch",
    "tutor:icywind",
    "tutor:irondefense",
    "tutor:ironhead",
    "tutor:irontail",
    "tutor:megakick",
    "tutor:megapunch",
    "tutor:mudslap",
    "tutor:outrage",
    "tutor:secretpower",
    "tutor:snore",
    "tutor:superpower",
    "tutor:waterpledge",
    "tutor:zenheadbutt",
    "egg:block",
    "egg:bodyslam",
    "egg:dragondance",
    "egg:headbutt",
    "egg:hydropump",
    "egg:metalclaw",
    "egg:rockslide",
    "egg:superpower",
    "egg:waterpulse"  ],
  "labels": [
    "sage"
  ],
  "pokedex": [
    "cobblemon.species.iguadium.desc"
  ],
  "preEvolution": "aguade",
  "evolutions": [
    {
      "id": "iguadium_aguanaut",
      "variant": "level_up",
      "result": "aguanaut",
      "consumeHeldItem": false,
      "learnableMoves": [],
      "requirements": [
        {
          "variant": "level",
          "minLevel": 36
        }
      ]   
 }
  ],
  "baseScale": 0.7,
  "hitbox": {
    "width": 1.1,
    "height": 1.1,
    "fixed": false
  },
  "baseFriendship": 70,
  "evYield": {
    "hp": 0,
    "attack": 1,
    "defence": 1,
    "special_attack": 0,
    "special_defence": 0,
    "speed": 0
  },
  "height": 11,
  "weight": 290,
  "aspects": [],
"features": [

  ],  "cannotDynamax": false
}