{
  "implemented": true,
  "name": "pyroat",
  "nationalPokedexNumber": 1105,
  "primaryType": "fire",
  "secondaryType": "rock",
  "abilities": [
    "blaze",
    "h:flashfire"
  ],
  "baseStats": {
    "hp": 55,
    "attack": 93,
    "defence": 60,
    "special_attack": 70,
    "special_defence": 50,
    "speed": 75
  },
  "behaviour": {
    "resting": {
        "canSleep": true,
        "willSleepOnBed": false,        "depth": "normal",
        "light": "0-6"
    },
    "moving": {
        "fly": {
            "canFly": false
        },
        "canLook": true,
        "walk": {
            "canWalk": true,
            "avoidsLand": false
        },
        "swim": {
            "swimSpeed": 0.1,
            "canSwimInWater": true,
            "canBreatheUnderwater": false
        },
        "wanderChance": 1.0
    }
  },
  "catchRate": 45,
  "maleRatio": 0.875,
  "shoulderMountable": false,
  "baseExperienceYield": 28,
  "experienceGroup": "medium_slow",
  "eggCycles": 141,
  "eggGroups": [
    "field"
  ],
  "drops": {
    "amount": "4",
    "entries": [
      {
        "item": "minecraft:flint",
        "quantityRange": "1-2",
        "percentage": 20
      },
      {
        "item": "minecraft:leather",
        "quantityRange": "1-2",
        "percentage": 80
      }
    ]
  },
  "moves": [
    "1:tackle",
    "1:tailwhip",
    "7:ember",
    "11:odorsleuth",
    "13:headbutt",
    "16:flamecharge",
    "17:smackdown",
    "21:rockpolish",
    "29:bulkup",
    "37:blazekick",
    "45:rockclimb",
    "49:swagger",
    "53:flamethrower",
    "61:flareblitz",
    "65:skullbash",
    "tm:toxic",
    "tm:hiddenpower",
    "tm:sunnyday",
    "tm:taunt",
    "tm:protect",
    "tm:frustration",
    "tm:smackdown",
    "tm:earthquake",
    "tm:return",
    "tm:dig",
    "tm:doubleteam",
    "tm:flamethrower",
    "tm:sandstorm",
    "tm:fireblast",
    "tm:rocktomb",
    "tm:facade",
    "tm:flamecharge",
    "tm:rest",
    "tm:attract",
    "tm:overheat",
    "tm:endure",
    "tm:incinerate",
    "tm:willowisp",
    "tm:rocksmash",
    "tm:rockpolish",
    "tm:stoneedge",
    "tm:bulldoze",
    "tm:rockslide",
    "tm:grassknot",
    "tm:swagger",
    "tm:substitute",
    "tm:wildcharge",
    "tm:sleeptalk",
    "tm:strength",
    "tutor:bounce",
    "tutor:doubleedge",
    "tutor:earthpower",
    "tutor:endeavor",
    "tutor:firepledge",
    "tutor:heatwave",
    "tutor:knockoff",
    "tutor:mudslap",
    "tutor:secretpower",
    "tutor:zenheadbutt",
    "egg:doublekick",
    "egg:earthpower",
    "egg:hornattack",
    "egg:magnitude",
    "egg:rockblast",
    "egg:smokescreen",
    "egg:stomp",
    "egg:superpower",
    "egg:takedown",
    "egg:thrash"  ],
  "labels": [
    "sage"
  ],
  "pokedex": [
    "cobblemon.species.pyroat.desc"
  ],
  "preEvolution": "kidling",
  "evolutions": [
    {
      "id": "pyroat_flairees",
      "variant": "level_up",
      "result": "flairees",
      "consumeHeldItem": false,
      "learnableMoves": [],
      "requirements": [
        {
          "variant": "level",
          "minLevel": 36
        }
      ]   
 }
  ],
  "baseScale": 0.9,
  "hitbox": {
    "width": 1.0,
    "height": 1.0,
    "fixed": false
  },
  "baseFriendship": 70,
  "evYield": {
    "hp": 0,
    "attack": 2,
    "defence": 0,
    "special_attack": 0,
    "special_defence": 0,
    "speed": 0
  },
  "height": 10,
  "weight": 331,
  "aspects": [],
"features": [

  ],  "cannotDynamax": false
}