{
  "implemented": true,
  "name": "dvaarak",
  "nationalPokedexNumber": 1597,
  "primaryType": "ground",
  "secondaryType": "steel",
  "abilities": [
    "arenatrap",
    "h:sandveil"
  ],
  "baseStats": {
    "hp": 86,
    "attack": 110,
    "defence": 70,
    "special_attack": 55,
    "special_defence": 50,
    "speed": 94
  },
  "behaviour": {
    "resting": {
        "canSleep": true,
        "willSleepOnBed": false,        "depth": "normal",
        "light": "0-6"
    },
    "moving": {
        "fly": {
            "canFly": false
        },
        "canLook": true,
        "walk": {
            "canWalk": true,
            "avoidsLand": false
        },
        "swim": {
            "swimSpeed": 0.1,
            "canSwimInWater": true,
            "canBreatheUnderwater": false
        },
        "wanderChance": 1.0
    }
  },
  "catchRate": 75,
  "maleRatio": 0.5,
  "shoulderMountable": false,
  "baseExperienceYield": 83,
  "experienceGroup": "medium_fast",
  "eggCycles": 50,
  "eggGroups": [
    "field",
    "mineral"
  ],
  "moves": [
    "1:growl",
    "1:scratch",
    "1:sandattack",
    "6:mudslap",
    "10:screech",
    "15:metalclaw",
    "19:rocktomb",
    "24:sandstorm",
    "33:honeclaws",
    "37:slash",
    "42:drillrun",
    "46:irondefense",
    "51:stoneedge",
    "55:metalsound",
    "60:earthquake",
    "64:horndrill",
    "tm:swordsdance",
    "tm:spikes",
    "tm:magnetbomb",
    "tm:headbutt",
    "tm:megahorn",
    "tm:rockslide",
    "tm:shadowclaw",
    "tm:substitute",
    "tm:poisonjab",
    "tm:irontail",
    "tm:irondefense",
    "tm:brickbreak",
    "tm:mudbomb",
    "tm:nightslash",
    "tm:cut",
    "tm:strength",
    "tm:rocksmash",
    "tutor:dig",
    "tutor:hiddenpower",
    "tutor:rest",
    "tutor:toxic",
    "egg:beatup",
    "egg:crushclaw",
    "egg:dig",
    "egg:dragonclaw",
    "egg:facade",
    "egg:fakeout",
    "egg:fissure",
    "egg:flashcannon",
    "egg:gigaimpact",
    "egg:gunkshot",
    "egg:ironhead",
    "egg:karatechop",
    "egg:magnitude",
    "egg:rockclimb",
    "egg:rockpolish",
    "egg:sandtomb",
    "egg:sandstorm",
    "egg:sunnyday",
    "egg:superpower",
    "egg:swagger",
    "egg:workup",
    "egg:zenheadbutt"  ],
  "labels": [
    "vega"
  ],
  "pokedex": [
    "cobblemon.species.dvaarak.desc"
  ],
  "baseScale": 0.7,
  "hitbox": {
    "width": 0.7,
    "height": 0.7,
    "fixed": false
  },
  "baseFriendship": 70,
  "evYield": {
    "hp": 0,
    "attack": 1,
    "defence": 0,
    "special_attack": 0,
    "special_defence": 0,
    "speed": 0
  },
  "height": 7,
  "weight": 536,
  "aspects": [],
"features": [

  ],  "cannotDynamax": false
}