{
  "species": "cobblemon:hoennianshuckle",
  "order": 0,
  "variations": [
    {
      "aspects": [],
      "poser": "cobblemon:generation2_hoennianshuckle",
      "model": "cobblemon:generation2_hoennianshuckle.geo",
      "texture": "cobblemon:textures/pokemon/generation2/hoennianshuckle/hoennianshuckle.png",
      "layers": []
    },
    {
      "aspects": [
        "shiny"
      ],
      "texture": "cobblemon:textures/pokemon/generation2/hoennianshuckle/hoennianshuckle_shiny.png"
    }  ]
}