{
	"format_version": "1.8.0",
	"animations": {
		"animation.electabuzz_x.ground_idle": {
			"loop": true,
			"bones": {
				"lefthair": {
					"rotation": [-44.71911, -35.39626, 29.83757]
				},
				"righthair": {
					"rotation": [-17.40744, 43.65747, -12.2127]
				},
				"tail": {
					"rotation": [-10, 0, 0]
				},
				"tail2": {
					"rotation": [37.5, 0, 0]
				},
				"tail3": {
					"rotation": [50, 0, 0]
				},
				"leftarm": {
					"rotation": [0, -22.5, 45]
				},
				"leftforearm": {
					"rotation": [10, 45, 35]
				},
				"rightarm": {
					"rotation": [0, 22.5, -45]
				},
				"rightforearm": {
					"rotation": [10, -45, -35]
				},
				"leftleg": {
					"rotation": [-15, -15, 0]
				},
				"leftknee": {
					"rotation": [37.5, 0, 0]
				},
				"leftfoot": {
					"rotation": [-22.5, 0, 0]
				},
				"rightleg": {
					"rotation": [-15, 15, 0]
				},
				"rightknee": {
					"rotation": [37.5, 0, 0]
				},
				"rightfoot": {
					"rotation": [-22.5, 0, 0]
				},
				"body": {
					"position": [0, -0.4, 0]
				}
			}
		}
	}
}