{
  "implemented": true,
  "name": "porygonx",
  "nationalPokedexNumber": 1381,
  "primaryType": "electric",
  "secondaryType": "normal",
  "abilities": [
    "adaptability",
    "download",
    "h:levitate"
  ],
  "baseStats": {
    "hp": 75,
    "attack": 65,
    "defence": 70,
    "special_attack": 115,
    "special_defence": 70,
    "speed": 140
  },
  "behaviour": {
    "resting": {
        "canSleep": true,
        "willSleepOnBed": false,        "depth": "normal",
        "light": "0-6"
    },
    "moving": {
        "fly": {
            "canFly": true
        },
        "canLook": true,
        "walk": {
            "canWalk": true,
            "avoidsLand": false
        },
        "swim": {
            "swimSpeed": 0.1,
            "canSwimInWater": true,
            "canBreatheUnderwater": false
        },
        "wanderChance": 1.0
    }
  },
  "catchRate": 30,
  "maleRatio": 0.5,
  "shoulderMountable": false,
  "baseExperienceYield": 241,
  "experienceGroup": "medium_fast",
  "eggCycles": 39,
  "eggGroups": [
    "mineral"
  ],
  "moves": [
    "1:trickroom",
    "1:nastyplot",
    "1:conversion",
    "1:conversion2",
    "1:tackle",
    "7:psybeam",
    "12:agility",
    "18:recover",
    "23:magnetrise",
    "29:signalbeam",
    "34:embargo",
    "40:discharge",
    "45:lockon",
    "51:triattack",
    "56:magiccoat",
    "62:zapcannon",
    "67:hyperbeam",
    "tm:psyshock",
    "tm:calmmind",
    "tm:toxic",
    "tm:hiddenpower",
    "tm:sunnyday",
    "tm:icebeam",
    "tm:blizzard",
    "tm:hyperbeam",
    "tm:lightscreen",
    "tm:protect",
    "tm:raindance",
    "tm:telekinesis",
    "tm:frustration",
    "tm:solarbeam",
    "tm:thunderbolt",
    "tm:thunder",
    "tm:return",
    "tm:psychic",
    "tm:shadowball",
    "tm:brickbreak",
    "tm:doubleteam",
    "tm:reflect",
    "tm:aerialace",
    "tm:torment",
    "tm:facade",
    "tm:rest",
    "tm:thief",
    "tm:round",
    "tm:allyswitch",
    "tm:focusblast",
    "tm:chargebeam",
    "tm:quash",
    "tm:embargo",
    "tm:gigaimpact",
    "tm:flash",
    "tm:voltswitch",
    "tm:thunderwave",
    "tm:psychup",
    "tm:dreameater",
    "tm:swagger",
    "tm:substitute",
    "tm:trickroom",
    "tm:wildcharge",
    "tutor:electroweb",
    "tutor:foulplay",
    "tutor:gravity",
    "tutor:icywind",
    "tutor:irontail",
    "tutor:lastresort",
    "tutor:magnetrise",
    "tutor:painsplit",
    "tutor:recycle",
    "tutor:roleplay",
    "tutor:signalbeam",
    "tutor:sleeptalk",
    "tutor:snore",
    "tutor:suckerpunch",
    "tutor:swift",
    "tutor:trick",
    "tutor:wonderroom",
    "tutor:zenheadbutt"  ],
  "labels": [
    "infinity"
  ],
  "pokedex": [
    "cobblemon.species.porygonx.desc"
  ],
  "preEvolution": "porygon2",
  "baseScale": 1.0,
  "hitbox": {
    "width": 0.9,
    "height": 0.9,
    "fixed": false
  },
  "baseFriendship": 70,
  "evYield": {
    "hp": 0,
    "attack": 0,
    "defence": 0,
    "special_attack": 3,
    "special_defence": 0,
    "speed": 0
  },
  "height": 9,
  "weight": 340,
  "aspects": [],
"features": [

  ],  "cannotDynamax": false
}