{
	"format_version": "1.12.0",
	"minecraft:geometry": [
		{
			"description": {
				"identifier": "geometry.flairees",
				"texture_width": 128,
				"texture_height": 128,
				"visible_bounds_width": 4,
				"visible_bounds_height": 4.5,
				"visible_bounds_offset": [0, 1.75, 0]
			},
			"bones": [
				{
					"name": "pyroat",
					"pivot": [0, 0, -5]
				},
				{
					"name": "body",
					"parent": "pyroat",
					"pivot": [0, 0, -5]
				},
				{
					"name": "torso",
					"parent": "body",
					"pivot": [0, 8.5, -1.25],
					"cubes": [
						{"origin": [-4.5, 9.75, -1], "size": [9, 9, 11], "uv": [37, 89]},
						{"origin": [-5.5, 13.75, -8], "size": [11, 6, 16], "uv": [68, 95]},
						{"origin": [-5.5, 19.04911, 14.03072], "size": [11, 0, 2], "pivot": [0.5, 2.29911, 9.03072], "rotation": [20, 0, 0], "uv": [75, 123]},
						{"origin": [-6.5, 16.35, -1.5], "size": [5, 4, 5], "pivot": [-4.5, 18.75, 0.5], "rotation": [0, 0, -40], "uv": [0, 10]},
						{"origin": [1.5, 16.35, -1.5], "size": [5, 4, 5], "pivot": [4.5, 18.75, 0.5], "rotation": [0, 0, 40], "uv": [0, 10], "mirror": true},
						{"origin": [5.88823, 10.80111, -8], "size": [0, 3, 16], "pivot": [5.88823, 12.30111, -2.5], "rotation": [0, 0, -15], "uv": [76, 109]},
						{"origin": [5.75882, 13.75, -9.96593], "size": [0, 6, 2], "pivot": [5.75882, 15.25, -8.96593], "rotation": [0, -15, 0], "uv": [20, 30]},
						{"origin": [5.71644, 13.75, 7.9763], "size": [0, 6, 2], "pivot": [5.71644, 15.25, 8.9763], "rotation": [0, 12.5, 0], "uv": [116, 6]},
						{"origin": [4.5, 13.75, 8], "size": [0, 5, 4], "pivot": [4.5, 15.75, 8], "rotation": [0, 20, 0], "uv": [96, 114]},
						{"origin": [-4.5, 13.75, 8], "size": [0, 5, 4], "pivot": [-4.5, 15.75, 8], "rotation": [0, -20, 0], "uv": [96, 114], "mirror": true},
						{"origin": [-5.71644, 13.75, 7.9763], "size": [0, 6, 2], "pivot": [-5.71644, 15.25, 8.9763], "rotation": [0, -12.5, 0], "uv": [116, 6], "mirror": true},
						{"origin": [-5.88823, 10.80111, -8], "size": [0, 3, 15], "pivot": [-5.88823, 12.30111, 1.5], "rotation": [0, 0, 15], "uv": [77, 110], "mirror": true},
						{"origin": [-5.75882, 13.75, -9.96593], "size": [0, 6, 2], "pivot": [-5.75882, 15.25, -8.96593], "rotation": [0, 15, 0], "uv": [20, 30], "mirror": true},
						{"origin": [-4.5, 18.56209, 7.50988], "size": [9, 0, 7], "pivot": [-0.5, 19.26209, 7.40988], "rotation": [37.5, 0, 0], "uv": [51, 117]},
						{"origin": [-4.5, 9.75, -12], "size": [9, 9, 11], "inflate": 0.01, "uv": [88, 74]}
					]
				},
				{
					"name": "flame",
					"parent": "torso",
					"pivot": [0, 10.95, 4],
					"rotation": [17.5, 0, 0],
					"cubes": [
						{"origin": [3.66131, 3.55207, 10.48058], "size": [0, 10, 15], "pivot": [1, 9.95, 7.7], "rotation": [8.8395, 29.83398, -72.64084], "uv": [98, 35]},
						{"origin": [-3.66131, 3.55207, 10.48058], "size": [0, 10, 15], "pivot": [-1, 9.95, 7.7], "rotation": [8.8395, -29.83398, 72.64084], "uv": [98, 35], "mirror": true}
					]
				},
				{
					"name": "neck",
					"parent": "torso",
					"pivot": [0, 8.65, -6.5],
					"cubes": [
						{"origin": [-3, 13.55, -11.5], "size": [6, 10, 7], "pivot": [0, 10, -7], "rotation": [7.5, 0, 0], "uv": [0, 94]},
						{"origin": [-3.5, 17.86446, -12.74991], "size": [7, 2, 1], "inflate": -0.001, "uv": [78, 68]},
						{"origin": [-3.5, 11.16446, -12.34991], "size": [7, 5, 2], "pivot": [0, 16.16446, -10.54991], "rotation": [-17.5, 0, 0], "uv": [24, 59]},
						{"origin": [0, 10.06436, -16.59664], "size": [0, 5, 5], "pivot": [0, 12.56436, -14.09664], "rotation": [-17.5, 0, 0], "uv": [0, 0]},
						{"origin": [0, 10.06436, -18.59664], "size": [0, 3, 5], "inflate": 0.001, "pivot": [0, 12.56436, -14.09664], "rotation": [-130, 0, 0], "uv": [33, 3]},
						{"origin": [0, 14.16446, -16.34991], "size": [0, 8, 3], "pivot": [-0.5, 16.16446, -10.54991], "rotation": [-17.5, 0, 0], "uv": [36, 69]},
						{"origin": [-3.5, 14.16446, -13.34991], "size": [7, 5, 2], "inflate": 0.001, "pivot": [0, 16.16446, -10.54991], "rotation": [-17.5, 0, 0], "uv": [6, 59]}
					]
				},
				{
					"name": "head",
					"parent": "neck",
					"pivot": [0.1, 21.75, -11],
					"rotation": [5, 0, 0],
					"cubes": [
						{"origin": [-3.5, 22.55, -16.3], "size": [7, 8, 9], "uv": [44, 0]},
						{"origin": [-3, 22.55, -20.3], "size": [6, 7, 4], "uv": [0, 32]},
						{"origin": [-4, 17.51605, -20.63201], "size": [4, 6, 0], "pivot": [0, 20.51605, -20.63201], "rotation": [-90, 82.5, -90], "uv": [2, 73]}
					]
				},
				{
					"name": "helmet",
					"parent": "head",
					"pivot": [0, 13, -6],
					"cubes": [
						{"origin": [-3, 28.24311, -20.89102], "size": [6, 2, 5], "inflate": 0.001, "pivot": [4, 29.24311, -20.39102], "rotation": [17.5, 0, 0], "uv": [66, 26]},
						{"origin": [-2, 27.14833, -21.00263], "size": [4, 3, 1], "pivot": [4, 29.14833, -20.50263], "rotation": [10, 0, 0], "uv": [83, 0]},
						{"origin": [-4, 21.55, -13.4], "size": [0, 7, 6], "uv": [116, -6]},
						{"origin": [-4, 28.55, -13.4], "size": [8, 1, 6], "uv": [54, 56]},
						{"origin": [-4.999, 20.71593, -11.38492], "size": [0, 6, 7], "inflate": -0.001, "uv": [38, 28]},
						{"origin": [-5, 26.79965, -3.82042], "size": [10, 7, 2], "inflate": -0.001, "pivot": [0, 15.04965, -2.72042], "rotation": [12.5, 0, 0], "uv": [57, 17]},
						{"origin": [-5, 20.71593, -4.38492], "size": [2, 6, 0], "uv": [25, 53]},
						{"origin": [3, 20.71593, -4.38492], "size": [2, 6, 0], "uv": [25, 53], "mirror": true},
						{"origin": [4, 21.55, -13.4], "size": [0, 7, 6], "uv": [116, -6], "mirror": true},
						{"origin": [4.999, 20.71593, -11.38492], "size": [0, 6, 7], "inflate": -0.001, "uv": [38, 28], "mirror": true},
						{"origin": [-3, 25.71593, -4.38492], "size": [6, 1, 0], "uv": [116, 7]},
						{"origin": [-5, 25.55, -12.9], "size": [10, 7, 2], "uv": [54, 63]},
						{"origin": [-5, 25.55, -10.9], "size": [10, 8, 5], "uv": [0, 19]},
						{"origin": [-4, 29.15, -16.4], "size": [8, 3, 9], "inflate": 0.001, "uv": [48, 44]},
						{"origin": [-3, 30.15, -13.4], "size": [6, 3, 1], "inflate": 0.001, "uv": [73, 49]},
						{"origin": [-3.998, 29.91352, -14.55148], "size": [8, 3, 2], "inflate": 0.002, "uv": [73, 44]}
					]
				},
				{
					"name": "horns",
					"parent": "head",
					"pivot": [1.5, 26.75, -10.25],
					"cubes": [
						{"origin": [-4, 32.18329, -16.20731], "size": [8, 1, 2], "inflate": -0.001, "pivot": [1.5, 32.18329, -13.70731], "rotation": [22.5, 0, 0], "uv": [33, 5]},
						{"origin": [0.07247, 32.05384, -14.51983], "size": [4, 1, 2], "inflate": 0.001, "pivot": [1.57247, 32.05384, -14.01983], "rotation": [22.99008, 11.53486, 4.8493], "uv": [48, 56]},
						{"origin": [0.77247, 30.95384, -12.61983], "size": [3, 2, 1], "inflate": 0.001, "pivot": [1.57247, 32.05384, -14.01983], "rotation": [42.99008, 11.53486, 4.8493], "uv": [38, 48]},
						{"origin": [0.44339, 30.92562, -11.61464], "size": [3, 2, 3], "pivot": [1.24339, 32.02562, -14.01464], "rotation": [44.30674, 16.96583, 10.1885], "uv": [24, 72]},
						{"origin": [-4.07247, 32.05384, -14.51983], "size": [4, 1, 2], "inflate": 0.001, "pivot": [-1.57247, 32.05384, -14.01983], "rotation": [22.99008, -11.53486, -4.8493], "uv": [48, 56], "mirror": true},
						{"origin": [-3.77247, 30.95384, -12.61983], "size": [3, 2, 1], "inflate": 0.001, "pivot": [-1.57247, 32.05384, -14.01983], "rotation": [42.99008, -11.53486, -4.8493], "uv": [38, 48], "mirror": true},
						{"origin": [-3.44339, 30.92562, -11.61464], "size": [3, 2, 3], "pivot": [-1.24339, 32.02562, -14.01464], "rotation": [44.30674, -16.96583, -10.1885], "uv": [24, 72], "mirror": true}
					]
				},
				{
					"name": "bone",
					"parent": "horns",
					"pivot": [6.95466, 37.12698, -3.61374],
					"rotation": [1.51209, 4.80599, 12.52545],
					"cubes": [
						{"origin": [4.75303, 35.11849, -6.6477], "size": [4, 3, 3], "inflate": 0.001, "pivot": [6.67761, 36.52836, -4.25677], "rotation": [-29.34024, 18.54162, 5.75045], "uv": [12, 47]},
						{"origin": [3.12214, 34.04092, -11.20538], "size": [4, 3, 3], "pivot": [5.10805, 34.49378, -10.13352], "rotation": [68.61471, 16.06817, 7.75474], "uv": [28, 66]},
						{"origin": [2.55266, 33.51605, -10.79742], "size": [6, 3, 4], "pivot": [5.10805, 34.49378, -10.13352], "rotation": [51.45078, 8.44393, -2.39104], "uv": [67, 0]},
						{"origin": [2.87649, 33.97963, -9.41561], "size": [4, 3, 3], "pivot": [4.86241, 34.34836, -10.91043], "rotation": [46.11471, 16.06817, 7.75474], "uv": [14, 66]},
						{"origin": [3.42543, 36.29304, -9.46248], "size": [4, 3, 2], "inflate": 0.001, "pivot": [5.41134, 36.92976, -10.23135], "rotation": [6.11471, 16.06817, 7.75474], "uv": [12, 72]},
						{"origin": [4.98795, 35.81653, -6.84717], "size": [4, 3, 1], "pivot": [6.91253, 36.831, -3.65031], "rotation": [-6.84024, 18.54162, 5.75045], "uv": [25, 19]},
						{"origin": [4.12988, 36.29304, -7.85806], "size": [3, 3, 1], "pivot": [5.41134, 36.92976, -10.23135], "rotation": [5.94217, 8.60952, 6.94902], "uv": [17, 53]},
						{"origin": [4.19028, 37.009, -7.34586], "size": [3, 3, 1], "pivot": [5.47174, 37.82347, -10.54952], "rotation": [-6.55783, 8.60952, 6.94902], "uv": [12, 43]},
						{"origin": [5.03008, 34.86072, -3.8903], "size": [4, 3, 2], "pivot": [6.95466, 37.12698, -3.61374], "rotation": [-74.34024, 18.54162, 5.75045], "uv": [36, 51]},
						{"origin": [5.01851, 33.50627, -3.35984], "size": [4, 3, 2], "inflate": -0.001, "pivot": [6.65293, 35.77252, -3.15116], "rotation": [-80.764, 22.34795, -12.49312], "uv": [85, 5]},
						{"origin": [5.51851, 33.50627, -1.35984], "size": [3, 3, 4], "pivot": [6.65293, 35.77252, -3.15116], "rotation": [-80.764, 22.34795, -12.49312], "uv": [0, 66]},
						{"origin": [4.54953, 33.24571, -0.61358], "size": [3, 2, 2], "inflate": 0.001, "pivot": [5.67855, 35.27702, -5.72589], "rotation": [-48.264, 22.34795, -12.49312], "uv": [0, 0]},
						{"origin": [3.87329, 31.22184, -0.8597], "size": [3, 2, 3], "pivot": [5.00232, 33.30266, -8.37075], "rotation": [-23.264, 22.34795, -12.49312], "uv": [83, 38]}
					]
				},
				{
					"name": "bone2",
					"parent": "horns",
					"pivot": [-6.95466, 37.12698, -3.61374],
					"rotation": [1.51209, -4.80599, -12.52545],
					"cubes": [
						{"origin": [-8.75303, 35.11849, -6.6477], "size": [4, 3, 3], "inflate": 0.001, "pivot": [-6.67761, 36.52836, -4.25677], "rotation": [-29.34024, -18.54162, -5.75045], "uv": [12, 47], "mirror": true},
						{"origin": [-7.12214, 34.04092, -11.20538], "size": [4, 3, 3], "pivot": [-5.10805, 34.49378, -10.13352], "rotation": [68.61471, -16.06817, -7.75474], "uv": [28, 66], "mirror": true},
						{"origin": [-8.55266, 33.51605, -10.79742], "size": [6, 3, 4], "pivot": [-5.10805, 34.49378, -10.13352], "rotation": [51.45078, -8.44393, 2.39104], "uv": [67, 0], "mirror": true},
						{"origin": [-6.87649, 33.97963, -9.41561], "size": [4, 3, 3], "pivot": [-4.86241, 34.34836, -10.91043], "rotation": [46.11471, -16.06817, -7.75474], "uv": [14, 66], "mirror": true},
						{"origin": [-7.42543, 36.29304, -9.46248], "size": [4, 3, 2], "inflate": 0.001, "pivot": [-5.41134, 36.92976, -10.23135], "rotation": [6.11471, -16.06817, -7.75474], "uv": [12, 72], "mirror": true},
						{"origin": [-8.98795, 35.81653, -6.84717], "size": [4, 3, 1], "pivot": [-6.91253, 36.831, -3.65031], "rotation": [-6.84024, -18.54162, -5.75045], "uv": [25, 19], "mirror": true},
						{"origin": [-7.12988, 36.29304, -7.85806], "size": [3, 3, 1], "pivot": [-5.41134, 36.92976, -10.23135], "rotation": [5.94217, -8.60952, -6.94902], "uv": [17, 53], "mirror": true},
						{"origin": [-7.19028, 37.009, -7.34586], "size": [3, 3, 1], "pivot": [-5.47174, 37.82347, -10.54952], "rotation": [-6.55783, -8.60952, -6.94902], "uv": [12, 43], "mirror": true},
						{"origin": [-9.03008, 34.86072, -3.8903], "size": [4, 3, 2], "pivot": [-6.95466, 37.12698, -3.61374], "rotation": [-74.34024, -18.54162, -5.75045], "uv": [36, 51], "mirror": true},
						{"origin": [-9.01851, 33.50627, -3.35984], "size": [4, 3, 2], "inflate": -0.001, "pivot": [-6.65293, 35.77252, -3.15116], "rotation": [-80.764, -22.34795, 12.49312], "uv": [85, 5], "mirror": true},
						{"origin": [-8.51851, 33.50627, -1.35984], "size": [3, 3, 4], "pivot": [-6.65293, 35.77252, -3.15116], "rotation": [-80.764, -22.34795, 12.49312], "uv": [0, 66], "mirror": true},
						{"origin": [-7.54953, 33.24571, -0.61358], "size": [3, 2, 2], "inflate": 0.001, "pivot": [-5.67855, 35.27702, -5.72589], "rotation": [-48.264, -22.34795, 12.49312], "uv": [0, 0], "mirror": true},
						{"origin": [-6.87329, 31.22184, -0.8597], "size": [3, 2, 3], "pivot": [-5.00232, 33.30266, -8.37075], "rotation": [-23.264, -22.34795, 12.49312], "uv": [83, 38], "mirror": true}
					]
				},
				{
					"name": "eyes",
					"parent": "head",
					"pivot": [-0.65, 23.75, -15]
				},
				{
					"name": "eye_right",
					"parent": "eyes",
					"pivot": [-5.1, 24, -12.5],
					"cubes": [
						{"origin": [-3.51, 26.55, -16.175], "size": [0, 3, 3], "uv": [10, 63], "mirror": true},
						{"origin": [-3.52, 26.55, -16.175], "size": [0, 2, 2], "uv": [0, 8], "mirror": true}
					]
				},
				{
					"name": "eyelid_right",
					"parent": "eye_right",
					"pivot": [-3.3645, 24.75, -13.01],
					"cubes": [
						{"origin": [-3.3645, 26.55, -16.185], "size": [1, 3, 3], "inflate": 0.06, "uv": [85, 76], "mirror": true}
					]
				},
				{
					"name": "eye_left",
					"parent": "eyes",
					"pivot": [5.25, 24, -12.5],
					"cubes": [
						{"origin": [3.51, 26.55, -16.175], "size": [0, 3, 3], "uv": [10, 63]},
						{"origin": [3.52, 26.55, -16.175], "size": [0, 2, 2], "uv": [0, 8]}
					]
				},
				{
					"name": "eyelid_left",
					"parent": "eye_left",
					"pivot": [3.3645, 24.75, -13.01],
					"cubes": [
						{"origin": [2.3645, 26.55, -16.185], "size": [1, 3, 3], "inflate": 0.06, "uv": [85, 76]}
					]
				},
				{
					"name": "mouth_open",
					"parent": "head",
					"pivot": [-0.05, 21, -15.5]
				},
				{
					"name": "ear_left",
					"parent": "head",
					"pivot": [4.6506, 28.00129, -9.71634],
					"rotation": [0, -2.5, 15],
					"cubes": [
						{"origin": [5.50772, 27.90597, -11.16861], "size": [0, 3, 3], "pivot": [5.74432, 27.96497, -9.15629], "rotation": [16.93839, 4.46375, -39.33501], "uv": [54, 56]},
						{"origin": [4.48102, 24.768, -11.39675], "size": [0, 2, 3], "pivot": [4.32417, 28.10112, -9.38444], "rotation": [13.0867, 11.72145, -66.15088], "uv": [30, 20]}
					]
				},
				{
					"name": "ear_right",
					"parent": "head",
					"pivot": [-5.10693, 27.83022, -9.77529],
					"rotation": [0, 0, -15],
					"cubes": [
						{"origin": [-4.48102, 24.768, -11.39675], "size": [0, 2, 3], "pivot": [-4.32417, 28.10112, -9.38444], "rotation": [13.0867, -11.72145, 66.15088], "uv": [30, 20], "mirror": true},
						{"origin": [-5.50772, 27.90597, -11.16861], "size": [0, 3, 3], "pivot": [-5.74432, 27.96497, -9.15629], "rotation": [16.93839, -4.46375, 39.33501], "uv": [54, 56], "mirror": true}
					]
				},
				{
					"name": "flame2",
					"parent": "neck",
					"pivot": [-1, 21.04711, -3.91555],
					"cubes": [
						{"origin": [2.1, 16.04711, -7.91555], "size": [0, 17, 12], "pivot": [1, 21.04711, -3.91555], "rotation": [10.12436, 42.05244, 6.82047], "uv": [103, 21]},
						{"origin": [-2.1, 16.04711, -7.91555], "size": [0, 17, 12], "pivot": [-1, 21.04711, -3.91555], "rotation": [10.12436, -42.05244, -6.82047], "uv": [103, 21], "mirror": true}
					]
				},
				{
					"name": "leg_front_right",
					"parent": "body",
					"pivot": [2.25, 13.5, -8],
					"cubes": [
						{"origin": [1.05, 8, -11.5], "size": [4, 7, 5], "uv": [20, 35]}
					]
				},
				{
					"name": "leg_front_right2",
					"parent": "leg_front_right",
					"pivot": [2.25, 8, -8.75],
					"cubes": [
						{"origin": [1.55, 2.25, -10.75], "size": [3, 7, 3], "uv": [76, 7]},
						{"origin": [1.05, 2.75, -11.25], "size": [4, 2, 4], "uv": [76, 56]},
						{"origin": [1.05, 4.55, -11.05], "size": [4, 2, 0], "pivot": [3.05, 5.75, -11.25], "rotation": [12.5, 0, 0], "uv": [67, 7]},
						{"origin": [3.23816, 4.47864, -9.26595], "size": [3, 2, 0], "pivot": [4.73816, 5.47864, -9.26595], "rotation": [-127.96463, -89.62663, 140.10775], "uv": [67, 7]}
					]
				},
				{
					"name": "leg_front_right3",
					"parent": "leg_front_right2",
					"pivot": [2.25, 2.5, -8.75],
					"cubes": [
						{"origin": [1.05, 0, -11.5], "size": [4, 2, 3], "inflate": 0.01, "uv": [78, 33]},
						{"origin": [1.55, 0.05, -11], "size": [3, 3, 3], "inflate": 0.01, "uv": [26, 47]}
					]
				},
				{
					"name": "leg_front_left",
					"parent": "body",
					"pivot": [-2.25, 13.5, -8],
					"cubes": [
						{"origin": [-5.05, 8, -11.5], "size": [4, 7, 5], "uv": [20, 35], "mirror": true}
					]
				},
				{
					"name": "leg_front_left2",
					"parent": "leg_front_left",
					"pivot": [-2.25, 8, -8.75],
					"cubes": [
						{"origin": [-4.55, 2.25, -10.75], "size": [3, 7, 3], "uv": [76, 7], "mirror": true},
						{"origin": [-6.23816, 4.47864, -9.26595], "size": [3, 2, 0], "pivot": [-4.73816, 5.47864, -9.26595], "rotation": [-127.96463, 89.62663, -140.10775], "uv": [67, 7], "mirror": true},
						{"origin": [-5.05, 2.75, -11.25], "size": [4, 2, 4], "uv": [76, 56], "mirror": true},
						{"origin": [-5.05, 4.55, -11.05], "size": [4, 2, 0], "pivot": [-3.05, 5.75, -11.25], "rotation": [12.5, 0, 0], "uv": [67, 7], "mirror": true}
					]
				},
				{
					"name": "leg_front_left3",
					"parent": "leg_front_left2",
					"pivot": [-2.25, 2.5, -8.75],
					"cubes": [
						{"origin": [-4.55, 0.05, -11], "size": [3, 3, 3], "inflate": 0.01, "uv": [26, 47], "mirror": true},
						{"origin": [-5.05, 0, -11.5], "size": [4, 2, 3], "inflate": 0.01, "uv": [78, 33], "mirror": true}
					]
				},
				{
					"name": "leg_back_right",
					"parent": "body",
					"pivot": [2.25, 12.5, 6.5],
					"cubes": [
						{"origin": [1.25, 8, 5.7], "size": [4, 6, 5], "uv": [65, 33]}
					]
				},
				{
					"name": "leg_back_right2",
					"parent": "leg_back_right",
					"pivot": [2.25, 9, 8],
					"cubes": [
						{"origin": [1.75, 2.25, 8.65], "size": [3, 8, 3], "uv": [0, 43]},
						{"origin": [1.25, 2.75, 8.15], "size": [4, 2, 4], "uv": [78, 62]},
						{"origin": [3.63816, 4.47864, 10.13405], "size": [3, 2, 0], "pivot": [5.13816, 5.47864, 10.13405], "rotation": [-127.96463, -89.62663, 140.10775], "uv": [67, 7]},
						{"origin": [1.05, 4.55, 8.35], "size": [4, 2, 0], "pivot": [3.05, 5.75, 8.15], "rotation": [12.5, 0, 0], "uv": [82, 53]}
					]
				},
				{
					"name": "leg_back_right3",
					"parent": "leg_back_right2",
					"pivot": [2.25, 1.5, 9.75],
					"cubes": [
						{"origin": [1.25, 0, 8.3], "size": [4, 2, 3], "inflate": 0.01, "uv": [81, 17]},
						{"origin": [1.75, 0.05, 8.8], "size": [3, 3, 3], "inflate": 0.01, "uv": [83, 22]}
					]
				},
				{
					"name": "leg_back_left",
					"parent": "body",
					"pivot": [-3.25, 12.5, 6.5],
					"cubes": [
						{"origin": [-5.25, 8, 5.7], "size": [4, 6, 5], "uv": [65, 33], "mirror": true}
					]
				},
				{
					"name": "leg_back_left2",
					"parent": "leg_back_left",
					"pivot": [-2.25, 9, 8],
					"cubes": [
						{"origin": [-4.75, 2.25, 8.65], "size": [3, 8, 3], "uv": [0, 43], "mirror": true},
						{"origin": [-5.25, 2.75, 8.15], "size": [4, 2, 4], "uv": [78, 62], "mirror": true},
						{"origin": [-5.83816, 4.67864, 9.43405], "size": [3, 2, 0], "pivot": [-4.33816, 5.47864, 10.13405], "rotation": [-127.96463, 89.62663, -140.10775], "uv": [67, 7], "mirror": true},
						{"origin": [-5.05, 4.55, 8.35], "size": [4, 2, 0], "pivot": [-3.05, 5.75, 8.15], "rotation": [12.5, 0, 0], "uv": [82, 53], "mirror": true}
					]
				},
				{
					"name": "leg_back_left3",
					"parent": "leg_back_left2",
					"pivot": [-2.25, 1.5, 9.75],
					"cubes": [
						{"origin": [-5.25, 0, 8.3], "size": [4, 2, 3], "inflate": 0.01, "uv": [81, 17], "mirror": true},
						{"origin": [-4.75, 0.05, 8.8], "size": [3, 3, 3], "inflate": 0.01, "uv": [83, 22], "mirror": true}
					]
				}
			]
		}
	]
}