{
	"format_version": "1.12.0",
	"minecraft:geometry": [
		{
			"description": {
				"identifier": "geometry.foliat",
				"texture_width": 64,
				"texture_height": 64,
				"visible_bounds_width": 3,
				"visible_bounds_height": 2.5,
				"visible_bounds_offset": [0, 0.75, 0]
			},
			"bones": [
				{
					"name": "foliat",
					"pivot": [0, 0, 0]
				},
				{
					"name": "body",
					"parent": "foliat",
					"pivot": [0, 5.25, -0.75]
				},
				{
					"name": "torso",
					"parent": "body",
					"pivot": [0, 5.25, -0.75],
					"rotation": [-15, 0, 0],
					"cubes": [
						{"origin": [-2.5, 2.75, -3.25], "size": [5, 5, 5], "uv": [0, 11]},
						{"origin": [-2, 3.25, 1.25], "size": [4, 4, 2], "inflate": 0.01, "uv": [14, 25]}
					]
				},
				{
					"name": "bulb",
					"parent": "torso",
					"pivot": [0, 8.25, 4.25],
					"cubes": [
						{"origin": [-1, 4.55, 4.25], "size": [2, 2, 2], "inflate": 0.01, "pivot": [0, 8.25, 4.25], "rotation": [-47.5, 0, 0], "uv": [24, 29]},
						{"origin": [-1.5, 6.55, 3.65], "size": [3, 1, 3], "inflate": 0.01, "pivot": [0, 8.25, 4.25], "rotation": [-47.5, 0, 0], "uv": [28, 7]},
						{"origin": [-1.5, 11.55, 3.65], "size": [3, 1, 3], "inflate": 0.01, "pivot": [0, 8.25, 4.25], "rotation": [-47.5, 0, 0], "uv": [28, 3]},
						{"origin": [-1, 12.4974, 6.81494], "size": [2, 0, 1], "inflate": 0.01, "pivot": [0, 11.8974, 6.81494], "rotation": [-90, 0, 0], "uv": [0, 2]},
						{"origin": [0.06246, 10.59684, 8.82248], "size": [2, 0, 1], "inflate": 0.01, "pivot": [1.06246, 10.59684, 8.82248], "rotation": [-167.96359, -37.69485, 128.04962], "uv": [0, 1]},
						{"origin": [-2.06246, 10.59684, 8.82248], "size": [2, 0, 1], "inflate": 0.01, "pivot": [-1.06246, 10.59684, 8.82248], "rotation": [-167.96359, 37.69485, -128.04962], "uv": [0, 0]},
						{"origin": [-2, 7.55, 3.15], "size": [4, 4, 4], "inflate": 0.01, "pivot": [0, 8.25, 4.25], "rotation": [-47.5, 0, 0], "uv": [16, 17]}
					]
				},
				{
					"name": "neck",
					"parent": "torso",
					"pivot": [0, 5.25, -1.5],
					"rotation": [20, 0, 0]
				},
				{
					"name": "head_ai",
					"parent": "neck",
					"pivot": [0, 6.25, -1.5],
					"cubes": [
						{"origin": [-1.5, 4.25, -3.5], "size": [3, 5, 4], "uv": [0, 21]}
					]
				},
				{
					"name": "head",
					"parent": "head_ai",
					"pivot": [0, 9.25, -1.5],
					"rotation": [-5, 0, 0],
					"cubes": [
						{"origin": [-3, 7.25, -3.5], "size": [6, 5, 6], "inflate": 0.01, "uv": [0, 0]},
						{"origin": [-0.8, 10.65, 2.8], "size": [0, 3, 2], "inflate": 0.01, "pivot": [-0.8, 12.65, 3.8], "rotation": [-32.58301, 30.31573, -70.97493], "uv": [0, 11]},
						{"origin": [-0.8, 13.65, 3.8], "size": [0, 2, 2], "inflate": 0.01, "pivot": [-0.8, 12.65, 3.8], "rotation": [-122.58301, 30.31573, -70.97493], "uv": [0, 9]},
						{"origin": [-1, 8.75, -5.9], "size": [2, 1, 3], "inflate": 0.01, "pivot": [0, 9.75, -3.5], "rotation": [5, 0, 0], "uv": [18, 2]}
					]
				},
				{
					"name": "jaw",
					"parent": "head",
					"pivot": [0, 8.5, -3.5],
					"rotation": [-5, 0, 0],
					"cubes": [
						{"origin": [-1, 7.75, -5], "size": [2, 1, 2], "uv": [0, 30]}
					]
				},
				{
					"name": "crest",
					"parent": "head",
					"pivot": [0, 11.25, -3.5],
					"rotation": [15, 0, 0]
				},
				{
					"name": "eyelid_right",
					"parent": "head",
					"pivot": [-1.41, 9.75, -2.41],
					"cubes": [
						{"origin": [-2, 9.25, -3.41], "size": [1, 2, 2], "inflate": 0.01, "uv": [10, 21]}
					]
				},
				{
					"name": "eyelid_left",
					"parent": "head",
					"pivot": [1.41, 9.75, -2.41],
					"cubes": [
						{"origin": [1, 9.25, -3.41], "size": [1, 2, 2], "inflate": 0.01, "uv": [10, 21]}
					]
				},
				{
					"name": "wing_right",
					"parent": "torso",
					"pivot": [-2.5, 5.75, -2.25],
					"cubes": [
						{"origin": [-4.5, 5.75, -4.25], "size": [2, 0, 5], "uv": [19, 6], "mirror": true}
					]
				},
				{
					"name": "wing_right2",
					"parent": "wing_right",
					"pivot": [-5.5, 5.75, 0.75],
					"cubes": [
						{"origin": [-9.5, 5.75, -4.25], "size": [5, 0, 5], "inflate": 0.01, "uv": [10, 11], "mirror": true}
					]
				},
				{
					"name": "wing_left",
					"parent": "torso",
					"pivot": [2.5, 5.75, -2.25],
					"cubes": [
						{"origin": [2.5, 5.75, -4.25], "size": [2, 0, 5], "uv": [19, 6]}
					]
				},
				{
					"name": "wing_left2",
					"parent": "wing_left",
					"pivot": [5.5, 5.75, 0.75],
					"cubes": [
						{"origin": [4.5, 5.75, -4.25], "size": [5, 0, 5], "inflate": 0.01, "uv": [10, 11]}
					]
				},
				{
					"name": "tail",
					"parent": "torso",
					"pivot": [0, 5.25, 4.05]
				},
				{
					"name": "leg_right",
					"parent": "body",
					"pivot": [-1.5, 3, 0.25],
					"rotation": [5, 0, 0],
					"cubes": [
						{"origin": [-2, 0.69771, -0.84772], "size": [1, 2, 1], "pivot": [0, 0, 0], "rotation": [-10, 0, 0], "uv": [2, 3]}
					]
				},
				{
					"name": "leg_right2",
					"parent": "leg_right",
					"pivot": [-1.5, 1.75, 0.75],
					"rotation": [-15, 0, 0]
				},
				{
					"name": "foot_right",
					"parent": "leg_right2",
					"pivot": [-1.5, 0.75, -0.25],
					"rotation": [10, 0, 0],
					"cubes": [
						{"origin": [-2.5, -0.25, -1.8], "size": [2, 1, 3], "uv": [22, 13]}
					]
				},
				{
					"name": "toe_back_right",
					"parent": "foot_right",
					"pivot": [-1.5, 0.75, 1],
					"cubes": [
						{"origin": [-1, -0.25, 0.7], "size": [0, 1, 1], "inflate": 0.01, "pivot": [-1.5, 0.25, 1.5], "rotation": [0, 0, 90], "uv": [0, 2]}
					]
				},
				{
					"name": "toe_inner_right",
					"parent": "foot_right",
					"pivot": [-0.75, 0.75, -1],
					"cubes": [
						{"origin": [-0.68104, -1.33701, -1.83092], "size": [0, 1, 1], "inflate": 0.01, "pivot": [-0.68104, -0.25, -0.79623], "rotation": [-37.5, 0, 90], "uv": [0, 2]},
						{"origin": [-1.54913, -0.71569, -2.16013], "size": [0, 1, 1], "inflate": 0.01, "pivot": [-1.54913, -0.25, -1.69444], "rotation": [-45, 0, 90], "uv": [0, 2]}
					]
				},
				{
					"name": "toe_outer_right",
					"parent": "foot_right",
					"pivot": [-2.25, 0.75, -1],
					"cubes": [
						{"origin": [-1.75, -0.25, -2.09282], "size": [0, 1, 1], "inflate": 0.01, "pivot": [-2.25, 0.25, -1.5], "rotation": [30, 0, 90], "uv": [0, 2]}
					]
				},
				{
					"name": "leg_left",
					"parent": "body",
					"pivot": [1.5, 3, 0.25],
					"rotation": [5, 0, 0],
					"cubes": [
						{"origin": [1, 0.69771, -0.84772], "size": [1, 2, 1], "pivot": [0, 0, 0], "rotation": [-10, 0, 0], "uv": [2, 3]}
					]
				},
				{
					"name": "leg_left2",
					"parent": "leg_left",
					"pivot": [1.5, 1.75, 0.75],
					"rotation": [-15, 0, 0]
				},
				{
					"name": "foot_left",
					"parent": "leg_left2",
					"pivot": [1.5, 0.75, -0.25],
					"rotation": [10, 0, 0],
					"cubes": [
						{"origin": [0.5, -0.25, -1.8], "size": [2, 1, 3], "uv": [22, 13]}
					]
				},
				{
					"name": "toe_back_left",
					"parent": "foot_left",
					"pivot": [1.5, 0.75, 1],
					"cubes": [
						{"origin": [1, -0.25, 0.7], "size": [0, 1, 1], "inflate": 0.01, "pivot": [1.5, 0.25, 1.5], "rotation": [0, 0, -90], "uv": [0, 2]}
					]
				},
				{
					"name": "toe_inner_left",
					"parent": "foot_left",
					"pivot": [0.75, 0.75, -1],
					"cubes": [
						{"origin": [0.68104, -1.33701, -1.83092], "size": [0, 1, 1], "inflate": 0.01, "pivot": [0.68104, -0.25, -0.79623], "rotation": [-37.5, 0, -90], "uv": [0, 2]},
						{"origin": [1.54913, -0.71569, -2.16013], "size": [0, 1, 1], "inflate": 0.01, "pivot": [1.54913, -0.25, -1.69444], "rotation": [-45, 0, -90], "uv": [0, 2]}
					]
				},
				{
					"name": "toe_outer_left",
					"parent": "foot_left",
					"pivot": [2.25, 0.75, -1],
					"cubes": [
						{"origin": [1.75, -0.25, -2.09282], "size": [0, 1, 1], "inflate": 0.01, "pivot": [2.25, 0.25, -1.5], "rotation": [30, 0, -90], "uv": [0, 2]}
					]
				},
				{
					"name": "claw_outer_right",
					"parent": "leg_left2",
					"pivot": [-2.25, 0.75, -2]
				}
			]
		}
	]
}