{
	"format_version": "1.12.0",
	"minecraft:geometry": [
		{
			"description": {
				"identifier": "geometry.elekid",
				"texture_width": 64,
				"texture_height": 64,
				"visible_bounds_width": 3,
				"visible_bounds_height": 3.5,
				"visible_bounds_offset": [0, 1.25, 0]
			},
			"bones": [
				{
					"name": "elekid",
					"pivot": [0, 0, 0]
				},
				{
					"name": "body",
					"parent": "elekid",
					"pivot": [0, 6.5, 0]
				},
				{
					"name": "torso",
					"parent": "body",
					"pivot": [0, 2.58333, 0],
					"cubes": [
						{"origin": [-3.5, 3.5, -3.5], "size": [7, 8, 7], "uv": [0, 0]},
						{"origin": [-1, 6.75, -3.5], "size": [2, 1, 0], "inflate": 0.02, "uv": [0, 6]}
					]
				},
				{
					"name": "bone",
					"parent": "torso",
					"pivot": [0, 11.64914, 0.00036],
					"cubes": [
						{"origin": [0, 11.5, 2.4], "size": [0, 6, 1], "inflate": -0.001, "pivot": [0, 15.5, 0.5], "rotation": [-45, 0, 0], "uv": [0, 14]},
						{"origin": [0, 14.23492, 2.58614], "size": [0, 6, 6], "pivot": [0, 17.23492, 5.58614], "rotation": [-135, 0, -180], "uv": [12, 9]},
						{"origin": [-0.1, 14.17458, 2.64918], "size": [0, 6, 6], "pivot": [0, 17.17458, 5.64918], "rotation": [-90, -45, 90], "uv": [12, 9]}
					]
				},
				{
					"name": "eyes",
					"parent": "torso",
					"pivot": [0, 8.84442, -3.5],
					"cubes": [
						{"origin": [0.82923, 8.34442, -3.5], "size": [2, 1, 0], "inflate": 0.02, "pivot": [1.82923, 8.84442, -3.5], "rotation": [0, 0, -15], "uv": [3, 5]},
						{"origin": [-2.82923, 8.34442, -3.5], "size": [2, 1, 0], "inflate": 0.02, "pivot": [-1.82923, 8.84442, -3.5], "rotation": [0, 0, 15], "uv": [3, 5], "mirror": true}
					]
				},
				{
					"name": "leftarm",
					"parent": "torso",
					"pivot": [3.5, 8.5, 0],
					"cubes": [
						{"origin": [2.5, 6.5, -0.5], "size": [5, 2, 1], "uv": [24, 15]}
					]
				},
				{
					"name": "lefthand",
					"parent": "leftarm",
					"pivot": [6.5, 7.5, 0.5],
					"cubes": [
						{"origin": [6.5, 6.25, -1.5], "size": [6, 3, 3], "uv": [21, 0]},
						{"origin": [12.5, 9, -0.5], "size": [1, 0, 1], "inflate": 0.02, "pivot": [12.5, 9, 0], "rotation": [0, 0, 10], "uv": [0, 5]},
						{"origin": [12.5, 7.5, -1.75], "size": [1, 0, 1], "inflate": 0.02, "pivot": [13, 7.5, -1.25], "rotation": [-80, 0, 0], "uv": [3, 1]},
						{"origin": [12.5, 7.5, 0.75], "size": [1, 0, 1], "inflate": 0.02, "pivot": [13, 7.5, 1.25], "rotation": [-100, 0, 0], "uv": [3, 0]}
					]
				},
				{
					"name": "rightarm",
					"parent": "torso",
					"pivot": [-3.5, 8.5, 0],
					"cubes": [
						{"origin": [-7.5, 6.5, -0.5], "size": [5, 2, 1], "uv": [24, 15], "mirror": true}
					]
				},
				{
					"name": "righthand",
					"parent": "rightarm",
					"pivot": [-6.5, 7.5, 0.5],
					"cubes": [
						{"origin": [-12.5, 6.25, -1.5], "size": [6, 3, 3], "uv": [21, 0], "mirror": true},
						{"origin": [-13.5, 9, -0.5], "size": [1, 0, 1], "inflate": 0.02, "pivot": [-12.5, 9, 0], "rotation": [0, 0, -10], "uv": [0, 5], "mirror": true},
						{"origin": [-13.5, 7.5, -1.75], "size": [1, 0, 1], "inflate": 0.02, "pivot": [-13, 7.5, -1.25], "rotation": [-80, 0, 0], "uv": [3, 1], "mirror": true},
						{"origin": [-13.5, 7.5, 0.75], "size": [1, 0, 1], "inflate": 0.02, "pivot": [-13, 7.5, 1.25], "rotation": [-100, 0, 0], "uv": [3, 0], "mirror": true}
					]
				},
				{
					"name": "leftleg",
					"parent": "body",
					"pivot": [2, 2, 0],
					"cubes": [
						{"origin": [1.5, 0.75, -1], "size": [1, 3, 2], "uv": [0, 0]}
					]
				},
				{
					"name": "leftfoot",
					"parent": "leftleg",
					"pivot": [2, 1, 0],
					"cubes": [
						{"origin": [0.5, 0, -4], "size": [3, 1, 6], "uv": [0, 15]}
					]
				},
				{
					"name": "rightleg",
					"parent": "body",
					"pivot": [-2, 2, 0],
					"cubes": [
						{"origin": [-2.5, 0.75, -1], "size": [1, 3, 2], "uv": [0, 0], "mirror": true}
					]
				},
				{
					"name": "rightfoot",
					"parent": "rightleg",
					"pivot": [-2, 1, 0],
					"cubes": [
						{"origin": [-3.5, 0, -4], "size": [3, 1, 6], "uv": [0, 15], "mirror": true}
					]
				}
			]
		}
	]
}