{
	"format_version": "1.12.0",
	"minecraft:geometry": [
		{
			"description": {
				"identifier": "geometry.unknown",
				"texture_width": 64,
				"texture_height": 64,
				"visible_bounds_width": 2,
				"visible_bounds_height": 2.5,
				"visible_bounds_offset": [0, 0.75, 0]
			},
			"bones": [
				{
					"name": "kokiseed",
					"pivot": [0, 0, 0]
				},
				{
					"name": "body",
					"parent": "kokiseed",
					"pivot": [0, -1, 0],
					"cubes": [
						{"origin": [-5, 1, -5], "size": [10, 7, 10], "uv": [0, 0]}
					]
				},
				{
					"name": "head",
					"parent": "body",
					"pivot": [0, 9.5, 0.25],
					"cubes": [
						{"origin": [-3, 8, -3], "size": [6, 6, 6], "uv": [0, 18]},
						{"origin": [0, 14, -2], "size": [0, 4, 5], "uv": [0, 0]}
					]
				},
				{
					"name": "hair",
					"parent": "head",
					"pivot": [0, -2, 0]
				},
				{
					"name": "mouth",
					"parent": "head",
					"pivot": [0, -2, 0],
					"cubes": [
						{"origin": [-1, 8.6, -3], "size": [2, 2, 0], "inflate": 0.01, "uv": [6, 0]},
						{"origin": [-2, 9, -3], "size": [1, 1, 0], "inflate": 0.01, "uv": [2, 4]},
						{"origin": [1, 9, -3], "size": [1, 1, 0], "inflate": 0.01, "uv": [0, 4]},
						{"origin": [-2, 8, -2], "size": [4, 2, 0], "inflate": 0.01, "uv": [24, 28]}
					]
				},
				{
					"name": "lefteye",
					"parent": "head",
					"pivot": [0, -2, 0],
					"cubes": [
						{"origin": [-2, 11, -3], "size": [1, 2, 0], "inflate": 0.01, "uv": [8, 2]}
					]
				},
				{
					"name": "closed",
					"parent": "lefteye",
					"pivot": [0, -2, 0],
					"cubes": [
						{"origin": [-2, 11, -2], "size": [1, 2, 0], "inflate": 0.01, "uv": [30, 8]}
					]
				},
				{
					"name": "righteye",
					"parent": "head",
					"pivot": [0, -2, 0],
					"cubes": [
						{"origin": [1, 11, -3], "size": [1, 2, 0], "inflate": 0.01, "uv": [0, 0]}
					]
				},
				{
					"name": "closed2",
					"parent": "righteye",
					"pivot": [3, -2, 3],
					"cubes": [
						{"origin": [1, 11, -2], "size": [1, 2, 0], "inflate": 0.01, "uv": [32, 8]}
					]
				},
				{
					"name": "leftleg",
					"parent": "body",
					"pivot": [0, 0, 0],
					"cubes": [
						{"origin": [-3, 0, -1], "size": [2, 2, 2], "uv": [18, 18]}
					]
				},
				{
					"name": "rightleg",
					"parent": "body",
					"pivot": [0, 0, 0],
					"cubes": [
						{"origin": [1, 0, -1], "size": [2, 2, 2], "uv": [0, 0]}
					]
				}
			]
		}
	]
}