{
	"format_version": "1.12.0",
	"minecraft:geometry": [
		{
			"description": {
				"identifier": "geometry.aguade",
				"texture_width": 64,
				"texture_height": 64,
				"visible_bounds_width": 3,
				"visible_bounds_height": 2.5,
				"visible_bounds_offset": [0, 0.75, 0]
			},
			"bones": [
				{
					"name": "squirtle",
					"pivot": [0, 0, 0]
				},
				{
					"name": "body",
					"parent": "squirtle",
					"pivot": [0, 8, 0]
				},
				{
					"name": "torso",
					"parent": "body",
					"pivot": [0, 8, 0],
					"cubes": [
						{"origin": [-4, 3, -4.5], "size": [8, 10, 7], "inflate": -0.001, "uv": [0, 29]},
						{"origin": [-3.5, 8, -4.5], "size": [7, 3, 0], "uv": [7, 24]}
					]
				},
				{
					"name": "bone",
					"parent": "torso",
					"pivot": [0, 11, 3.5],
					"cubes": [
						{"origin": [-0.5, 8.8, -2.1], "size": [1, 6, 8], "pivot": [0, 11, 3.5], "rotation": [-45, 0, 0], "uv": [26, 50]}
					]
				},
				{
					"name": "neck",
					"parent": "torso",
					"pivot": [0, 13, 1.5],
					"cubes": [
						{"origin": [-3.5, 13, -3.5], "size": [7, 2, 6], "uv": [26, 0]}
					]
				},
				{
					"name": "head",
					"parent": "torso",
					"pivot": [0, 13, 0],
					"rotation": [10, 0, 0]
				},
				{
					"name": "head_correction",
					"parent": "head",
					"pivot": [0, 13, 0]
				},
				{
					"name": "head_ai",
					"parent": "head_correction",
					"pivot": [0, 13, 0]
				},
				{
					"name": "head_angle",
					"parent": "head_ai",
					"pivot": [0, 13, 0],
					"cubes": [
						{"origin": [-4, 13, -7], "size": [8, 7, 10], "uv": [0, 0]},
						{"origin": [-4, 20.69014, -6.45528], "size": [8, 0, 1], "pivot": [0, 16.19014, -1.45528], "rotation": [7.5, 0, 0], "uv": [-1, 52]},
						{"origin": [-1.30541, 20.67344, -5.51372], "size": [6, 0, 12], "inflate": 0.003, "pivot": [0.69459, 16.17344, -1.51372], "rotation": [7.61435, 9.91358, 1.31845], "uv": [12, 17]},
						{"origin": [-4.69459, 20.67344, -5.51372], "size": [6, 0, 12], "pivot": [-0.69459, 16.17344, -1.51372], "rotation": [7.61435, -9.91358, -1.31845], "uv": [12, 17], "mirror": true}
					]
				},
				{
					"name": "eyes",
					"parent": "head_angle",
					"pivot": [0, 16.65, -3.6],
					"rotation": [-5, 0, 0]
				},
				{
					"name": "eye_right",
					"parent": "eyes",
					"pivot": [-0.41, 16.65, -2.61],
					"rotation": [0, 90, 0],
					"cubes": [
						{"origin": [0.46, 15.15, -6.21], "size": [2, 3, 2], "inflate": 0.001, "uv": [44, 24]},
						{"origin": [-0.54, 15.15, -6.21], "size": [3, 3, 2], "uv": [0, 5]}
					]
				},
				{
					"name": "eyelid_right",
					"parent": "eye_right",
					"pivot": [1.54, 16.65, -2.51],
					"cubes": [
						{"origin": [-0.56, 15.15, -6.11], "size": [3, 3, 2], "inflate": 0.01, "uv": [0, 17]}
					]
				},
				{
					"name": "eye_left",
					"parent": "eyes",
					"pivot": [0.41, 16.65, -4.61],
					"rotation": [0, -90, 0],
					"cubes": [
						{"origin": [-0.59, 15.15, -8.21], "size": [3, 3, 2], "uv": [0, 5]},
						{"origin": [-0.59, 15.15, -8.21], "size": [2, 3, 2], "inflate": 0.001, "uv": [44, 24]}
					]
				},
				{
					"name": "eyelid_left",
					"parent": "eye_left",
					"pivot": [0.31, 16.65, -4.51],
					"cubes": [
						{"origin": [-0.59, 15.15, -8.11], "size": [3, 3, 2], "inflate": 0.01, "uv": [0, 0]}
					]
				},
				{
					"name": "mouth",
					"parent": "head_angle",
					"pivot": [0, 13.515, -4.41],
					"cubes": [
						{"origin": [-3, 13.315, -7.11], "size": [6, 1, 0], "uv": [0, 28]},
						{"origin": [-3.5, 14.315, -7.11], "size": [7, 1, 0], "uv": [0, 27]}
					]
				},
				{
					"name": "tail",
					"parent": "torso",
					"pivot": [0, 4, 2],
					"cubes": [
						{"origin": [-2.5, 2.25, 0], "size": [5, 5, 5], "uv": [36, 8]}
					]
				},
				{
					"name": "tail2",
					"parent": "tail",
					"pivot": [0, 4, 9],
					"cubes": [
						{"origin": [-2, 2.25, 5], "size": [4, 4, 7], "uv": [29, 22]},
						{"origin": [-0.5, 5.85, 8], "size": [1, 3, 3], "uv": [0, 58]}
					]
				},
				{
					"name": "arm_right",
					"parent": "torso",
					"pivot": [-4, 12.5, -1],
					"cubes": [
						{"origin": [-9.8, 9.5, -3.5], "size": [6, 3, 3], "uv": [44, 18], "mirror": true},
						{"origin": [-11.4, 12.5, -2.5], "size": [2, 0, 1], "inflate": 0.001, "uv": [25, 0], "mirror": true},
						{"origin": [-11.3, 12.5, -0.9], "size": [2, 0, 1], "inflate": 0.001, "pivot": [-10.9, 12.5, -1], "rotation": [0, 20, 0], "uv": [25, 0], "mirror": true},
						{"origin": [-11.6, 12.5, -4.075], "size": [2, 0, 1], "inflate": 0.001, "pivot": [-10.9, 12.5, -2], "rotation": [0, -20, 0], "uv": [25, 0], "mirror": true}
					]
				},
				{
					"name": "arm_left",
					"parent": "torso",
					"pivot": [4, 12.5, -1],
					"cubes": [
						{"origin": [3.8, 9.5, -3.5], "size": [6, 3, 3], "uv": [44, 18]}
					]
				},
				{
					"name": "bone2",
					"parent": "arm_left",
					"pivot": [10.5, 12.5, -2],
					"cubes": [
						{"origin": [9.4, 12.5, -2.5], "size": [2, 0, 1], "inflate": 0.001, "uv": [25, 0]},
						{"origin": [9.3, 12.5, -0.9], "size": [2, 0, 1], "inflate": 0.001, "pivot": [10.9, 12.5, -1], "rotation": [0, -20, 0], "uv": [25, 0]},
						{"origin": [9.6, 12.5, -4.075], "size": [2, 0, 1], "inflate": 0.001, "pivot": [10.9, 12.5, -2], "rotation": [0, 20, 0], "uv": [25, 0]}
					]
				},
				{
					"name": "leg_right",
					"parent": "body",
					"pivot": [-3, 5, -1],
					"cubes": [
						{"origin": [-5.2, 0, -4], "size": [3, 2, 4], "uv": [18, 46], "mirror": true},
						{"origin": [-5.8, 2, -3], "size": [4, 4, 4], "uv": [38, 33], "mirror": true}
					]
				},
				{
					"name": "bone3",
					"parent": "leg_right",
					"pivot": [-10, 12.5, -2]
				},
				{
					"name": "leg_left",
					"parent": "body",
					"pivot": [3, 5, -1],
					"cubes": [
						{"origin": [1.8, 2, -3], "size": [4, 4, 4], "uv": [38, 33]},
						{"origin": [2.2, 0, -4], "size": [3, 2, 4], "uv": [18, 46]}
					]
				}
			]
		}
	]
}