{
  "implemented": true,
  "name": "lepideon",
  "nationalPokedexNumber": 1349,
  "primaryType": "bug",
  "abilities": [
    "rattled",
    "h:tintedlens"
  ],
  "baseStats": {
    "hp": 80,
    "attack": 65,
    "defence": 72,
    "special_attack": 115,
    "special_defence": 90,
    "speed": 103
  },
  "behaviour": {
    "resting": {
        "canSleep": true,
        "willSleepOnBed": false,        "depth": "normal",
        "light": "0-6"
    },
    "moving": {
        "fly": {
            "canFly": false
        },
        "canLook": true,
        "walk": {
            "canWalk": true,
            "avoidsLand": false
        },
        "swim": {
            "swimSpeed": 0.1,
            "canSwimInWater": true,
            "canBreatheUnderwater": false
        },
        "wanderChance": 1.0
    }
  },
  "catchRate": 45,
  "maleRatio": 0.5,
  "shoulderMountable": false,
  "baseExperienceYield": 184,
  "experienceGroup": "medium_fast",
  "eggCycles": 35,
  "eggGroups": [
    "field"
  ],
  "moves": [
    "1:signalbeam",
    "1:helpinghand",
    "1:tackle",
    "1:tailwhip",
    "1:poisonpowder",
    "1:strugglebug",
    "1:gust",
    "8:stunspore",
    "12:razorwind",
    "19:fairywind",
    "20:sleeppowder",
    "23:silverwind",
    "28:ragepowder",
    "28:uturn",
    "33:airslash",
    "39:hiddenpower",
    "44:dazzlinggleam",
    "49:bugbuzz",
    "52:whirlwind",
    "58:quiverdance",
    "62:moonblast",
    "70:tailglow",
    "tm:toxic",
    "tm:venoshock",
    "tm:hiddenpower",
    "tm:hyperbeam",
    "tm:protect",
    "tm:raindance",
    "tm:safeguard",
    "tm:frustration",
    "tm:solarbeam",
    "tm:return",
    "tm:dig",
    "tm:sludgebomb",
    "tm:aerialace",
    "tm:facade",
    "tm:rest",
    "tm:attract",
    "tm:lowsweep",
    "tm:round",
    "tm:echoedvoice",
    "tm:energyball",
    "tm:falseswipe",
    "tm:chargebeam",
    "tm:acrobatics",
    "tm:shadowclaw",
    "tm:payback",
    "tm:retaliate",
    "tm:gigaimpact",
    "tm:thunderwave",
    "tm:strugglebug",
    "tm:xscissor",
    "tm:swagger",
    "tm:uturn",
    "tm:substitute",
    "tm:bulletseed",
    "tm:cut",
    "tm:fly",
    "tutor:dazzlinggleam",
    "tutor:gigadrain",
    "tutor:signalbeam",
    "egg:curse",
    "egg:detect",
    "egg:endure",
    "egg:faketears",
    "egg:flail",
    "egg:naturalgift",
    "egg:storedpower",
    "egg:synchronoise",
    "egg:tickle",
    "egg:wish",
    "egg:yawn"  ],
  "labels": [
    "infinity"
  ],
  "pokedex": [
    "cobblemon.species.lepideon.desc"
  ],
  "preEvolution": "eevee",
  "baseScale": 0.8,
  "hitbox": {
    "width": 1.4,
    "height": 1.4,
    "fixed": false
  },
  "baseFriendship": 70,
  "evYield": {
    "hp": 0,
    "attack": 0,
    "defence": 0,
    "special_attack": 2,
    "special_defence": 0,
    "speed": 1
  },
  "height": 14,
  "weight": 220,
  "aspects": [],
"features": [

  ],  "cannotDynamax": false
}