{
  "implemented": true,
  "name": "obsideon",
  "nationalPokedexNumber": 1351,
  "primaryType": "rock",
  "abilities": [
    "rockhead",
    "h:sandrush"
  ],
  "baseStats": {
    "hp": 75,
    "attack": 120,
    "defence": 75,
    "special_attack": 60,
    "special_defence": 115,
    "speed": 80
  },
  "behaviour": {
    "resting": {
        "canSleep": true,
        "willSleepOnBed": false,        "depth": "normal",
        "light": "0-6"
    },
    "moving": {
        "fly": {
            "canFly": false
        },
        "canLook": true,
        "walk": {
            "canWalk": true,
            "avoidsLand": false
        },
        "swim": {
            "swimSpeed": 0.1,
            "canSwimInWater": true,
            "canBreatheUnderwater": false
        },
        "wanderChance": 1.0
    }
  },
  "catchRate": 45,
  "maleRatio": 0.5,
  "shoulderMountable": false,
  "baseExperienceYield": 184,
  "experienceGroup": "medium_fast",
  "eggCycles": 35,
  "eggGroups": [
    "field"
  ],
  "moves": [
    "1:helpinghand",
    "1:tackle",
    "1:tailwhip",
    "1:bite",
    "4:sandattack",
    "9:smackdown",
    "14:stomp",
    "14:spikes",
    "19:sandstorm",
    "21:headbutt",
    "25:rockblast",
    "28:honeclaws",
    "32:superfang",
    "33:nightslash",
    "37:rockpolish",
    "40:rockslide",
    "41:icefang",
    "42:firefang",
    "42:thunderfang",
    "45:headcharge",
    "52:suckerpunch",
    "60:stoneedge",
    "75:headsmash",
    "tm:roar",
    "tm:toxic",
    "tm:hiddenpower",
    "tm:hyperbeam",
    "tm:protect",
    "tm:raindance",
    "tm:frustration",
    "tm:solarbeam",
    "tm:smackdown",
    "tm:earthquake",
    "tm:return",
    "tm:dig",
    "tm:shadowball",
    "tm:flamethrower",
    "tm:sandstorm",
    "tm:rocktomb",
    "tm:torment",
    "tm:facade",
    "tm:flamecharge",
    "tm:rest",
    "tm:attract",
    "tm:lowsweep",
    "tm:round",
    "tm:echoedvoice",
    "tm:overheat",
    "tm:energyball",
    "tm:incinerate",
    "tm:shadowclaw",
    "tm:payback",
    "tm:gigaimpact",
    "tm:rockpolish",
    "tm:stoneedge",
    "tm:thunderwave",
    "tm:gyroball",
    "tm:swordsdance",
    "tm:bulldoze",
    "tm:rockslide",
    "tm:swagger",
    "tm:substitute",
    "tm:rocksmash",
    "tm:cut",
    "tm:strength",
    "tutor:ancientpower",
    "tutor:darkpulse",
    "tutor:drillrun",
    "tutor:earthpower",
    "tutor:rollout",
    "tutor:stealthrock",
    "egg:charm",
    "egg:covet",
    "egg:curse",
    "egg:detect",
    "egg:endure",
    "egg:faketears",
    "egg:flail",
    "egg:naturalgift",
    "egg:storedpower",
    "egg:synchronoise",
    "egg:tickle",
    "egg:wish",
    "egg:yawn"  ],
  "labels": [
    "infinity"
  ],
  "pokedex": [
    "cobblemon.species.obsideon.desc"
  ],
  "preEvolution": "eevee",
  "baseScale": 0.8,
  "hitbox": {
    "width": 1.3,
    "height": 1.3,
    "fixed": false
  },
  "baseFriendship": 70,
  "evYield": {
    "hp": 0,
    "attack": 2,
    "defence": 0,
    "special_attack": 0,
    "special_defence": 1,
    "speed": 0
  },
  "height": 13,
  "weight": 330,
  "aspects": [],
"features": [

  ],  "cannotDynamax": false
}