{
  "implemented": true,
  "name": "omeon",
  "nationalPokedexNumber": 1347,
  "primaryType": "ghost",
  "abilities": [
    "superluck",
    "h:moxie"
  ],
  "baseStats": {
    "hp": 70,
    "attack": 124,
    "defence": 85,
    "special_attack": 65,
    "special_defence": 65,
    "speed": 116
  },
  "behaviour": {
    "resting": {
        "canSleep": true,
        "willSleepOnBed": false,        "depth": "normal",
        "light": "0-6"
    },
    "moving": {
        "fly": {
            "canFly": false
        },
        "canLook": true,
        "walk": {
            "canWalk": true,
            "avoidsLand": false
        },
        "swim": {
            "swimSpeed": 0.1,
            "canSwimInWater": true,
            "canBreatheUnderwater": false
        },
        "wanderChance": 1.0
    }
  },
  "catchRate": 45,
  "maleRatio": 0.5,
  "shoulderMountable": false,
  "baseExperienceYield": 184,
  "experienceGroup": "medium_fast",
  "eggCycles": 35,
  "eggGroups": [
    "field"
  ],
  "moves": [
    "1:helpinghand",
    "1:tackle",
    "1:tailwhip",
    "1:grudge",
    "1:counter",
    "1:switcheroo",
    "5:taunt",
    "9:lick",
    "14:pursuit",
    "17:confuseray",
    "21:doublekick",
    "23:slash",
    "30:willowisp",
    "35:bounce",
    "37:knockoff",
    "39:shadowclaw",
    "49:crosschop",
    "55:glare",
    "59:shadowsneak",
    "65:skullbash",
    "72:phantomforce",
    "tm:honeclaws",
    "tm:dragonclaw",
    "tm:toxic",
    "tm:venoshock",
    "tm:hiddenpower",
    "tm:taunt",
    "tm:hyperbeam",
    "tm:protect",
    "tm:raindance",
    "tm:frustration",
    "tm:return",
    "tm:dig",
    "tm:psychic",
    "tm:shadowball",
    "tm:brickbreak",
    "tm:doubleteam",
    "tm:sludgewave",
    "tm:flamethrower",
    "tm:rocktomb",
    "tm:aerialace",
    "tm:torment",
    "tm:facade",
    "tm:flamecharge",
    "tm:rest",
    "tm:attract",
    "tm:thief",
    "tm:lowsweep",
    "tm:round",
    "tm:echoedvoice",
    "tm:allyswitch",
    "tm:energyball",
    "tm:falseswipe",
    "tm:fling",
    "tm:incinerate",
    "tm:quash",
    "tm:willowisp",
    "tm:shadowclaw",
    "tm:payback",
    "tm:gigaimpact",
    "tm:flash",
    "tm:thunderwave",
    "tm:swordsdance",
    "tm:poisonjab",
    "tm:swagger",
    "tm:substitute",
    "tm:trickroom",
    "tm:rocksmash",
    "tm:snarl",
    "tm:cut",
    "tm:strength",
    "tutor:darkpulse",
    "tutor:foulplay",
    "tutor:suckerpunch",
    "tutor:superpower",
    "tutor:zenheadbutt",
    "egg:charm",
    "egg:covet",
    "egg:curse",
    "egg:detect",
    "egg:endure",
    "egg:faketears",
    "egg:flail",
    "egg:naturalgift",
    "egg:storedpower",
    "egg:synchronoise",
    "egg:tickle",
    "egg:wish",
    "egg:yawn"  ],
  "labels": [
    "infinity"
  ],
  "pokedex": [
    "cobblemon.species.omeon.desc"
  ],
  "preEvolution": "eevee",
  "baseScale": 0.8,
  "hitbox": {
    "width": 1.1,
    "height": 1.1,
    "fixed": false
  },
  "baseFriendship": 70,
  "evYield": {
    "hp": 0,
    "attack": 2,
    "defence": 0,
    "special_attack": 1,
    "special_defence": 0,
    "speed": 1
  },
  "height": 11,
  "weight": 180,
  "aspects": [],
"features": [

  ],  "cannotDynamax": false
}