{
  "implemented": true,
  "name": "electaburst",
  "nationalPokedexNumber": 1459,
  "primaryType": "fire",
  "secondaryType": "electric",
  "abilities": [
    "levitate",
    "h:vitalspirit"
  ],
  "baseStats": {
    "hp": 75,
    "attack": 95,
    "defence": 67,
    "special_attack": 123,
    "special_defence": 85,
    "speed": 95
  },
  "behaviour": {
    "resting": {
        "canSleep": true,
        "willSleepOnBed": false,        "depth": "normal",
        "light": "0-6"
    },
    "moving": {
        "fly": {
            "canFly": false
        },
        "canLook": true,
        "walk": {
            "canWalk": true,
            "avoidsLand": false
        },
        "swim": {
            "swimSpeed": 0.1,
            "canSwimInWater": true,
            "canBreatheUnderwater": false
        },
        "wanderChance": 1.0
    }
  },
  "catchRate": 30,
  "maleRatio": 0.5,
  "shoulderMountable": false,
  "baseExperienceYield": 242,
  "experienceGroup": "medium_slow",
  "eggCycles": 26,
  "eggGroups": [
    "undiscovered"
  ],
  "moves": [
    "1:electroball",
    "1:thunderwave",
    "1:thunderpunch",
    "1:discharge",
    "1:thunderbolt",
    "1:thunder",
    "1:quickattack",
    "1:leer",
    "1:ember",
    "1:lowkick",
    "1:swift",
    "1:incinerate",
    "1:firespin",
    "1:flameburst",
    "1:screech",
    "26:workup",
    "29:firepunch",
    "36:lavaplume",
    "49:flamethrower",
    "55:fireblast",
    "62:explosion",
    "tm:toxic",
    "tm:hiddenpower",
    "tm:sunnyday",
    "tm:taunt",
    "tm:hyperbeam",
    "tm:lightscreen",
    "tm:protect",
    "tm:thunderbolt",
    "tm:thunder",
    "tm:return",
    "tm:doubleteam",
    "tm:flamethrower",
    "tm:fireblast",
    "tm:torment",
    "tm:facade",
    "tm:flamecharge",
    "tm:rest",
    "tm:attract",
    "tm:thief",
    "tm:round",
    "tm:overheat",
    "tm:focusblast",
    "tm:fling",
    "tm:chargebeam",
    "tm:willowisp",
    "tm:explosion",
    "tm:gigaimpact",
    "tm:voltswitch",
    "tm:thunderwave",
    "tm:swagger",
    "tm:substitute",
    "tm:flashcannon",
    "tm:wildcharge",
    "tutor:secretpower"  ],
  "labels": [
    "xenoverse"
  ],
  "pokedex": [
    "cobblemon.species.electaburst.desc"
  ],
  "preEvolution": "electaburst",
  "evolutions": [
    {
      "id": "electaburst_electaburst",
      "variant": "item_interact",
      "result": "electaburst",
      "consumeHeldItem": false,
      "learnableMoves": [],
      "requirements": [

      ],
      "requiredContext": "cobblemon:fire_stone"   
 }
  ],
  "baseScale": 1.3,
  "hitbox": {
    "width": 1.1,
    "height": 1.7,
    "fixed": false
  },
  "baseFriendship": 70,
  "evYield": {
    "hp": 0,
    "attack": 0,
    "defence": 0,
    "special_attack": 3,
    "special_defence": 0,
    "speed": 0
  },
  "height": 18,
  "weight": 723,
  "aspects": [],
"features": [

  ],  "cannotDynamax": false
}