{
  "portraitScale": 1.8,
  "portraitTranslation": [0.0, 0.0, 0.0],
  "profileScale": 0.8,
  "profileTranslation": [0.0, 0.5, 0.0],
  "poses": {
    "standing": {
        "poseName": "standing",
        "transformTicks": 10,
        "poseTypes": ["STAND", "NONE", "PORTRAIT", "PROFILE"],
        "animations": [
          "bedrock(cacnea_x, ground_idle)"
        ]
      },
	  "walking": {
        "poseName": "walking",
        "transformTicks": 10,
        "poseTypes": ["WALK"],
        "animations": [
          "bedrock(cacnea_x, ground_walk)"
        ]
      }
  }
}