{
	"format_version": "1.8.0",
	"animations": {
		"animation.dvaarak.ground_idle": {
			"loop": true,
			"bones": {
				"body": {
					"rotation": ["(math.cos(query.anim_time*240)*4)+5", "(math.cos(query.anim_time*240-90)*3)", 0]
				},
				"neck": {
					"rotation": ["(math.cos(query.anim_time*240-90)*8)+5", 0, 0]
				},
				"head": {
					"rotation": ["-(math.cos(query.anim_time*240-45)*16)", 0, 0]
				},
				"left_arm": {
					"rotation": ["(math.cos(query.anim_time*240-120)*8)+22.5", 0, 0]
				},
				"right_arm": {
					"rotation": ["(math.cos(query.anim_time*240-120)*8)+22.5", 0, 0]
				},
				"tail1": {
					"rotation": ["(math.cos(query.anim_time*240-45)*8)", "(math.cos(query.anim_time*240)*8)", 0]
				},
				"tail2": {
					"rotation": ["(math.cos(query.anim_time*240-90)*8)", "(math.cos(query.anim_time*240-90)*8)", 0]
				},
				"tail3": {
					"rotation": ["(math.cos(query.anim_time*240-90)*8)", "(math.cos(query.anim_time*240-180)*8)", 0]
				}
			}
		},
		"animation.dvaarak.faint": {
			"loop": true,
			"bones": {
				"body": {
					"rotation": ["(math.cos(query.anim_time*240)*4)+5", "(math.cos(query.anim_time*240-90)*3)", 0]
				},
				"neck": {
					"rotation": ["(math.cos(query.anim_time*240-90)*8)+5", 0, 0]
				},
				"head": {
					"rotation": ["-(math.cos(query.anim_time*240-45)*16)", 0, 0]
				},
				"left_arm": {
					"rotation": ["(math.cos(query.anim_time*240-120)*8)+22.5", 0, 0]
				},
				"right_arm": {
					"rotation": ["(math.cos(query.anim_time*240-120)*8)+22.5", 0, 0]
				},
				"tail1": {
					"rotation": ["(math.cos(query.anim_time*240-45)*8)", "(math.cos(query.anim_time*240)*8)", 0]
				},
				"tail2": {
					"rotation": ["(math.cos(query.anim_time*240-90)*8)", "(math.cos(query.anim_time*240-90)*8)", 0]
				},
				"tail3": {
					"rotation": ["(math.cos(query.anim_time*240-90)*8)", "(math.cos(query.anim_time*240-180)*8)", 0]
				}
			}
		},
		"animation.dvaarak.ground_walk": {
			"loop": true,
			"bones": {
				"body": {
					"rotation": ["(math.cos(query.anim_time*240)*4)+5", "(math.cos(query.anim_time*240-90)*3)", "-(math.cos(query.anim_time*240-90)*12)"],
					"position": [0, "(math.cos(query.anim_time*480-180)*1)+1", 0]
				},
				"left_arm": {
					"rotation": ["-(math.cos(query.anim_time*240-120)*16)+22.5", 0, 0]
				},
				"right_arm": {
					"rotation": ["(math.cos(query.anim_time*240-120)*16)+22.5", 0, 0]
				},
				"tail1": {
					"rotation": ["(math.cos(query.anim_time*240-45)*8)", "(math.cos(query.anim_time*240)*8)", 0]
				},
				"tail2": {
					"rotation": ["(math.cos(query.anim_time*240-90)*8)", "(math.cos(query.anim_time*240-90)*8)", 0]
				},
				"tail3": {
					"rotation": ["(math.cos(query.anim_time*240-90)*8)", "(math.cos(query.anim_time*240-180)*8)", 0]
				},
				"neck": {
					"rotation": ["(math.cos(query.anim_time*240-90)*16)+5", 0, 0]
				},
				"head": {
					"rotation": ["-(math.cos(query.anim_time*240-45)*16)", 0, 0]
				},
				"left_ear": {
					"rotation": ["(math.cos(query.anim_time*240-90)*4)", 0, 0]
				},
				"right_ear": {
					"rotation": ["-(math.cos(query.anim_time*240-90)*4)", 0, 0]
				},
				"left_leg": {
					"rotation": ["(math.cos(query.anim_time*240)*32)", 0, "-(math.cos(query.anim_time*240-90)*12)"],
					"position": [0, "(math.cos(query.anim_time*240-90)*1)+1", 0]
				},
				"right_leg": {
					"rotation": ["-(math.cos(query.anim_time*240)*32)", 0, "(math.cos(query.anim_time*240-90)*12)"],
					"position": [0, "-(math.cos(query.anim_time*240-90)*1)+1", 0]
				}
			}
		}
	},
	"geckolib_format_version": 2
}