{
	"format_version": "1.8.0",
	"animations": {
		"animation.wartortle_ehgo.ground_idle": {
			"loop": true,
			"bones": {
				"cloud": {
					"rotation": [0, 0, 0],
					"position": [0, "0.05*(math.sin(q.anim_time*90*4)*1)", 0]
				},
				"arm_left": {
					"rotation": [0, 12.5, "45-5*(math.sin(q.anim_time*90*4)*1+1)"]
				},
				"arm_right": {
					"rotation": [0, -12.5, "-45+5*(math.sin(q.anim_time*90*4)*1+1)"]
				},
				"leg_left": {
					"position": [0, 0, -0.5]
				},
				"leg_right": {
					"position": [0, 0, -0.5]
				},
				"head_angle": {
					"rotation": [-5, 0, 0]
				},
				"ear_right": {
					"rotation": [0, "-math.sin(q.anim_time*90*4)*2", 0]
				},
				"ear_left": {
					"rotation": [0, "math.sin(q.anim_time*90*4)*2", 0]
				},
				"torso": {
					"rotation": [5, 0, 0],
					"position": [0, "-0.15*(math.sin(q.anim_time*90*4-90)*1+1)", 0]
				},
				"wartortle": {
					"position": [0, "0.5*(math.sin(q.anim_time*45*4-90)*2+1)", 0]
				}
			}
		},
		"animation.wartortle_ehgo.blink": {
			"animation_length": 1.95833,
			"bones": {
				"eyelid_right": {
					"position": {
						"0.0": [0, 0, -0.1],
						"0.125": [0, 0, -0.1],
						"0.1667": [0, 0, 0]
					}
				},
				"eyelid_left": {
					"position": {
						"0.0": [0, 0, -0.1],
						"0.125": [0, 0, -0.1],
						"0.1667": [0, 0, 0]
					}
				},
				"body": {
					"position": [0, "0.5*(math.sin(q.anim_time*45*4-90)*1+1)", 0]
				}
			}
		}
	}
}